2026-06-12 14:19:46.402 | INFO | [APP STARTUP] Bouncy Castle provider inserted
2026-06-12 14:20:17.750 | INFO | [APP STARTUP] Bouncy Castle provider inserted
2026-06-12 14:21:09.986 | INFO | [APP STARTUP] Bouncy Castle provider inserted
2026-06-12 14:22:17.404 | INFO | [APP STARTUP] Bouncy Castle provider inserted
2026-06-12 14:24:25.757 | INFO | [APP STARTUP] Bouncy Castle provider inserted
2026-06-12 14:27:08.273 | INFO | [APP STARTUP] Bouncy Castle provider inserted
2026-06-12 14:27:11.157 | INFO | [BAMOE-CAMEL-DB2-CONNECTOR-CONFIG] Registering caseDb2DataSource bean | Server=vmdevtestdboltp02 | Port=60026 | Database=CSE1DV01 | SSL=false
2026-06-12 14:27:11.334 | INFO | [BAMOE-CAMEL-DB2-CONNECTOR-CONFIG] caseDb2DataSource bean registered successfully
2026-06-12 14:27:11.367 | INFO | [BAMOE-CAMEL-DB2-CONNECTOR] CamelDb2Connector initialized | DataSource=caseDb2DataSource
2026-06-12 14:27:11.372 | INFO | [BAMOE-CAMEL-QUERY-REGISTRY] Query loaded | QueryId=caseTeam
2026-06-12 14:27:11.372 | INFO | [BAMOE-CAMEL-QUERY-REGISTRY] Query loaded | QueryId=caseLookup
2026-06-12 14:27:11.372 | INFO | [BAMOE-CAMEL-QUERY-REGISTRY] Query registry initialized | Source=query-registry.properties | AvailableQueryIds=[caseTeam, caseLookup]
2026-06-12 14:27:12.570 | INFO | [BAMOE-CONNECTION-TESTER] ========================================
2026-06-12 14:27:12.571 | INFO | [BAMOE-CONNECTION-TESTER] Running startup connection tests...
2026-06-12 14:27:12.571 | INFO | [BAMOE-CONNECTION-TESTER] ========================================
2026-06-12 14:27:12.571 | INFO | [BAMOE-CONNECTION-TESTER] [DB2] Testing DB2 connection...
2026-06-12 14:27:13.079 | INFO | [BAMOE-CONNECTION-TESTER] [DB2] Connection opened successfully
2026-06-12 14:27:13.094 | INFO | [BAMOE-CONNECTION-TESTER] [DB2] - DB2 CONNECTION SUCCESS | Ping query returned: 1 | DB2 is reachable and responding
2026-06-12 14:27:13.096 | INFO | [BAMOE-CONNECTION-TESTER] [KAFKA] Testing Kafka connection... | Broker=10.200.64.8:9092
2026-06-12 14:27:13.785 | INFO | [BAMOE-CONNECTION-TESTER] [KAFKA] - KAFKA BROKER CONNECTION SUCCESS | Broker=10.200.64.8:9092 | Total topics on broker=9
2026-06-12 14:27:13.786 | INFO | [BAMOE-CONNECTION-TESTER] [KAFKA] - Topic EXISTS | Topic=bamoe-event-publish
2026-06-12 14:27:13.786 | INFO | [BAMOE-CONNECTION-TESTER] [KAFKA] - Topic EXISTS | Topic=orch-engine-error-log
2026-06-12 14:27:13.792 | INFO | [BAMOE-CONNECTION-TESTER] ========================================
2026-06-12 14:27:13.792 | INFO | [BAMOE-CONNECTION-TESTER] Connection tests completed.
2026-06-12 14:27:13.792 | INFO | [BAMOE-CONNECTION-TESTER] ========================================
2026-06-12 14:27:13.793 | INFO | [APP READY] Application started - BAMOE Camel route active
2026-06-12 14:27:13.793 | INFO | [APP READY] Listening for BAMOE requests on: POST http://vmdevtestrhelaro01.dcss.gov:8080/bamoe/execute-query
2026-06-12 14:28:01.516 | INFO | [BAMOE-CAMEL-DB2] STEP 1 - HTTP POST Request Received from BAMOE | Body={
  "queryId": "caseLookup",
  "params": {
    "caseId": "200000000484072"
  }
}
2026-06-12 14:28:01.517 | INFO | [BAMOE-CAMEL-DB2] STEP 1 - Parsed successfully | queryId=caseLookup | caseId=200000000484072
2026-06-12 14:28:01.882 | INFO | [BAMOE-CAMEL-DB2] STEP 2 - Kafka REQUEST event published | Topic=bamoe-event-publish | queryId=caseLookup | caseId=200000000484072
2026-06-12 14:28:01.882 | INFO | [BAMOE-CAMEL-DB2] STEP 3 - Calling CamelDb2Connector | queryId=caseLookup | caseId=200000000484072
2026-06-12 14:28:01.883 | INFO | [BAMOE-CAMEL-DB2-CONNECTOR] Opening DB2 connection | caseId=200000000484072 | Query=SELECT cs.CASE_EXTID, pnm.FIRST_NM, pnm.LAST_NM, csp.ROLE_CD FROM CASE cs JOIN CASE_PARTICIPANT csp ON cs.CASE_ID = csp.CASE_ID JOIN PARTICIPANT_NAME pnm ON csp.PRTCP_ID = pnm.PRTCP_ID WHERE csp.ROLE_CD IN ('CUS', 'NCP') AND csp.STAT_CD = 'ACT' AND cs.CASE_EXTID = ? FETCH FIRST 100 ROWS ONLY
2026-06-12 14:28:02.139 | INFO | [BAMOE-CAMEL-DB2-CONNECTOR] DB2 connection acquired | caseId=200000000484072 | AutoCommit=true
2026-06-12 14:28:02.140 | INFO | [BAMOE-CAMEL-DB2-CONNECTOR] Executing DB2 query | caseId=200000000484072 | SQL=SELECT cs.CASE_EXTID, pnm.FIRST_NM, pnm.LAST_NM, csp.ROLE_CD FROM CASE cs JOIN CASE_PARTICIPANT csp ON cs.CASE_ID = csp.CASE_ID JOIN PARTICIPANT_NAME pnm ON csp.PRTCP_ID = pnm.PRTCP_ID WHERE csp.ROLE_CD IN ('CUS', 'NCP') AND csp.STAT_CD = 'ACT' AND cs.CASE_EXTID = ? FETCH FIRST 100 ROWS ONLY
2026-06-12 14:28:02.172 | INFO | [BAMOE-CAMEL-DB2-CONNECTOR] Row mapped | caseId=200000000484072 | Row={CASE_EXTID=200000000484072, FIRST_NM=HELENE, LAST_NM=GLENN, ROLE_CD=CUS}
2026-06-12 14:28:02.172 | INFO | [BAMOE-CAMEL-DB2-CONNECTOR] Row mapped | caseId=200000000484072 | Row={CASE_EXTID=200000000484072, FIRST_NM=HAYDEN, LAST_NM=SHERRELL, ROLE_CD=NCP}
2026-06-12 14:28:02.177 | INFO | [BAMOE-CAMEL-DB2-CONNECTOR] DB2 query successful | caseId=200000000484072 | RowsReturned=2 | DurationMs=292 | Columns=[CASE_EXTID, FIRST_NM, LAST_NM, ROLE_CD]
2026-06-12 14:28:02.177 | INFO | [BAMOE-CAMEL-DB2-CONNECTOR] DB2 connection closed | caseId=200000000484072
2026-06-12 14:28:02.179 | INFO | [BAMOE-CAMEL-DB2] STEP 3 - DB2 data received | queryId=caseLookup | caseId=200000000484072 | RowsReturned=2
2026-06-12 14:28:02.182 | INFO | [BAMOE-CAMEL-DB2] STEP 4 - JSON Response built and sent to BAMOE | queryId=caseLookup | caseId=200000000484072 | TotalRecords=2
2026-06-12 14:28:02.188 | INFO | [BAMOE-CAMEL-DB2] STEP 5 - Published SUCCESS event to Kafka | Topic=bamoe-event-publish | queryId=caseLookup | caseId=200000000484072 | DurationMs=666
2026-06-12 14:28:02.188 | INFO | [BAMOE-CAMEL-DB2] ROUTE COMPLETE | queryId=caseLookup | caseId=200000000484072 | DurationMs=666
2026-06-12 14:28:40.075 | INFO | [BAMOE-CAMEL-DB2] STEP 1 - HTTP POST Request Received from BAMOE | Body={"queryId":"caseLookup","params":{"caseId":"200000000484072"}}
2026-06-12 14:28:40.076 | INFO | [BAMOE-CAMEL-DB2] STEP 1 - Parsed successfully | queryId=caseLookup | caseId=200000000484072
2026-06-12 14:28:40.082 | INFO | [BAMOE-CAMEL-DB2] STEP 2 - Kafka REQUEST event published | Topic=bamoe-event-publish | queryId=caseLookup | caseId=200000000484072
2026-06-12 14:28:40.082 | INFO | [BAMOE-CAMEL-DB2] STEP 3 - Calling CamelDb2Connector | queryId=caseLookup | caseId=200000000484072
2026-06-12 14:28:40.082 | INFO | [BAMOE-CAMEL-DB2-CONNECTOR] Opening DB2 connection | caseId=200000000484072 | Query=SELECT cs.CASE_EXTID, pnm.FIRST_NM, pnm.LAST_NM, csp.ROLE_CD FROM CASE cs JOIN CASE_PARTICIPANT csp ON cs.CASE_ID = csp.CASE_ID JOIN PARTICIPANT_NAME pnm ON csp.PRTCP_ID = pnm.PRTCP_ID WHERE csp.ROLE_CD IN ('CUS', 'NCP') AND csp.STAT_CD = 'ACT' AND cs.CASE_EXTID = ? FETCH FIRST 100 ROWS ONLY
2026-06-12 14:28:40.355 | INFO | [BAMOE-CAMEL-DB2-CONNECTOR] DB2 connection acquired | caseId=200000000484072 | AutoCommit=true
2026-06-12 14:28:40.356 | INFO | [BAMOE-CAMEL-DB2-CONNECTOR] Executing DB2 query | caseId=200000000484072 | SQL=SELECT cs.CASE_EXTID, pnm.FIRST_NM, pnm.LAST_NM, csp.ROLE_CD FROM CASE cs JOIN CASE_PARTICIPANT csp ON cs.CASE_ID = csp.CASE_ID JOIN PARTICIPANT_NAME pnm ON csp.PRTCP_ID = pnm.PRTCP_ID WHERE csp.ROLE_CD IN ('CUS', 'NCP') AND csp.STAT_CD = 'ACT' AND cs.CASE_EXTID = ? FETCH FIRST 100 ROWS ONLY
2026-06-12 14:28:40.360 | INFO | [BAMOE-CAMEL-DB2-CONNECTOR] Row mapped | caseId=200000000484072 | Row={CASE_EXTID=200000000484072, FIRST_NM=HELENE, LAST_NM=GLENN, ROLE_CD=CUS}
2026-06-12 14:28:40.360 | INFO | [BAMOE-CAMEL-DB2-CONNECTOR] Row mapped | caseId=200000000484072 | Row={CASE_EXTID=200000000484072, FIRST_NM=HAYDEN, LAST_NM=SHERRELL, ROLE_CD=NCP}
2026-06-12 14:28:40.362 | INFO | [BAMOE-CAMEL-DB2-CONNECTOR] DB2 query successful | caseId=200000000484072 | RowsReturned=2 | DurationMs=280 | Columns=[CASE_EXTID, FIRST_NM, LAST_NM, ROLE_CD]
2026-06-12 14:28:40.362 | INFO | [BAMOE-CAMEL-DB2-CONNECTOR] DB2 connection closed | caseId=200000000484072
2026-06-12 14:28:40.362 | INFO | [BAMOE-CAMEL-DB2] STEP 3 - DB2 data received | queryId=caseLookup | caseId=200000000484072 | RowsReturned=2
2026-06-12 14:28:40.362 | INFO | [BAMOE-CAMEL-DB2] STEP 4 - JSON Response built and sent to BAMOE | queryId=caseLookup | caseId=200000000484072 | TotalRecords=2
2026-06-12 14:28:40.366 | INFO | [BAMOE-CAMEL-DB2] STEP 5 - Published SUCCESS event to Kafka | Topic=bamoe-event-publish | queryId=caseLookup | caseId=200000000484072 | DurationMs=287
2026-06-12 14:28:40.366 | INFO | [BAMOE-CAMEL-DB2] ROUTE COMPLETE | queryId=caseLookup | caseId=200000000484072 | DurationMs=287
2026-06-12 14:38:33.309 | INFO | [BAMOE-CAMEL-DB2] STEP 1 - HTTP POST Request Received from BAMOE | Body={
  "queryId": "caseLookup",
  "params": {
    "caseId": "200000000483811"
  }
}
2026-06-12 14:38:33.309 | INFO | [BAMOE-CAMEL-DB2] STEP 1 - Parsed successfully | queryId=caseLookup | caseId=200000000483811
2026-06-12 14:38:33.313 | INFO | [BAMOE-CAMEL-DB2] STEP 2 - Kafka REQUEST event published | Topic=bamoe-event-publish | queryId=caseLookup | caseId=200000000483811
2026-06-12 14:38:33.313 | INFO | [BAMOE-CAMEL-DB2] STEP 3 - Calling CamelDb2Connector | queryId=caseLookup | caseId=200000000483811
2026-06-12 14:38:33.313 | INFO | [BAMOE-CAMEL-DB2-CONNECTOR] Opening DB2 connection | caseId=200000000483811 | Query=SELECT cs.CASE_EXTID, pnm.FIRST_NM, pnm.LAST_NM, csp.ROLE_CD FROM CASE cs JOIN CASE_PARTICIPANT csp ON cs.CASE_ID = csp.CASE_ID JOIN PARTICIPANT_NAME pnm ON csp.PRTCP_ID = pnm.PRTCP_ID WHERE csp.ROLE_CD IN ('CUS', 'NCP') AND csp.STAT_CD = 'ACT' AND cs.CASE_EXTID = ? FETCH FIRST 100 ROWS ONLY
2026-06-12 14:38:33.587 | INFO | [BAMOE-CAMEL-DB2-CONNECTOR] DB2 connection acquired | caseId=200000000483811 | AutoCommit=true
2026-06-12 14:38:33.588 | INFO | [BAMOE-CAMEL-DB2-CONNECTOR] Executing DB2 query | caseId=200000000483811 | SQL=SELECT cs.CASE_EXTID, pnm.FIRST_NM, pnm.LAST_NM, csp.ROLE_CD FROM CASE cs JOIN CASE_PARTICIPANT csp ON cs.CASE_ID = csp.CASE_ID JOIN PARTICIPANT_NAME pnm ON csp.PRTCP_ID = pnm.PRTCP_ID WHERE csp.ROLE_CD IN ('CUS', 'NCP') AND csp.STAT_CD = 'ACT' AND cs.CASE_EXTID = ? FETCH FIRST 100 ROWS ONLY
2026-06-12 14:38:33.592 | INFO | [BAMOE-CAMEL-DB2-CONNECTOR] Row mapped | caseId=200000000483811 | Row={CASE_EXTID=200000000483811, FIRST_NM=WILBURN, LAST_NM=CISCO, ROLE_CD=NCP}
2026-06-12 14:38:33.592 | INFO | [BAMOE-CAMEL-DB2-CONNECTOR] Row mapped | caseId=200000000483811 | Row={CASE_EXTID=200000000483811, FIRST_NM=REMEDIOS, LAST_NM=QUESENBERRY, ROLE_CD=CUS}
2026-06-12 14:38:33.593 | INFO | [BAMOE-CAMEL-DB2-CONNECTOR] DB2 query successful | caseId=200000000483811 | RowsReturned=2 | DurationMs=280 | Columns=[CASE_EXTID, FIRST_NM, LAST_NM, ROLE_CD]
2026-06-12 14:38:33.594 | INFO | [BAMOE-CAMEL-DB2-CONNECTOR] DB2 connection closed | caseId=200000000483811
2026-06-12 14:38:33.594 | INFO | [BAMOE-CAMEL-DB2] STEP 3 - DB2 data received | queryId=caseLookup | caseId=200000000483811 | RowsReturned=2
2026-06-12 14:38:33.594 | INFO | [BAMOE-CAMEL-DB2] STEP 4 - JSON Response built and sent to BAMOE | queryId=caseLookup | caseId=200000000483811 | TotalRecords=2
2026-06-12 14:38:33.598 | INFO | [BAMOE-CAMEL-DB2] STEP 5 - Published SUCCESS event to Kafka | Topic=bamoe-event-publish | queryId=caseLookup | caseId=200000000483811 | DurationMs=285
2026-06-12 14:38:33.598 | INFO | [BAMOE-CAMEL-DB2] ROUTE COMPLETE | queryId=caseLookup | caseId=200000000483811 | DurationMs=285
2026-06-18 11:12:05.452 | INFO | [APP STARTUP] Bouncy Castle provider inserted
2026-06-18 11:12:09.493 | INFO | [BAMOE-CAMEL-DB2-CONNECTOR-CONFIG] Registering caseDb2DataSource bean | Server=vmdevtestdboltp02 | Port=60026 | Database=CSE1DV01 | SSL=false
2026-06-18 11:12:09.723 | INFO | [BAMOE-CAMEL-DB2-CONNECTOR-CONFIG] caseDb2DataSource bean registered successfully
2026-06-18 11:12:09.800 | INFO | [BAMOE-CAMEL-DB2-CONNECTOR] CamelDb2Connector initialized | DataSource=caseDb2DataSource
2026-06-18 11:12:09.816 | INFO | [BAMOE-CAMEL-QUERY-REGISTRY] Query loaded | QueryId=caseTeam
2026-06-18 11:12:09.818 | INFO | [BAMOE-CAMEL-QUERY-REGISTRY] Query loaded | QueryId=caseLookup
2026-06-18 11:12:09.819 | INFO | [BAMOE-CAMEL-QUERY-REGISTRY] Query registry initialized | Source=query-registry.properties | AvailableQueryIds=[caseTeam, caseLookup]
2026-06-18 11:12:11.734 | INFO | [BAMOE-CONNECTION-TESTER] ========================================
2026-06-18 11:12:11.736 | INFO | [BAMOE-CONNECTION-TESTER] Running startup connection tests...
2026-06-18 11:12:11.740 | INFO | [BAMOE-CONNECTION-TESTER] ========================================
2026-06-18 11:12:11.747 | INFO | [BAMOE-CONNECTION-TESTER] [DB2] Testing DB2 connection...
2026-06-18 11:12:12.732 | INFO | [BAMOE-CONNECTION-TESTER] [DB2] Connection opened successfully
2026-06-18 11:12:12.843 | INFO | [BAMOE-CONNECTION-TESTER] [DB2] - DB2 CONNECTION SUCCESS | Ping query returned: 1 | DB2 is reachable and responding
2026-06-18 11:12:12.934 | INFO | [BAMOE-CONNECTION-TESTER] [KAFKA] Testing Kafka connection... | Broker=10.200.64.8:9092
2026-06-18 11:12:18.114 | ERROR | [BAMOE-CONNECTION-TESTER] [KAFKA] - KAFKA BROKER CONNECTION FAILED | Broker=10.200.64.8:9092 | Reason=org.apache.kafka.common.errors.TimeoutException: Timed out waiting for a node assignment. Call: listTopics | Check: broker IP and port in application.properties
2026-06-18 11:12:18.115 | INFO | [BAMOE-CONNECTION-TESTER] ========================================
2026-06-18 11:12:18.117 | INFO | [BAMOE-CONNECTION-TESTER] Connection tests completed.
2026-06-18 11:12:18.118 | INFO | [BAMOE-CONNECTION-TESTER] ========================================
2026-06-18 11:12:18.121 | INFO | [APP READY] Application started - BAMOE Camel route active
2026-06-18 11:12:18.122 | INFO | [APP READY] Listening for BAMOE requests on: POST http://vmdevtestrhelaro01.dcss.gov:8080/bamoe/execute-query
2026-06-18 11:28:28.059 | INFO | [BAMOE-CAMEL-DB2] STEP 1 - HTTP POST Request Received from BAMOE | Body={
  "queryId": "caseLookup",
  "params": {
    "caseId": "200000000483855"
  }
}
2026-06-18 11:28:28.069 | INFO | [BAMOE-CAMEL-DB2] STEP 1 - Parsed successfully | queryId=caseLookup | caseId=200000000483855
2026-06-18 11:29:28.667 | ERROR | [BAMOE-CAMEL-DB2] Failed to publish to Kafka | Topic=bamoe-event-publish | Reason=Exception occurred during execution on the exchange: Exchange[]
2026-06-18 11:29:28.669 | INFO | [BAMOE-CAMEL-DB2] STEP 2 - Kafka REQUEST event published | Topic=bamoe-event-publish | queryId=caseLookup | caseId=200000000483855
2026-06-18 11:29:28.670 | INFO | [BAMOE-CAMEL-DB2] STEP 3 - Calling CamelDb2Connector | queryId=caseLookup | caseId=200000000483855
2026-06-18 11:29:28.672 | INFO | [BAMOE-CAMEL-DB2-CONNECTOR] Opening DB2 connection | caseId=200000000483855 | Query=SELECT cs.CASE_EXTID, pnm.FIRST_NM, pnm.LAST_NM, csp.ROLE_CD FROM CASE cs JOIN CASE_PARTICIPANT csp ON cs.CASE_ID = csp.CASE_ID JOIN PARTICIPANT_NAME pnm ON csp.PRTCP_ID = pnm.PRTCP_ID WHERE csp.ROLE_CD IN ('CUS', 'NCP') AND csp.STAT_CD = 'ACT' AND cs.CASE_EXTID = ? FETCH FIRST 100 ROWS ONLY
2026-06-18 11:29:29.210 | INFO | [BAMOE-CAMEL-DB2-CONNECTOR] DB2 connection acquired | caseId=200000000483855 | AutoCommit=true
2026-06-18 11:29:29.212 | INFO | [BAMOE-CAMEL-DB2-CONNECTOR] Executing DB2 query | caseId=200000000483855 | SQL=SELECT cs.CASE_EXTID, pnm.FIRST_NM, pnm.LAST_NM, csp.ROLE_CD FROM CASE cs JOIN CASE_PARTICIPANT csp ON cs.CASE_ID = csp.CASE_ID JOIN PARTICIPANT_NAME pnm ON csp.PRTCP_ID = pnm.PRTCP_ID WHERE csp.ROLE_CD IN ('CUS', 'NCP') AND csp.STAT_CD = 'ACT' AND cs.CASE_EXTID = ? FETCH FIRST 100 ROWS ONLY
2026-06-18 11:29:29.317 | INFO | [BAMOE-CAMEL-DB2-CONNECTOR] Row mapped | caseId=200000000483855 | Row={CASE_EXTID=200000000483855, FIRST_NM=STOKELY, LAST_NM=ADDINGTON, ROLE_CD=NCP}
2026-06-18 11:29:29.319 | INFO | [BAMOE-CAMEL-DB2-CONNECTOR] Row mapped | caseId=200000000483855 | Row={CASE_EXTID=200000000483855, FIRST_NM=WEITZ, LAST_NM=ADDINGTON, ROLE_CD=NCP}
2026-06-18 11:29:29.321 | INFO | [BAMOE-CAMEL-DB2-CONNECTOR] Row mapped | caseId=200000000483855 | Row={CASE_EXTID=200000000483855, FIRST_NM=TERISA, LAST_NM=ADDINGTON, ROLE_CD=CUS}
2026-06-18 11:29:29.323 | INFO | [BAMOE-CAMEL-DB2-CONNECTOR] Row mapped | caseId=200000000483855 | Row={CASE_EXTID=200000000483855, FIRST_NM=TERISA, LAST_NM=DAVIS, ROLE_CD=CUS}
2026-06-18 11:29:29.326 | INFO | [BAMOE-CAMEL-DB2-CONNECTOR] Row mapped | caseId=200000000483855 | Row={CASE_EXTID=200000000483855, FIRST_NM=TERISA, LAST_NM=RABER, ROLE_CD=CUS}
2026-06-18 11:29:29.420 | INFO | [BAMOE-CAMEL-DB2-CONNECTOR] DB2 query successful | caseId=200000000483855 | RowsReturned=5 | DurationMs=743 | Columns=[CASE_EXTID, FIRST_NM, LAST_NM, ROLE_CD]
2026-06-18 11:29:29.423 | INFO | [BAMOE-CAMEL-DB2-CONNECTOR] DB2 connection closed | caseId=200000000483855
2026-06-18 11:29:29.427 | INFO | [BAMOE-CAMEL-DB2] STEP 3 - DB2 data received | queryId=caseLookup | caseId=200000000483855 | RowsReturned=5
2026-06-18 11:29:29.432 | INFO | [BAMOE-CAMEL-DB2] STEP 4 - JSON Response built and sent to BAMOE | queryId=caseLookup | caseId=200000000483855 | TotalRecords=5
2026-06-18 11:30:29.437 | ERROR | [BAMOE-CAMEL-DB2] Failed to publish to Kafka | Topic=bamoe-event-publish | Reason=Exception occurred during execution on the exchange: Exchange[]
2026-06-18 11:30:29.449 | INFO | [BAMOE-CAMEL-DB2] STEP 5 - Published SUCCESS event to Kafka | Topic=bamoe-event-publish | queryId=caseLookup | caseId=200000000483855 | DurationMs=61375
2026-06-18 11:30:29.450 | INFO | [BAMOE-CAMEL-DB2] ROUTE COMPLETE | queryId=caseLookup | caseId=200000000483855 | DurationMs=61375
2026-06-18 11:44:02.911 | INFO | [BAMOE-CAMEL-DB2] STEP 1 - HTTP POST Request Received from BAMOE | Body={"queryId":"caseLookup","params":{"caseId":"200000000483855"}}
2026-06-18 11:44:02.918 | INFO | [BAMOE-CAMEL-DB2] STEP 1 - Parsed successfully | queryId=caseLookup | caseId=200000000483855
2026-06-18 11:45:02.929 | ERROR | [BAMOE-CAMEL-DB2] Failed to publish to Kafka | Topic=bamoe-event-publish | Reason=Exception occurred during execution on the exchange: Exchange[]
2026-06-18 11:45:02.931 | INFO | [BAMOE-CAMEL-DB2] STEP 2 - Kafka REQUEST event published | Topic=bamoe-event-publish | queryId=caseLookup | caseId=200000000483855
2026-06-18 11:45:02.933 | INFO | [BAMOE-CAMEL-DB2] STEP 3 - Calling CamelDb2Connector | queryId=caseLookup | caseId=200000000483855
2026-06-18 11:45:02.933 | INFO | [BAMOE-CAMEL-DB2-CONNECTOR] Opening DB2 connection | caseId=200000000483855 | Query=SELECT cs.CASE_EXTID, pnm.FIRST_NM, pnm.LAST_NM, csp.ROLE_CD FROM CASE cs JOIN CASE_PARTICIPANT csp ON cs.CASE_ID = csp.CASE_ID JOIN PARTICIPANT_NAME pnm ON csp.PRTCP_ID = pnm.PRTCP_ID WHERE csp.ROLE_CD IN ('CUS', 'NCP') AND csp.STAT_CD = 'ACT' AND cs.CASE_EXTID = ? FETCH FIRST 100 ROWS ONLY
2026-06-18 11:45:03.487 | INFO | [BAMOE-CAMEL-DB2-CONNECTOR] DB2 connection acquired | caseId=200000000483855 | AutoCommit=true
2026-06-18 11:45:03.491 | INFO | [BAMOE-CAMEL-DB2-CONNECTOR] Executing DB2 query | caseId=200000000483855 | SQL=SELECT cs.CASE_EXTID, pnm.FIRST_NM, pnm.LAST_NM, csp.ROLE_CD FROM CASE cs JOIN CASE_PARTICIPANT csp ON cs.CASE_ID = csp.CASE_ID JOIN PARTICIPANT_NAME pnm ON csp.PRTCP_ID = pnm.PRTCP_ID WHERE csp.ROLE_CD IN ('CUS', 'NCP') AND csp.STAT_CD = 'ACT' AND cs.CASE_EXTID = ? FETCH FIRST 100 ROWS ONLY
2026-06-18 11:45:03.592 | INFO | [BAMOE-CAMEL-DB2-CONNECTOR] Row mapped | caseId=200000000483855 | Row={CASE_EXTID=200000000483855, FIRST_NM=STOKELY, LAST_NM=ADDINGTON, ROLE_CD=NCP}
2026-06-18 11:45:03.594 | INFO | [BAMOE-CAMEL-DB2-CONNECTOR] Row mapped | caseId=200000000483855 | Row={CASE_EXTID=200000000483855, FIRST_NM=WEITZ, LAST_NM=ADDINGTON, ROLE_CD=NCP}
2026-06-18 11:45:03.596 | INFO | [BAMOE-CAMEL-DB2-CONNECTOR] Row mapped | caseId=200000000483855 | Row={CASE_EXTID=200000000483855, FIRST_NM=TERISA, LAST_NM=ADDINGTON, ROLE_CD=CUS}
2026-06-18 11:45:03.598 | INFO | [BAMOE-CAMEL-DB2-CONNECTOR] Row mapped | caseId=200000000483855 | Row={CASE_EXTID=200000000483855, FIRST_NM=TERISA, LAST_NM=DAVIS, ROLE_CD=CUS}
2026-06-18 11:45:03.598 | INFO | [BAMOE-CAMEL-DB2-CONNECTOR] Row mapped | caseId=200000000483855 | Row={CASE_EXTID=200000000483855, FIRST_NM=TERISA, LAST_NM=RABER, ROLE_CD=CUS}
2026-06-18 11:45:03.698 | INFO | [BAMOE-CAMEL-DB2-CONNECTOR] DB2 query successful | caseId=200000000483855 | RowsReturned=5 | DurationMs=765 | Columns=[CASE_EXTID, FIRST_NM, LAST_NM, ROLE_CD]
2026-06-18 11:45:03.699 | INFO | [BAMOE-CAMEL-DB2-CONNECTOR] DB2 connection closed | caseId=200000000483855
2026-06-18 11:45:03.701 | INFO | [BAMOE-CAMEL-DB2] STEP 3 - DB2 data received | queryId=caseLookup | caseId=200000000483855 | RowsReturned=5
2026-06-18 11:45:03.703 | INFO | [BAMOE-CAMEL-DB2] STEP 4 - JSON Response built and sent to BAMOE | queryId=caseLookup | caseId=200000000483855 | TotalRecords=5
2026-06-18 11:46:03.712 | ERROR | [BAMOE-CAMEL-DB2] Failed to publish to Kafka | Topic=bamoe-event-publish | Reason=Exception occurred during execution on the exchange: Exchange[]
2026-06-18 11:46:03.714 | INFO | [BAMOE-CAMEL-DB2] STEP 5 - Published SUCCESS event to Kafka | Topic=bamoe-event-publish | queryId=caseLookup | caseId=200000000483855 | DurationMs=60792
2026-06-18 11:46:03.716 | INFO | [BAMOE-CAMEL-DB2] ROUTE COMPLETE | queryId=caseLookup | caseId=200000000483855 | DurationMs=60792
2026-06-18 11:46:47.895 | INFO | [BAMOE-CAMEL-DB2] STEP 1 - HTTP POST Request Received from BAMOE | Body={
  "queryId": "caseLookup",
  "params": {
    "caseId": "200000000483855"
  }
}
2026-06-18 11:46:47.896 | INFO | [BAMOE-CAMEL-DB2] STEP 1 - Parsed successfully | queryId=caseLookup | caseId=200000000483855
2026-06-18 11:47:47.904 | ERROR | [BAMOE-CAMEL-DB2] Failed to publish to Kafka | Topic=bamoe-event-publish | Reason=Exception occurred during execution on the exchange: Exchange[]
2026-06-18 11:47:47.906 | INFO | [BAMOE-CAMEL-DB2] STEP 2 - Kafka REQUEST event published | Topic=bamoe-event-publish | queryId=caseLookup | caseId=200000000483855
2026-06-18 11:47:47.907 | INFO | [BAMOE-CAMEL-DB2] STEP 3 - Calling CamelDb2Connector | queryId=caseLookup | caseId=200000000483855
2026-06-18 11:47:47.908 | INFO | [BAMOE-CAMEL-DB2-CONNECTOR] Opening DB2 connection | caseId=200000000483855 | Query=SELECT cs.CASE_EXTID, pnm.FIRST_NM, pnm.LAST_NM, csp.ROLE_CD FROM CASE cs JOIN CASE_PARTICIPANT csp ON cs.CASE_ID = csp.CASE_ID JOIN PARTICIPANT_NAME pnm ON csp.PRTCP_ID = pnm.PRTCP_ID WHERE csp.ROLE_CD IN ('CUS', 'NCP') AND csp.STAT_CD = 'ACT' AND cs.CASE_EXTID = ? FETCH FIRST 100 ROWS ONLY
2026-06-18 11:47:48.439 | INFO | [BAMOE-CAMEL-DB2-CONNECTOR] DB2 connection acquired | caseId=200000000483855 | AutoCommit=true
2026-06-18 11:47:48.442 | INFO | [BAMOE-CAMEL-DB2-CONNECTOR] Executing DB2 query | caseId=200000000483855 | SQL=SELECT cs.CASE_EXTID, pnm.FIRST_NM, pnm.LAST_NM, csp.ROLE_CD FROM CASE cs JOIN CASE_PARTICIPANT csp ON cs.CASE_ID = csp.CASE_ID JOIN PARTICIPANT_NAME pnm ON csp.PRTCP_ID = pnm.PRTCP_ID WHERE csp.ROLE_CD IN ('CUS', 'NCP') AND csp.STAT_CD = 'ACT' AND cs.CASE_EXTID = ? FETCH FIRST 100 ROWS ONLY
2026-06-18 11:47:48.544 | INFO | [BAMOE-CAMEL-DB2-CONNECTOR] Row mapped | caseId=200000000483855 | Row={CASE_EXTID=200000000483855, FIRST_NM=STOKELY, LAST_NM=ADDINGTON, ROLE_CD=NCP}
2026-06-18 11:47:48.546 | INFO | [BAMOE-CAMEL-DB2-CONNECTOR] Row mapped | caseId=200000000483855 | Row={CASE_EXTID=200000000483855, FIRST_NM=WEITZ, LAST_NM=ADDINGTON, ROLE_CD=NCP}
2026-06-18 11:47:48.547 | INFO | [BAMOE-CAMEL-DB2-CONNECTOR] Row mapped | caseId=200000000483855 | Row={CASE_EXTID=200000000483855, FIRST_NM=TERISA, LAST_NM=ADDINGTON, ROLE_CD=CUS}
2026-06-18 11:47:48.549 | INFO | [BAMOE-CAMEL-DB2-CONNECTOR] Row mapped | caseId=200000000483855 | Row={CASE_EXTID=200000000483855, FIRST_NM=TERISA, LAST_NM=DAVIS, ROLE_CD=CUS}
2026-06-18 11:47:48.551 | INFO | [BAMOE-CAMEL-DB2-CONNECTOR] Row mapped | caseId=200000000483855 | Row={CASE_EXTID=200000000483855, FIRST_NM=TERISA, LAST_NM=RABER, ROLE_CD=CUS}
2026-06-18 11:47:48.650 | INFO | [BAMOE-CAMEL-DB2-CONNECTOR] DB2 query successful | caseId=200000000483855 | RowsReturned=5 | DurationMs=742 | Columns=[CASE_EXTID, FIRST_NM, LAST_NM, ROLE_CD]
2026-06-18 11:47:48.652 | INFO | [BAMOE-CAMEL-DB2-CONNECTOR] DB2 connection closed | caseId=200000000483855
2026-06-18 11:47:48.653 | INFO | [BAMOE-CAMEL-DB2] STEP 3 - DB2 data received | queryId=caseLookup | caseId=200000000483855 | RowsReturned=5
2026-06-18 11:47:48.654 | INFO | [BAMOE-CAMEL-DB2] STEP 4 - JSON Response built and sent to BAMOE | queryId=caseLookup | caseId=200000000483855 | TotalRecords=5
2026-06-18 11:48:48.670 | ERROR | [BAMOE-CAMEL-DB2] Failed to publish to Kafka | Topic=bamoe-event-publish | Reason=Exception occurred during execution on the exchange: Exchange[]
2026-06-18 11:48:48.671 | INFO | [BAMOE-CAMEL-DB2] STEP 5 - Published SUCCESS event to Kafka | Topic=bamoe-event-publish | queryId=caseLookup | caseId=200000000483855 | DurationMs=60760
2026-06-18 11:48:48.672 | INFO | [BAMOE-CAMEL-DB2] ROUTE COMPLETE | queryId=caseLookup | caseId=200000000483855 | DurationMs=60760
2026-06-18 12:34:34.086 | INFO | [APP STARTUP] Bouncy Castle provider inserted
2026-06-18 12:34:39.073 | INFO | [BAMOE-CAMEL-DB2-CONNECTOR-CONFIG] Registering caseDb2DataSource bean | Server=vmdevtestdboltp02 | Port=60026 | Database=CSE1DV01 | SSL=false
2026-06-18 12:34:39.221 | INFO | [BAMOE-CAMEL-DB2-CONNECTOR-CONFIG] caseDb2DataSource bean registered successfully
2026-06-18 12:34:39.265 | INFO | [BAMOE-CAMEL-DB2-CONNECTOR] CamelDb2Connector initialized | DataSource=caseDb2DataSource
2026-06-18 12:34:39.274 | INFO | [BAMOE-CAMEL-QUERY-REGISTRY] Query loaded | QueryId=caseTeam
2026-06-18 12:34:39.274 | INFO | [BAMOE-CAMEL-QUERY-REGISTRY] Query loaded | QueryId=caseLookup
2026-06-18 12:34:39.276 | INFO | [BAMOE-CAMEL-QUERY-REGISTRY] Query registry initialized | Source=query-registry.properties | AvailableQueryIds=[caseTeam, caseLookup]
2026-06-18 12:34:40.625 | INFO | [BAMOE-CONNECTION-TESTER] ========================================
2026-06-18 12:34:40.627 | INFO | [BAMOE-CONNECTION-TESTER] Running startup connection tests...
2026-06-18 12:34:40.629 | INFO | [BAMOE-CONNECTION-TESTER] ========================================
2026-06-18 12:34:40.631 | INFO | [BAMOE-CONNECTION-TESTER] [DB2] Testing DB2 connection...
2026-06-18 12:34:41.528 | INFO | [BAMOE-CONNECTION-TESTER] [DB2] Connection opened successfully
2026-06-18 12:34:41.641 | INFO | [BAMOE-CONNECTION-TESTER] [DB2] - DB2 CONNECTION SUCCESS | Ping query returned: 1 | DB2 is reachable and responding
2026-06-18 12:34:41.741 | INFO | [BAMOE-CONNECTION-TESTER] [KAFKA] Testing Kafka connection... | Broker=10.200.64.8:9092
2026-06-18 12:34:46.904 | ERROR | [BAMOE-CONNECTION-TESTER] [KAFKA] - KAFKA BROKER CONNECTION FAILED | Broker=10.200.64.8:9092 | Reason=org.apache.kafka.common.errors.TimeoutException: Timed out waiting for a node assignment. Call: listTopics | Check: broker IP and port in application.properties
2026-06-18 12:34:46.905 | INFO | [BAMOE-CONNECTION-TESTER] ========================================
2026-06-18 12:34:46.906 | INFO | [BAMOE-CONNECTION-TESTER] Connection tests completed.
2026-06-18 12:34:46.908 | INFO | [BAMOE-CONNECTION-TESTER] ========================================
2026-06-18 12:34:46.910 | INFO | [APP READY] Application started - BAMOE Camel route active
2026-06-18 12:34:46.912 | INFO | [APP READY] Listening for BAMOE requests on: POST http://vmdevtestrhelaro01.dcss.gov:8080/bamoe/execute-query
2026-06-18 12:57:02.025 | INFO | [APP STARTUP] Bouncy Castle provider inserted
2026-06-18 12:57:07.402 | INFO | [BAMOE-CAMEL-DB2-CONNECTOR-CONFIG] Registering caseDb2DataSource bean | Server=vmdevtestdboltp02 | Port=60026 | Database=CSE1DV01 | SSL=false
2026-06-18 12:57:07.563 | INFO | [BAMOE-CAMEL-DB2-CONNECTOR-CONFIG] caseDb2DataSource bean registered successfully
2026-06-18 12:57:07.620 | INFO | [BAMOE-CAMEL-DB2-CONNECTOR] CamelDb2Connector initialized | DataSource=caseDb2DataSource
2026-06-18 12:57:07.631 | INFO | [BAMOE-CAMEL-QUERY-REGISTRY] Query loaded | QueryId=caseTeam
2026-06-18 12:57:07.631 | INFO | [BAMOE-CAMEL-QUERY-REGISTRY] Query loaded | QueryId=caseLookup
2026-06-18 12:57:07.633 | INFO | [BAMOE-CAMEL-QUERY-REGISTRY] Query registry initialized | Source=query-registry.properties | AvailableQueryIds=[caseTeam, caseLookup]
2026-06-18 12:57:09.073 | INFO | [BAMOE-CONNECTION-TESTER] ========================================
2026-06-18 12:57:09.077 | INFO | [BAMOE-CONNECTION-TESTER] Running startup connection tests...
2026-06-18 12:57:09.079 | INFO | [BAMOE-CONNECTION-TESTER] ========================================
2026-06-18 12:57:09.081 | INFO | [BAMOE-CONNECTION-TESTER] [DB2] Testing DB2 connection...
2026-06-18 12:57:09.939 | INFO | [BAMOE-CONNECTION-TESTER] [DB2] Connection opened successfully
2026-06-18 12:57:10.043 | INFO | [BAMOE-CONNECTION-TESTER] [DB2] - DB2 CONNECTION SUCCESS | Ping query returned: 1 | DB2 is reachable and responding
2026-06-18 12:57:10.138 | INFO | [BAMOE-CONNECTION-TESTER] [KAFKA] Testing Kafka connection... | Broker=10.200.64.8:9092
2026-06-18 12:57:15.304 | ERROR | [BAMOE-CONNECTION-TESTER] [KAFKA] - KAFKA BROKER CONNECTION FAILED | Broker=10.200.64.8:9092 | Reason=org.apache.kafka.common.errors.TimeoutException: Timed out waiting for a node assignment. Call: listTopics | Check: broker IP and port in application.properties
2026-06-18 12:57:15.306 | INFO | [BAMOE-CONNECTION-TESTER] ========================================
2026-06-18 12:57:15.307 | INFO | [BAMOE-CONNECTION-TESTER] Connection tests completed.
2026-06-18 12:57:15.309 | INFO | [BAMOE-CONNECTION-TESTER] ========================================
2026-06-18 12:57:15.312 | INFO | [APP READY] Application started - BAMOE Camel route active
2026-06-18 12:57:15.313 | INFO | [APP READY] Listening for BAMOE requests on: POST http://vmdevtestrhelaro01.dcss.gov:8080/bamoe/execute-query
2026-06-18 12:57:38.932 | INFO | [BAMOE-CAMEL-DB2] STEP 1 - HTTP POST Request Received from BAMOE | Body={
  "queryId": "caseLookup",
  "params": {
    "caseId": "200000000483855"
  }
}
2026-06-18 12:57:38.938 | INFO | [BAMOE-CAMEL-DB2] STEP 1 - Parsed successfully | queryId=caseLookup | caseId=200000000483855
2026-06-18 12:58:39.707 | ERROR | [BAMOE-CAMEL-DB2] Failed to publish to Kafka | Topic=bamoe-event-publish | Reason=Exception occurred during execution on the exchange: Exchange[]
2026-06-18 12:58:39.712 | INFO | [BAMOE-CAMEL-DB2] STEP 2 - Kafka REQUEST event published | Topic=bamoe-event-publish | queryId=caseLookup | caseId=200000000483855
2026-06-18 12:58:39.713 | INFO | [BAMOE-CAMEL-DB2] STEP 3 - Calling CamelDb2Connector | queryId=caseLookup | caseId=200000000483855
2026-06-18 12:58:39.716 | INFO | [BAMOE-CAMEL-DB2-CONNECTOR] Opening DB2 connection | caseId=200000000483855 | Query=SELECT cs.CASE_EXTID, pnm.FIRST_NM, pnm.LAST_NM, csp.ROLE_CD FROM CASE cs JOIN CASE_PARTICIPANT csp ON cs.CASE_ID = csp.CASE_ID JOIN PARTICIPANT_NAME pnm ON csp.PRTCP_ID = pnm.PRTCP_ID WHERE csp.ROLE_CD IN ('CUS', 'NCP') AND csp.STAT_CD = 'ACT' AND cs.CASE_EXTID = ? FETCH FIRST 100 ROWS ONLY
2026-06-18 12:58:40.251 | INFO | [BAMOE-CAMEL-DB2-CONNECTOR] DB2 connection acquired | caseId=200000000483855 | AutoCommit=true
2026-06-18 12:58:40.253 | INFO | [BAMOE-CAMEL-DB2-CONNECTOR] Executing DB2 query | caseId=200000000483855 | SQL=SELECT cs.CASE_EXTID, pnm.FIRST_NM, pnm.LAST_NM, csp.ROLE_CD FROM CASE cs JOIN CASE_PARTICIPANT csp ON cs.CASE_ID = csp.CASE_ID JOIN PARTICIPANT_NAME pnm ON csp.PRTCP_ID = pnm.PRTCP_ID WHERE csp.ROLE_CD IN ('CUS', 'NCP') AND csp.STAT_CD = 'ACT' AND cs.CASE_EXTID = ? FETCH FIRST 100 ROWS ONLY
2026-06-18 12:58:40.352 | INFO | [BAMOE-CAMEL-DB2-CONNECTOR] Row mapped | caseId=200000000483855 | Row={CASE_EXTID=200000000483855, FIRST_NM=STOKELY, LAST_NM=ADDINGTON, ROLE_CD=NCP}
2026-06-18 12:58:40.354 | INFO | [BAMOE-CAMEL-DB2-CONNECTOR] Row mapped | caseId=200000000483855 | Row={CASE_EXTID=200000000483855, FIRST_NM=WEITZ, LAST_NM=ADDINGTON, ROLE_CD=NCP}
2026-06-18 12:58:40.359 | INFO | [BAMOE-CAMEL-DB2-CONNECTOR] Row mapped | caseId=200000000483855 | Row={CASE_EXTID=200000000483855, FIRST_NM=TERISA, LAST_NM=ADDINGTON, ROLE_CD=CUS}
2026-06-18 12:58:40.360 | INFO | [BAMOE-CAMEL-DB2-CONNECTOR] Row mapped | caseId=200000000483855 | Row={CASE_EXTID=200000000483855, FIRST_NM=TERISA, LAST_NM=DAVIS, ROLE_CD=CUS}
2026-06-18 12:58:40.362 | INFO | [BAMOE-CAMEL-DB2-CONNECTOR] Row mapped | caseId=200000000483855 | Row={CASE_EXTID=200000000483855, FIRST_NM=TERISA, LAST_NM=RABER, ROLE_CD=CUS}
2026-06-18 12:58:40.456 | INFO | [BAMOE-CAMEL-DB2-CONNECTOR] DB2 query successful | caseId=200000000483855 | RowsReturned=5 | DurationMs=735 | Columns=[CASE_EXTID, FIRST_NM, LAST_NM, ROLE_CD]
2026-06-18 12:58:40.461 | INFO | [BAMOE-CAMEL-DB2-CONNECTOR] DB2 connection closed | caseId=200000000483855
2026-06-18 12:58:40.465 | INFO | [BAMOE-CAMEL-DB2] STEP 3 - DB2 data received | queryId=caseLookup | caseId=200000000483855 | RowsReturned=5
2026-06-18 12:58:40.470 | INFO | [BAMOE-CAMEL-DB2] STEP 4 - JSON Response built and sent to BAMOE | queryId=caseLookup | caseId=200000000483855 | TotalRecords=5
2026-06-18 12:59:40.478 | ERROR | [BAMOE-CAMEL-DB2] Failed to publish to Kafka | Topic=bamoe-event-publish | Reason=Exception occurred during execution on the exchange: Exchange[]
2026-06-18 12:59:40.484 | INFO | [BAMOE-CAMEL-DB2] STEP 5 - Published SUCCESS event to Kafka | Topic=bamoe-event-publish | queryId=caseLookup | caseId=200000000483855 | DurationMs=61540
2026-06-18 12:59:40.486 | INFO | [BAMOE-CAMEL-DB2] ROUTE COMPLETE | queryId=caseLookup | caseId=200000000483855 | DurationMs=61540
2026-06-18 13:04:06.744 | INFO | [APP STARTUP] Bouncy Castle provider inserted
2026-06-18 13:04:12.224 | INFO | [BAMOE-CAMEL-DB2-CONNECTOR-CONFIG] Registering caseDb2DataSource bean | Server=vmdevtestdboltp02 | Port=60026 | Database=CSE1DV01 | SSL=false
2026-06-18 13:04:12.393 | INFO | [BAMOE-CAMEL-DB2-CONNECTOR-CONFIG] caseDb2DataSource bean registered successfully
2026-06-18 13:04:12.458 | INFO | [BAMOE-CAMEL-DB2-CONNECTOR] CamelDb2Connector initialized | DataSource=caseDb2DataSource
2026-06-18 13:04:12.470 | INFO | [BAMOE-CAMEL-QUERY-REGISTRY] Query loaded | QueryId=caseTeam
2026-06-18 13:04:12.472 | INFO | [BAMOE-CAMEL-QUERY-REGISTRY] Query loaded | QueryId=caseLookup
2026-06-18 13:04:12.474 | INFO | [BAMOE-CAMEL-QUERY-REGISTRY] Query registry initialized | Source=query-registry.properties | AvailableQueryIds=[caseTeam, caseLookup]
2026-06-18 13:04:13.794 | INFO | [BAMOE-CONNECTION-TESTER] ========================================
2026-06-18 13:04:13.797 | INFO | [BAMOE-CONNECTION-TESTER] Running startup connection tests...
2026-06-18 13:04:13.799 | INFO | [BAMOE-CONNECTION-TESTER] ========================================
2026-06-18 13:04:13.799 | INFO | [BAMOE-CONNECTION-TESTER] [DB2] Testing DB2 connection...
2026-06-18 13:04:14.745 | INFO | [BAMOE-CONNECTION-TESTER] [DB2] Connection opened successfully
2026-06-18 13:04:14.848 | INFO | [BAMOE-CONNECTION-TESTER] [DB2] - DB2 CONNECTION SUCCESS | Ping query returned: 1 | DB2 is reachable and responding
2026-06-18 13:04:14.938 | INFO | [BAMOE-CONNECTION-TESTER] [KAFKA] Testing Kafka connection... | Broker=localhost:9092
2026-06-18 13:04:20.102 | ERROR | [BAMOE-CONNECTION-TESTER] [KAFKA] - KAFKA BROKER CONNECTION FAILED | Broker=localhost:9092 | Reason=org.apache.kafka.common.errors.TimeoutException: Timed out waiting for a node assignment. Call: listTopics | Check: broker IP and port in application.properties
2026-06-18 13:04:20.104 | INFO | [BAMOE-CONNECTION-TESTER] ========================================
2026-06-18 13:04:20.106 | INFO | [BAMOE-CONNECTION-TESTER] Connection tests completed.
2026-06-18 13:04:20.108 | INFO | [BAMOE-CONNECTION-TESTER] ========================================
2026-06-18 13:04:20.110 | INFO | [APP READY] Application started - BAMOE Camel route active
2026-06-18 13:04:20.112 | INFO | [APP READY] Listening for BAMOE requests on: POST http://vmdevtestrhelaro01.dcss.gov:8080/bamoe/execute-query
2026-06-18 13:04:45.018 | INFO | [BAMOE-CAMEL-DB2] STEP 1 - HTTP POST Request Received from BAMOE | Body={
  "queryId": "caseLookup",
  "params": {
    "caseId": "200000000483855"
  }
}
2026-06-18 13:04:45.024 | INFO | [BAMOE-CAMEL-DB2] STEP 1 - Parsed successfully | queryId=caseLookup | caseId=200000000483855
2026-06-18 13:05:45.631 | ERROR | [BAMOE-CAMEL-DB2] Failed to publish to Kafka | Topic=bamoe-event-publish | Reason=Exception occurred during execution on the exchange: Exchange[]
2026-06-18 13:05:45.633 | INFO | [BAMOE-CAMEL-DB2] STEP 2 - Kafka REQUEST event published | Topic=bamoe-event-publish | queryId=caseLookup | caseId=200000000483855
2026-06-18 13:05:45.635 | INFO | [BAMOE-CAMEL-DB2] STEP 3 - Calling CamelDb2Connector | queryId=caseLookup | caseId=200000000483855
2026-06-18 13:05:45.636 | INFO | [BAMOE-CAMEL-DB2-CONNECTOR] Opening DB2 connection | caseId=200000000483855 | Query=SELECT cs.CASE_EXTID, pnm.FIRST_NM, pnm.LAST_NM, csp.ROLE_CD FROM CASE cs JOIN CASE_PARTICIPANT csp ON cs.CASE_ID = csp.CASE_ID JOIN PARTICIPANT_NAME pnm ON csp.PRTCP_ID = pnm.PRTCP_ID WHERE csp.ROLE_CD IN ('CUS', 'NCP') AND csp.STAT_CD = 'ACT' AND cs.CASE_EXTID = ? FETCH FIRST 100 ROWS ONLY
2026-06-18 13:05:46.146 | INFO | [BAMOE-CAMEL-DB2-CONNECTOR] DB2 connection acquired | caseId=200000000483855 | AutoCommit=true
2026-06-18 13:05:46.148 | INFO | [BAMOE-CAMEL-DB2-CONNECTOR] Executing DB2 query | caseId=200000000483855 | SQL=SELECT cs.CASE_EXTID, pnm.FIRST_NM, pnm.LAST_NM, csp.ROLE_CD FROM CASE cs JOIN CASE_PARTICIPANT csp ON cs.CASE_ID = csp.CASE_ID JOIN PARTICIPANT_NAME pnm ON csp.PRTCP_ID = pnm.PRTCP_ID WHERE csp.ROLE_CD IN ('CUS', 'NCP') AND csp.STAT_CD = 'ACT' AND cs.CASE_EXTID = ? FETCH FIRST 100 ROWS ONLY
2026-06-18 13:05:46.246 | INFO | [BAMOE-CAMEL-DB2-CONNECTOR] Row mapped | caseId=200000000483855 | Row={CASE_EXTID=200000000483855, FIRST_NM=STOKELY, LAST_NM=ADDINGTON, ROLE_CD=NCP}
2026-06-18 13:05:46.247 | INFO | [BAMOE-CAMEL-DB2-CONNECTOR] Row mapped | caseId=200000000483855 | Row={CASE_EXTID=200000000483855, FIRST_NM=WEITZ, LAST_NM=ADDINGTON, ROLE_CD=NCP}
2026-06-18 13:05:46.249 | INFO | [BAMOE-CAMEL-DB2-CONNECTOR] Row mapped | caseId=200000000483855 | Row={CASE_EXTID=200000000483855, FIRST_NM=TERISA, LAST_NM=ADDINGTON, ROLE_CD=CUS}
2026-06-18 13:05:46.250 | INFO | [BAMOE-CAMEL-DB2-CONNECTOR] Row mapped | caseId=200000000483855 | Row={CASE_EXTID=200000000483855, FIRST_NM=TERISA, LAST_NM=DAVIS, ROLE_CD=CUS}
2026-06-18 13:05:46.252 | INFO | [BAMOE-CAMEL-DB2-CONNECTOR] Row mapped | caseId=200000000483855 | Row={CASE_EXTID=200000000483855, FIRST_NM=TERISA, LAST_NM=RABER, ROLE_CD=CUS}
2026-06-18 13:05:46.346 | INFO | [BAMOE-CAMEL-DB2-CONNECTOR] DB2 query successful | caseId=200000000483855 | RowsReturned=5 | DurationMs=706 | Columns=[CASE_EXTID, FIRST_NM, LAST_NM, ROLE_CD]
2026-06-18 13:05:46.347 | INFO | [BAMOE-CAMEL-DB2-CONNECTOR] DB2 connection closed | caseId=200000000483855
2026-06-18 13:05:46.351 | INFO | [BAMOE-CAMEL-DB2] STEP 3 - DB2 data received | queryId=caseLookup | caseId=200000000483855 | RowsReturned=5
2026-06-18 13:05:46.355 | INFO | [BAMOE-CAMEL-DB2] STEP 4 - JSON Response built and sent to BAMOE | queryId=caseLookup | caseId=200000000483855 | TotalRecords=5
2026-06-18 13:06:46.359 | ERROR | [BAMOE-CAMEL-DB2] Failed to publish to Kafka | Topic=bamoe-event-publish | Reason=Exception occurred during execution on the exchange: Exchange[]
2026-06-18 13:06:46.366 | INFO | [BAMOE-CAMEL-DB2] STEP 5 - Published SUCCESS event to Kafka | Topic=bamoe-event-publish | queryId=caseLookup | caseId=200000000483855 | DurationMs=61339
2026-06-18 13:06:46.368 | INFO | [BAMOE-CAMEL-DB2] ROUTE COMPLETE | queryId=caseLookup | caseId=200000000483855 | DurationMs=61339
2026-06-18 13:24:16.182 | INFO | [APP STARTUP] Bouncy Castle provider inserted
2026-06-18 13:24:21.023 | INFO | [BAMOE-CAMEL-DB2-CONNECTOR-CONFIG] Registering caseDb2DataSource bean | Server=vmdevtestdboltp02 | Port=60026 | Database=CSE1DV01 | SSL=false
2026-06-18 13:24:21.177 | INFO | [BAMOE-CAMEL-DB2-CONNECTOR-CONFIG] caseDb2DataSource bean registered successfully
2026-06-18 13:24:21.236 | INFO | [BAMOE-CAMEL-DB2-CONNECTOR] CamelDb2Connector initialized | DataSource=caseDb2DataSource
2026-06-18 13:24:21.248 | INFO | [BAMOE-CAMEL-QUERY-REGISTRY] Query loaded | QueryId=caseTeam
2026-06-18 13:24:21.248 | INFO | [BAMOE-CAMEL-QUERY-REGISTRY] Query loaded | QueryId=caseLookup
2026-06-18 13:24:21.250 | INFO | [BAMOE-CAMEL-QUERY-REGISTRY] Query registry initialized | Source=query-registry.properties | AvailableQueryIds=[caseTeam, caseLookup]
2026-06-18 13:24:22.615 | INFO | [BAMOE-CONNECTION-TESTER] ========================================
2026-06-18 13:24:22.615 | INFO | [BAMOE-CONNECTION-TESTER] Running startup connection tests...
2026-06-18 13:24:22.621 | INFO | [BAMOE-CONNECTION-TESTER] ========================================
2026-06-18 13:24:22.621 | INFO | [BAMOE-CONNECTION-TESTER] [DB2] Testing DB2 connection...
2026-06-18 13:24:23.520 | INFO | [BAMOE-CONNECTION-TESTER] [DB2] Connection opened successfully
2026-06-18 13:24:23.633 | INFO | [BAMOE-CONNECTION-TESTER] [DB2] - DB2 CONNECTION SUCCESS | Ping query returned: 1 | DB2 is reachable and responding
2026-06-18 13:24:23.733 | INFO | [BAMOE-CONNECTION-TESTER] [KAFKA] Testing Kafka connection... | Broker=localhost:9092
2026-06-18 13:24:28.892 | ERROR | [BAMOE-CONNECTION-TESTER] [KAFKA] - KAFKA BROKER CONNECTION FAILED | Broker=localhost:9092 | Reason=org.apache.kafka.common.errors.TimeoutException: Timed out waiting for a node assignment. Call: listTopics | Check: broker IP and port in application.properties
2026-06-18 13:24:28.894 | INFO | [BAMOE-CONNECTION-TESTER] ========================================
2026-06-18 13:24:28.897 | INFO | [BAMOE-CONNECTION-TESTER] Connection tests completed.
2026-06-18 13:24:28.899 | INFO | [BAMOE-CONNECTION-TESTER] ========================================
2026-06-18 13:24:28.903 | INFO | [APP READY] Application started - BAMOE Camel route active
2026-06-18 13:24:28.905 | INFO | [APP READY] Listening for BAMOE requests on: POST http://vmdevtestrhelaro01.dcss.gov:8080/bamoe/execute-query
2026-06-18 13:24:36.082 | INFO | [BAMOE-CAMEL-DB2] STEP 1 - HTTP POST Request Received from BAMOE | Body={
  "queryId": "caseLookup",
  "params": {
    "caseId": "200000000483855"
  }
}
2026-06-18 13:24:36.116 | INFO | [BAMOE-CAMEL-DB2] STEP 1 - Parsed successfully | queryId=caseLookup | caseId=200000000483855
2026-06-18 13:24:36.600 | ERROR | [BAMOE-CAMEL-DB2] Failed to publish to Kafka | Topic=bamoe-event-publish | Reason=Failed to create Producer for endpoint: kafka://bamoe-event-publish?brokers=localhost%3A9092&deliveryTimeoutMs=500&requestTimeoutMs=500&retries=0. Reason: org.apache.kafka.common.config.ConfigException: Must set retries to non-zero when using the idempotent producer.
2026-06-18 13:24:36.602 | INFO | [BAMOE-CAMEL-DB2] STEP 2 - Kafka REQUEST event published | Topic=bamoe-event-publish | queryId=caseLookup | caseId=200000000483855
2026-06-18 13:24:36.607 | INFO | [BAMOE-CAMEL-DB2] STEP 3 - Calling CamelDb2Connector | queryId=caseLookup | caseId=200000000483855
2026-06-18 13:24:36.611 | INFO | [BAMOE-CAMEL-DB2-CONNECTOR] Opening DB2 connection | caseId=200000000483855 | Query=SELECT cs.CASE_EXTID, pnm.FIRST_NM, pnm.LAST_NM, csp.ROLE_CD FROM CASE cs JOIN CASE_PARTICIPANT csp ON cs.CASE_ID = csp.CASE_ID JOIN PARTICIPANT_NAME pnm ON csp.PRTCP_ID = pnm.PRTCP_ID WHERE csp.ROLE_CD IN ('CUS', 'NCP') AND csp.STAT_CD = 'ACT' AND cs.CASE_EXTID = ? FETCH FIRST 100 ROWS ONLY
2026-06-18 13:24:37.152 | INFO | [BAMOE-CAMEL-DB2-CONNECTOR] DB2 connection acquired | caseId=200000000483855 | AutoCommit=true
2026-06-18 13:24:37.155 | INFO | [BAMOE-CAMEL-DB2-CONNECTOR] Executing DB2 query | caseId=200000000483855 | SQL=SELECT cs.CASE_EXTID, pnm.FIRST_NM, pnm.LAST_NM, csp.ROLE_CD FROM CASE cs JOIN CASE_PARTICIPANT csp ON cs.CASE_ID = csp.CASE_ID JOIN PARTICIPANT_NAME pnm ON csp.PRTCP_ID = pnm.PRTCP_ID WHERE csp.ROLE_CD IN ('CUS', 'NCP') AND csp.STAT_CD = 'ACT' AND cs.CASE_EXTID = ? FETCH FIRST 100 ROWS ONLY
2026-06-18 13:24:37.266 | INFO | [BAMOE-CAMEL-DB2-CONNECTOR] Row mapped | caseId=200000000483855 | Row={CASE_EXTID=200000000483855, FIRST_NM=STOKELY, LAST_NM=ADDINGTON, ROLE_CD=NCP}
2026-06-18 13:24:37.267 | INFO | [BAMOE-CAMEL-DB2-CONNECTOR] Row mapped | caseId=200000000483855 | Row={CASE_EXTID=200000000483855, FIRST_NM=WEITZ, LAST_NM=ADDINGTON, ROLE_CD=NCP}
2026-06-18 13:24:37.269 | INFO | [BAMOE-CAMEL-DB2-CONNECTOR] Row mapped | caseId=200000000483855 | Row={CASE_EXTID=200000000483855, FIRST_NM=TERISA, LAST_NM=ADDINGTON, ROLE_CD=CUS}
2026-06-18 13:24:37.270 | INFO | [BAMOE-CAMEL-DB2-CONNECTOR] Row mapped | caseId=200000000483855 | Row={CASE_EXTID=200000000483855, FIRST_NM=TERISA, LAST_NM=DAVIS, ROLE_CD=CUS}
2026-06-18 13:24:37.271 | INFO | [BAMOE-CAMEL-DB2-CONNECTOR] Row mapped | caseId=200000000483855 | Row={CASE_EXTID=200000000483855, FIRST_NM=TERISA, LAST_NM=RABER, ROLE_CD=CUS}
2026-06-18 13:24:37.376 | INFO | [BAMOE-CAMEL-DB2-CONNECTOR] DB2 query successful | caseId=200000000483855 | RowsReturned=5 | DurationMs=760 | Columns=[CASE_EXTID, FIRST_NM, LAST_NM, ROLE_CD]
2026-06-18 13:24:37.378 | INFO | [BAMOE-CAMEL-DB2-CONNECTOR] DB2 connection closed | caseId=200000000483855
2026-06-18 13:24:37.383 | INFO | [BAMOE-CAMEL-DB2] STEP 3 - DB2 data received | queryId=caseLookup | caseId=200000000483855 | RowsReturned=5
2026-06-18 13:24:37.389 | INFO | [BAMOE-CAMEL-DB2] STEP 4 - JSON Response built and sent to BAMOE | queryId=caseLookup | caseId=200000000483855 | TotalRecords=5
2026-06-18 13:24:37.393 | ERROR | [BAMOE-CAMEL-DB2] Failed to publish to Kafka | Topic=bamoe-event-publish | Reason=Failed to create Producer for endpoint: kafka://bamoe-event-publish?brokers=localhost%3A9092&deliveryTimeoutMs=500&requestTimeoutMs=500&retries=0. Reason: org.apache.kafka.common.config.ConfigException: Must set retries to non-zero when using the idempotent producer.
2026-06-18 13:24:37.399 | INFO | [BAMOE-CAMEL-DB2] STEP 5 - Published SUCCESS event to Kafka | Topic=bamoe-event-publish | queryId=caseLookup | caseId=200000000483855 | DurationMs=1309
2026-06-18 13:24:37.405 | INFO | [BAMOE-CAMEL-DB2] ROUTE COMPLETE | queryId=caseLookup | caseId=200000000483855 | DurationMs=1309
2026-06-18 13:25:09.451 | INFO | [BAMOE-CAMEL-DB2] STEP 1 - HTTP POST Request Received from BAMOE | Body={
  "queryId": "caseLookup",
  "params": {
    "caseId": "200000000484072"
  }
}
2026-06-18 13:25:09.452 | INFO | [BAMOE-CAMEL-DB2] STEP 1 - Parsed successfully | queryId=caseLookup | caseId=200000000484072
2026-06-18 13:25:09.456 | ERROR | [BAMOE-CAMEL-DB2] Failed to publish to Kafka | Topic=bamoe-event-publish | Reason=Failed to create Producer for endpoint: kafka://bamoe-event-publish?brokers=localhost%3A9092&deliveryTimeoutMs=500&requestTimeoutMs=500&retries=0. Reason: org.apache.kafka.common.config.ConfigException: Must set retries to non-zero when using the idempotent producer.
2026-06-18 13:25:09.458 | INFO | [BAMOE-CAMEL-DB2] STEP 2 - Kafka REQUEST event published | Topic=bamoe-event-publish | queryId=caseLookup | caseId=200000000484072
2026-06-18 13:25:09.459 | INFO | [BAMOE-CAMEL-DB2] STEP 3 - Calling CamelDb2Connector | queryId=caseLookup | caseId=200000000484072
2026-06-18 13:25:09.460 | INFO | [BAMOE-CAMEL-DB2-CONNECTOR] Opening DB2 connection | caseId=200000000484072 | Query=SELECT cs.CASE_EXTID, pnm.FIRST_NM, pnm.LAST_NM, csp.ROLE_CD FROM CASE cs JOIN CASE_PARTICIPANT csp ON cs.CASE_ID = csp.CASE_ID JOIN PARTICIPANT_NAME pnm ON csp.PRTCP_ID = pnm.PRTCP_ID WHERE csp.ROLE_CD IN ('CUS', 'NCP') AND csp.STAT_CD = 'ACT' AND cs.CASE_EXTID = ? FETCH FIRST 100 ROWS ONLY
2026-06-18 13:25:10.114 | INFO | [BAMOE-CAMEL-DB2-CONNECTOR] DB2 connection acquired | caseId=200000000484072 | AutoCommit=true
2026-06-18 13:25:10.116 | INFO | [BAMOE-CAMEL-DB2-CONNECTOR] Executing DB2 query | caseId=200000000484072 | SQL=SELECT cs.CASE_EXTID, pnm.FIRST_NM, pnm.LAST_NM, csp.ROLE_CD FROM CASE cs JOIN CASE_PARTICIPANT csp ON cs.CASE_ID = csp.CASE_ID JOIN PARTICIPANT_NAME pnm ON csp.PRTCP_ID = pnm.PRTCP_ID WHERE csp.ROLE_CD IN ('CUS', 'NCP') AND csp.STAT_CD = 'ACT' AND cs.CASE_EXTID = ? FETCH FIRST 100 ROWS ONLY
2026-06-18 13:25:10.220 | INFO | [BAMOE-CAMEL-DB2-CONNECTOR] Row mapped | caseId=200000000484072 | Row={CASE_EXTID=200000000484072, FIRST_NM=HELENE, LAST_NM=GLENN, ROLE_CD=CUS}
2026-06-18 13:25:10.222 | INFO | [BAMOE-CAMEL-DB2-CONNECTOR] Row mapped | caseId=200000000484072 | Row={CASE_EXTID=200000000484072, FIRST_NM=HAYDEN, LAST_NM=SHERRELL, ROLE_CD=NCP}
2026-06-18 13:25:10.323 | INFO | [BAMOE-CAMEL-DB2-CONNECTOR] DB2 query successful | caseId=200000000484072 | RowsReturned=2 | DurationMs=862 | Columns=[CASE_EXTID, FIRST_NM, LAST_NM, ROLE_CD]
2026-06-18 13:25:10.324 | INFO | [BAMOE-CAMEL-DB2-CONNECTOR] DB2 connection closed | caseId=200000000484072
2026-06-18 13:25:10.326 | INFO | [BAMOE-CAMEL-DB2] STEP 3 - DB2 data received | queryId=caseLookup | caseId=200000000484072 | RowsReturned=2
2026-06-18 13:25:10.327 | INFO | [BAMOE-CAMEL-DB2] STEP 4 - JSON Response built and sent to BAMOE | queryId=caseLookup | caseId=200000000484072 | TotalRecords=2
2026-06-18 13:25:10.330 | ERROR | [BAMOE-CAMEL-DB2] Failed to publish to Kafka | Topic=bamoe-event-publish | Reason=Failed to create Producer for endpoint: kafka://bamoe-event-publish?brokers=localhost%3A9092&deliveryTimeoutMs=500&requestTimeoutMs=500&retries=0. Reason: org.apache.kafka.common.config.ConfigException: Must set retries to non-zero when using the idempotent producer.
2026-06-18 13:25:10.331 | INFO | [BAMOE-CAMEL-DB2] STEP 5 - Published SUCCESS event to Kafka | Topic=bamoe-event-publish | queryId=caseLookup | caseId=200000000484072 | DurationMs=877
2026-06-18 13:25:10.332 | INFO | [BAMOE-CAMEL-DB2] ROUTE COMPLETE | queryId=caseLookup | caseId=200000000484072 | DurationMs=877
2026-06-18 13:26:17.366 | INFO | [BAMOE-CAMEL-DB2] STEP 1 - HTTP POST Request Received from BAMOE | Body={"queryId":"caseLookup","params":{"caseId":"200000000484072"}}
2026-06-18 13:26:17.368 | INFO | [BAMOE-CAMEL-DB2] STEP 1 - Parsed successfully | queryId=caseLookup | caseId=200000000484072
2026-06-18 13:26:17.372 | ERROR | [BAMOE-CAMEL-DB2] Failed to publish to Kafka | Topic=bamoe-event-publish | Reason=Failed to create Producer for endpoint: kafka://bamoe-event-publish?brokers=localhost%3A9092&deliveryTimeoutMs=500&requestTimeoutMs=500&retries=0. Reason: org.apache.kafka.common.config.ConfigException: Must set retries to non-zero when using the idempotent producer.
2026-06-18 13:26:17.375 | INFO | [BAMOE-CAMEL-DB2] STEP 2 - Kafka REQUEST event published | Topic=bamoe-event-publish | queryId=caseLookup | caseId=200000000484072
2026-06-18 13:26:17.378 | INFO | [BAMOE-CAMEL-DB2] STEP 3 - Calling CamelDb2Connector | queryId=caseLookup | caseId=200000000484072
2026-06-18 13:26:17.381 | INFO | [BAMOE-CAMEL-DB2-CONNECTOR] Opening DB2 connection | caseId=200000000484072 | Query=SELECT cs.CASE_EXTID, pnm.FIRST_NM, pnm.LAST_NM, csp.ROLE_CD FROM CASE cs JOIN CASE_PARTICIPANT csp ON cs.CASE_ID = csp.CASE_ID JOIN PARTICIPANT_NAME pnm ON csp.PRTCP_ID = pnm.PRTCP_ID WHERE csp.ROLE_CD IN ('CUS', 'NCP') AND csp.STAT_CD = 'ACT' AND cs.CASE_EXTID = ? FETCH FIRST 100 ROWS ONLY
2026-06-18 13:26:17.923 | INFO | [BAMOE-CAMEL-DB2-CONNECTOR] DB2 connection acquired | caseId=200000000484072 | AutoCommit=true
2026-06-18 13:26:17.926 | INFO | [BAMOE-CAMEL-DB2-CONNECTOR] Executing DB2 query | caseId=200000000484072 | SQL=SELECT cs.CASE_EXTID, pnm.FIRST_NM, pnm.LAST_NM, csp.ROLE_CD FROM CASE cs JOIN CASE_PARTICIPANT csp ON cs.CASE_ID = csp.CASE_ID JOIN PARTICIPANT_NAME pnm ON csp.PRTCP_ID = pnm.PRTCP_ID WHERE csp.ROLE_CD IN ('CUS', 'NCP') AND csp.STAT_CD = 'ACT' AND cs.CASE_EXTID = ? FETCH FIRST 100 ROWS ONLY
2026-06-18 13:26:18.029 | INFO | [BAMOE-CAMEL-DB2-CONNECTOR] Row mapped | caseId=200000000484072 | Row={CASE_EXTID=200000000484072, FIRST_NM=HELENE, LAST_NM=GLENN, ROLE_CD=CUS}
2026-06-18 13:26:18.031 | INFO | [BAMOE-CAMEL-DB2-CONNECTOR] Row mapped | caseId=200000000484072 | Row={CASE_EXTID=200000000484072, FIRST_NM=HAYDEN, LAST_NM=SHERRELL, ROLE_CD=NCP}
2026-06-18 13:26:18.131 | INFO | [BAMOE-CAMEL-DB2-CONNECTOR] DB2 query successful | caseId=200000000484072 | RowsReturned=2 | DurationMs=751 | Columns=[CASE_EXTID, FIRST_NM, LAST_NM, ROLE_CD]
2026-06-18 13:26:18.132 | INFO | [BAMOE-CAMEL-DB2-CONNECTOR] DB2 connection closed | caseId=200000000484072
2026-06-18 13:26:18.134 | INFO | [BAMOE-CAMEL-DB2] STEP 3 - DB2 data received | queryId=caseLookup | caseId=200000000484072 | RowsReturned=2
2026-06-18 13:26:18.135 | INFO | [BAMOE-CAMEL-DB2] STEP 4 - JSON Response built and sent to BAMOE | queryId=caseLookup | caseId=200000000484072 | TotalRecords=2
2026-06-18 13:26:18.138 | ERROR | [BAMOE-CAMEL-DB2] Failed to publish to Kafka | Topic=bamoe-event-publish | Reason=Failed to create Producer for endpoint: kafka://bamoe-event-publish?brokers=localhost%3A9092&deliveryTimeoutMs=500&requestTimeoutMs=500&retries=0. Reason: org.apache.kafka.common.config.ConfigException: Must set retries to non-zero when using the idempotent producer.
2026-06-18 13:26:18.139 | INFO | [BAMOE-CAMEL-DB2] STEP 5 - Published SUCCESS event to Kafka | Topic=bamoe-event-publish | queryId=caseLookup | caseId=200000000484072 | DurationMs=770
2026-06-18 13:26:18.140 | INFO | [BAMOE-CAMEL-DB2] ROUTE COMPLETE | queryId=caseLookup | caseId=200000000484072 | DurationMs=770
2026-06-18 13:47:14.833 | INFO | [BAMOE-CAMEL-DB2] STEP 1 - HTTP POST Request Received from BAMOE | Body={
  "queryId": "caseLookup",
  "params": {
    "caseId": "200000000484072"
  }
}
2026-06-18 13:47:14.835 | INFO | [BAMOE-CAMEL-DB2] STEP 1 - Parsed successfully | queryId=caseLookup | caseId=200000000484072
2026-06-18 13:47:14.838 | ERROR | [BAMOE-CAMEL-DB2] Failed to publish to Kafka | Topic=bamoe-event-publish | Reason=Failed to create Producer for endpoint: kafka://bamoe-event-publish?brokers=localhost%3A9092&deliveryTimeoutMs=500&requestTimeoutMs=500&retries=0. Reason: org.apache.kafka.common.config.ConfigException: Must set retries to non-zero when using the idempotent producer.
2026-06-18 13:47:14.840 | INFO | [BAMOE-CAMEL-DB2] STEP 2 - Kafka REQUEST event published | Topic=bamoe-event-publish | queryId=caseLookup | caseId=200000000484072
2026-06-18 13:47:14.843 | INFO | [BAMOE-CAMEL-DB2] STEP 3 - Calling CamelDb2Connector | queryId=caseLookup | caseId=200000000484072
2026-06-18 13:47:14.845 | INFO | [BAMOE-CAMEL-DB2-CONNECTOR] Opening DB2 connection | caseId=200000000484072 | Query=SELECT cs.CASE_EXTID, pnm.FIRST_NM, pnm.LAST_NM, csp.ROLE_CD FROM CASE cs JOIN CASE_PARTICIPANT csp ON cs.CASE_ID = csp.CASE_ID JOIN PARTICIPANT_NAME pnm ON csp.PRTCP_ID = pnm.PRTCP_ID WHERE csp.ROLE_CD IN ('CUS', 'NCP') AND csp.STAT_CD = 'ACT' AND cs.CASE_EXTID = ? FETCH FIRST 100 ROWS ONLY
2026-06-18 13:47:15.373 | INFO | [BAMOE-CAMEL-DB2-CONNECTOR] DB2 connection acquired | caseId=200000000484072 | AutoCommit=true
2026-06-18 13:47:15.374 | INFO | [BAMOE-CAMEL-DB2-CONNECTOR] Executing DB2 query | caseId=200000000484072 | SQL=SELECT cs.CASE_EXTID, pnm.FIRST_NM, pnm.LAST_NM, csp.ROLE_CD FROM CASE cs JOIN CASE_PARTICIPANT csp ON cs.CASE_ID = csp.CASE_ID JOIN PARTICIPANT_NAME pnm ON csp.PRTCP_ID = pnm.PRTCP_ID WHERE csp.ROLE_CD IN ('CUS', 'NCP') AND csp.STAT_CD = 'ACT' AND cs.CASE_EXTID = ? FETCH FIRST 100 ROWS ONLY
2026-06-18 13:47:15.467 | INFO | [BAMOE-CAMEL-DB2-CONNECTOR] Row mapped | caseId=200000000484072 | Row={CASE_EXTID=200000000484072, FIRST_NM=HELENE, LAST_NM=GLENN, ROLE_CD=CUS}
2026-06-18 13:47:15.468 | INFO | [BAMOE-CAMEL-DB2-CONNECTOR] Row mapped | caseId=200000000484072 | Row={CASE_EXTID=200000000484072, FIRST_NM=HAYDEN, LAST_NM=SHERRELL, ROLE_CD=NCP}
2026-06-18 13:47:15.557 | INFO | [BAMOE-CAMEL-DB2-CONNECTOR] DB2 query successful | caseId=200000000484072 | RowsReturned=2 | DurationMs=712 | Columns=[CASE_EXTID, FIRST_NM, LAST_NM, ROLE_CD]
2026-06-18 13:47:15.559 | INFO | [BAMOE-CAMEL-DB2-CONNECTOR] DB2 connection closed | caseId=200000000484072
2026-06-18 13:47:15.560 | INFO | [BAMOE-CAMEL-DB2] STEP 3 - DB2 data received | queryId=caseLookup | caseId=200000000484072 | RowsReturned=2
2026-06-18 13:47:15.562 | INFO | [BAMOE-CAMEL-DB2] STEP 4 - JSON Response built and sent to BAMOE | queryId=caseLookup | caseId=200000000484072 | TotalRecords=2
2026-06-18 13:47:15.566 | ERROR | [BAMOE-CAMEL-DB2] Failed to publish to Kafka | Topic=bamoe-event-publish | Reason=Failed to create Producer for endpoint: kafka://bamoe-event-publish?brokers=localhost%3A9092&deliveryTimeoutMs=500&requestTimeoutMs=500&retries=0. Reason: org.apache.kafka.common.config.ConfigException: Must set retries to non-zero when using the idempotent producer.
2026-06-18 13:47:15.568 | INFO | [BAMOE-CAMEL-DB2] STEP 5 - Published SUCCESS event to Kafka | Topic=bamoe-event-publish | queryId=caseLookup | caseId=200000000484072 | DurationMs=730
2026-06-18 13:47:15.569 | INFO | [BAMOE-CAMEL-DB2] ROUTE COMPLETE | queryId=caseLookup | caseId=200000000484072 | DurationMs=730
2026-06-18 13:48:47.674 | INFO | [BAMOE-CAMEL-DB2] STEP 1 - HTTP POST Request Received from BAMOE | Body={"queryId":"caseLookup","params":{"caseId":"200000000483855"}}
2026-06-18 13:48:47.676 | INFO | [BAMOE-CAMEL-DB2] STEP 1 - Parsed successfully | queryId=caseLookup | caseId=200000000483855
2026-06-18 13:48:47.680 | ERROR | [BAMOE-CAMEL-DB2] Failed to publish to Kafka | Topic=bamoe-event-publish | Reason=Failed to create Producer for endpoint: kafka://bamoe-event-publish?brokers=localhost%3A9092&deliveryTimeoutMs=500&requestTimeoutMs=500&retries=0. Reason: org.apache.kafka.common.config.ConfigException: Must set retries to non-zero when using the idempotent producer.
2026-06-18 13:48:47.681 | INFO | [BAMOE-CAMEL-DB2] STEP 2 - Kafka REQUEST event published | Topic=bamoe-event-publish | queryId=caseLookup | caseId=200000000483855
2026-06-18 13:48:47.683 | INFO | [BAMOE-CAMEL-DB2] STEP 3 - Calling CamelDb2Connector | queryId=caseLookup | caseId=200000000483855
2026-06-18 13:48:47.684 | INFO | [BAMOE-CAMEL-DB2-CONNECTOR] Opening DB2 connection | caseId=200000000483855 | Query=SELECT cs.CASE_EXTID, pnm.FIRST_NM, pnm.LAST_NM, csp.ROLE_CD FROM CASE cs JOIN CASE_PARTICIPANT csp ON cs.CASE_ID = csp.CASE_ID JOIN PARTICIPANT_NAME pnm ON csp.PRTCP_ID = pnm.PRTCP_ID WHERE csp.ROLE_CD IN ('CUS', 'NCP') AND csp.STAT_CD = 'ACT' AND cs.CASE_EXTID = ? FETCH FIRST 100 ROWS ONLY
2026-06-18 13:48:48.223 | INFO | [BAMOE-CAMEL-DB2-CONNECTOR] DB2 connection acquired | caseId=200000000483855 | AutoCommit=true
2026-06-18 13:48:48.225 | INFO | [BAMOE-CAMEL-DB2-CONNECTOR] Executing DB2 query | caseId=200000000483855 | SQL=SELECT cs.CASE_EXTID, pnm.FIRST_NM, pnm.LAST_NM, csp.ROLE_CD FROM CASE cs JOIN CASE_PARTICIPANT csp ON cs.CASE_ID = csp.CASE_ID JOIN PARTICIPANT_NAME pnm ON csp.PRTCP_ID = pnm.PRTCP_ID WHERE csp.ROLE_CD IN ('CUS', 'NCP') AND csp.STAT_CD = 'ACT' AND cs.CASE_EXTID = ? FETCH FIRST 100 ROWS ONLY
2026-06-18 13:48:48.319 | INFO | [BAMOE-CAMEL-DB2-CONNECTOR] Row mapped | caseId=200000000483855 | Row={CASE_EXTID=200000000483855, FIRST_NM=STOKELY, LAST_NM=ADDINGTON, ROLE_CD=NCP}
2026-06-18 13:48:48.321 | INFO | [BAMOE-CAMEL-DB2-CONNECTOR] Row mapped | caseId=200000000483855 | Row={CASE_EXTID=200000000483855, FIRST_NM=WEITZ, LAST_NM=ADDINGTON, ROLE_CD=NCP}
2026-06-18 13:48:48.322 | INFO | [BAMOE-CAMEL-DB2-CONNECTOR] Row mapped | caseId=200000000483855 | Row={CASE_EXTID=200000000483855, FIRST_NM=TERISA, LAST_NM=ADDINGTON, ROLE_CD=CUS}
2026-06-18 13:48:48.324 | INFO | [BAMOE-CAMEL-DB2-CONNECTOR] Row mapped | caseId=200000000483855 | Row={CASE_EXTID=200000000483855, FIRST_NM=TERISA, LAST_NM=DAVIS, ROLE_CD=CUS}
2026-06-18 13:48:48.326 | INFO | [BAMOE-CAMEL-DB2-CONNECTOR] Row mapped | caseId=200000000483855 | Row={CASE_EXTID=200000000483855, FIRST_NM=TERISA, LAST_NM=RABER, ROLE_CD=CUS}
2026-06-18 13:48:48.415 | INFO | [BAMOE-CAMEL-DB2-CONNECTOR] DB2 query successful | caseId=200000000483855 | RowsReturned=5 | DurationMs=731 | Columns=[CASE_EXTID, FIRST_NM, LAST_NM, ROLE_CD]
2026-06-18 13:48:48.417 | INFO | [BAMOE-CAMEL-DB2-CONNECTOR] DB2 connection closed | caseId=200000000483855
2026-06-18 13:48:48.418 | INFO | [BAMOE-CAMEL-DB2] STEP 3 - DB2 data received | queryId=caseLookup | caseId=200000000483855 | RowsReturned=5
2026-06-18 13:48:48.420 | INFO | [BAMOE-CAMEL-DB2] STEP 4 - JSON Response built and sent to BAMOE | queryId=caseLookup | caseId=200000000483855 | TotalRecords=5
2026-06-18 13:48:48.423 | ERROR | [BAMOE-CAMEL-DB2] Failed to publish to Kafka | Topic=bamoe-event-publish | Reason=Failed to create Producer for endpoint: kafka://bamoe-event-publish?brokers=localhost%3A9092&deliveryTimeoutMs=500&requestTimeoutMs=500&retries=0. Reason: org.apache.kafka.common.config.ConfigException: Must set retries to non-zero when using the idempotent producer.
2026-06-18 13:48:48.425 | INFO | [BAMOE-CAMEL-DB2] STEP 5 - Published SUCCESS event to Kafka | Topic=bamoe-event-publish | queryId=caseLookup | caseId=200000000483855 | DurationMs=748
2026-06-18 13:48:48.426 | INFO | [BAMOE-CAMEL-DB2] ROUTE COMPLETE | queryId=caseLookup | caseId=200000000483855 | DurationMs=748
2026-06-18 13:50:31.997 | INFO | [BAMOE-CAMEL-DB2] STEP 1 - HTTP POST Request Received from BAMOE | Body={
  "queryId": "caseLookup",
  "params": {
    "caseId": "200000000484072"
  }
}
2026-06-18 13:50:31.999 | INFO | [BAMOE-CAMEL-DB2] STEP 1 - Parsed successfully | queryId=caseLookup | caseId=200000000484072
2026-06-18 13:50:32.003 | ERROR | [BAMOE-CAMEL-DB2] Failed to publish to Kafka | Topic=bamoe-event-publish | Reason=Failed to create Producer for endpoint: kafka://bamoe-event-publish?brokers=localhost%3A9092&deliveryTimeoutMs=500&requestTimeoutMs=500&retries=0. Reason: org.apache.kafka.common.config.ConfigException: Must set retries to non-zero when using the idempotent producer.
2026-06-18 13:50:32.004 | INFO | [BAMOE-CAMEL-DB2] STEP 2 - Kafka REQUEST event published | Topic=bamoe-event-publish | queryId=caseLookup | caseId=200000000484072
2026-06-18 13:50:32.008 | INFO | [BAMOE-CAMEL-DB2] STEP 3 - Calling CamelDb2Connector | queryId=caseLookup | caseId=200000000484072
2026-06-18 13:50:32.009 | INFO | [BAMOE-CAMEL-DB2-CONNECTOR] Opening DB2 connection | caseId=200000000484072 | Query=SELECT cs.CASE_EXTID, pnm.FIRST_NM, pnm.LAST_NM, csp.ROLE_CD FROM CASE cs JOIN CASE_PARTICIPANT csp ON cs.CASE_ID = csp.CASE_ID JOIN PARTICIPANT_NAME pnm ON csp.PRTCP_ID = pnm.PRTCP_ID WHERE csp.ROLE_CD IN ('CUS', 'NCP') AND csp.STAT_CD = 'ACT' AND cs.CASE_EXTID = ? FETCH FIRST 100 ROWS ONLY
2026-06-18 13:50:32.604 | INFO | [BAMOE-CAMEL-DB2-CONNECTOR] DB2 connection acquired | caseId=200000000484072 | AutoCommit=true
2026-06-18 13:50:32.606 | INFO | [BAMOE-CAMEL-DB2-CONNECTOR] Executing DB2 query | caseId=200000000484072 | SQL=SELECT cs.CASE_EXTID, pnm.FIRST_NM, pnm.LAST_NM, csp.ROLE_CD FROM CASE cs JOIN CASE_PARTICIPANT csp ON cs.CASE_ID = csp.CASE_ID JOIN PARTICIPANT_NAME pnm ON csp.PRTCP_ID = pnm.PRTCP_ID WHERE csp.ROLE_CD IN ('CUS', 'NCP') AND csp.STAT_CD = 'ACT' AND cs.CASE_EXTID = ? FETCH FIRST 100 ROWS ONLY
2026-06-18 13:50:32.699 | INFO | [BAMOE-CAMEL-DB2-CONNECTOR] Row mapped | caseId=200000000484072 | Row={CASE_EXTID=200000000484072, FIRST_NM=HELENE, LAST_NM=GLENN, ROLE_CD=CUS}
2026-06-18 13:50:32.700 | INFO | [BAMOE-CAMEL-DB2-CONNECTOR] Row mapped | caseId=200000000484072 | Row={CASE_EXTID=200000000484072, FIRST_NM=HAYDEN, LAST_NM=SHERRELL, ROLE_CD=NCP}
2026-06-18 13:50:32.791 | INFO | [BAMOE-CAMEL-DB2-CONNECTOR] DB2 query successful | caseId=200000000484072 | RowsReturned=2 | DurationMs=782 | Columns=[CASE_EXTID, FIRST_NM, LAST_NM, ROLE_CD]
2026-06-18 13:50:32.793 | INFO | [BAMOE-CAMEL-DB2-CONNECTOR] DB2 connection closed | caseId=200000000484072
2026-06-18 13:50:32.795 | INFO | [BAMOE-CAMEL-DB2] STEP 3 - DB2 data received | queryId=caseLookup | caseId=200000000484072 | RowsReturned=2
2026-06-18 13:50:32.796 | INFO | [BAMOE-CAMEL-DB2] STEP 4 - JSON Response built and sent to BAMOE | queryId=caseLookup | caseId=200000000484072 | TotalRecords=2
2026-06-18 13:50:32.800 | ERROR | [BAMOE-CAMEL-DB2] Failed to publish to Kafka | Topic=bamoe-event-publish | Reason=Failed to create Producer for endpoint: kafka://bamoe-event-publish?brokers=localhost%3A9092&deliveryTimeoutMs=500&requestTimeoutMs=500&retries=0. Reason: org.apache.kafka.common.config.ConfigException: Must set retries to non-zero when using the idempotent producer.
2026-06-18 13:50:32.801 | INFO | [BAMOE-CAMEL-DB2] STEP 5 - Published SUCCESS event to Kafka | Topic=bamoe-event-publish | queryId=caseLookup | caseId=200000000484072 | DurationMs=801
2026-06-18 13:50:32.802 | INFO | [BAMOE-CAMEL-DB2] ROUTE COMPLETE | queryId=caseLookup | caseId=200000000484072 | DurationMs=801
2026-06-18 16:06:26.462 | INFO | [BAMOE-CAMEL-DB2] STEP 1 - HTTP POST Request Received from BAMOE | Body={"queryId":"caseLookup","params":{"caseId":"200000000483855"}}
2026-06-18 16:06:26.467 | INFO | [BAMOE-CAMEL-DB2] STEP 1 - Parsed successfully | queryId=caseLookup | caseId=200000000483855
2026-06-18 16:06:26.480 | ERROR | [BAMOE-CAMEL-DB2] Failed to publish to Kafka | Topic=bamoe-event-publish | Reason=Failed to create Producer for endpoint: kafka://bamoe-event-publish?brokers=localhost%3A9092&deliveryTimeoutMs=500&requestTimeoutMs=500&retries=0. Reason: org.apache.kafka.common.config.ConfigException: Must set retries to non-zero when using the idempotent producer.
2026-06-18 16:06:26.482 | INFO | [BAMOE-CAMEL-DB2] STEP 2 - Kafka REQUEST event published | Topic=bamoe-event-publish | queryId=caseLookup | caseId=200000000483855
2026-06-18 16:06:26.483 | INFO | [BAMOE-CAMEL-DB2] STEP 3 - Calling CamelDb2Connector | queryId=caseLookup | caseId=200000000483855
2026-06-18 16:06:26.485 | INFO | [BAMOE-CAMEL-DB2-CONNECTOR] Opening DB2 connection | caseId=200000000483855 | Query=SELECT cs.CASE_EXTID, pnm.FIRST_NM, pnm.LAST_NM, csp.ROLE_CD FROM CASE cs JOIN CASE_PARTICIPANT csp ON cs.CASE_ID = csp.CASE_ID JOIN PARTICIPANT_NAME pnm ON csp.PRTCP_ID = pnm.PRTCP_ID WHERE csp.ROLE_CD IN ('CUS', 'NCP') AND csp.STAT_CD = 'ACT' AND cs.CASE_EXTID = ? FETCH FIRST 100 ROWS ONLY
2026-06-18 16:06:27.064 | INFO | [BAMOE-CAMEL-DB2-CONNECTOR] DB2 connection acquired | caseId=200000000483855 | AutoCommit=true
2026-06-18 16:06:27.067 | INFO | [BAMOE-CAMEL-DB2-CONNECTOR] Executing DB2 query | caseId=200000000483855 | SQL=SELECT cs.CASE_EXTID, pnm.FIRST_NM, pnm.LAST_NM, csp.ROLE_CD FROM CASE cs JOIN CASE_PARTICIPANT csp ON cs.CASE_ID = csp.CASE_ID JOIN PARTICIPANT_NAME pnm ON csp.PRTCP_ID = pnm.PRTCP_ID WHERE csp.ROLE_CD IN ('CUS', 'NCP') AND csp.STAT_CD = 'ACT' AND cs.CASE_EXTID = ? FETCH FIRST 100 ROWS ONLY
2026-06-18 16:06:27.179 | INFO | [BAMOE-CAMEL-DB2-CONNECTOR] Row mapped | caseId=200000000483855 | Row={CASE_EXTID=200000000483855, FIRST_NM=STOKELY, LAST_NM=ADDINGTON, ROLE_CD=NCP}
2026-06-18 16:06:27.181 | INFO | [BAMOE-CAMEL-DB2-CONNECTOR] Row mapped | caseId=200000000483855 | Row={CASE_EXTID=200000000483855, FIRST_NM=WEITZ, LAST_NM=ADDINGTON, ROLE_CD=NCP}
2026-06-18 16:06:27.183 | INFO | [BAMOE-CAMEL-DB2-CONNECTOR] Row mapped | caseId=200000000483855 | Row={CASE_EXTID=200000000483855, FIRST_NM=TERISA, LAST_NM=ADDINGTON, ROLE_CD=CUS}
2026-06-18 16:06:27.187 | INFO | [BAMOE-CAMEL-DB2-CONNECTOR] Row mapped | caseId=200000000483855 | Row={CASE_EXTID=200000000483855, FIRST_NM=TERISA, LAST_NM=DAVIS, ROLE_CD=CUS}
2026-06-18 16:06:27.192 | INFO | [BAMOE-CAMEL-DB2-CONNECTOR] Row mapped | caseId=200000000483855 | Row={CASE_EXTID=200000000483855, FIRST_NM=TERISA, LAST_NM=RABER, ROLE_CD=CUS}
2026-06-18 16:06:27.298 | INFO | [BAMOE-CAMEL-DB2-CONNECTOR] DB2 query successful | caseId=200000000483855 | RowsReturned=5 | DurationMs=812 | Columns=[CASE_EXTID, FIRST_NM, LAST_NM, ROLE_CD]
2026-06-18 16:06:27.300 | INFO | [BAMOE-CAMEL-DB2-CONNECTOR] DB2 connection closed | caseId=200000000483855
2026-06-18 16:06:27.302 | INFO | [BAMOE-CAMEL-DB2] STEP 3 - DB2 data received | queryId=caseLookup | caseId=200000000483855 | RowsReturned=5
2026-06-18 16:06:27.304 | INFO | [BAMOE-CAMEL-DB2] STEP 4 - JSON Response built and sent to BAMOE | queryId=caseLookup | caseId=200000000483855 | TotalRecords=5
2026-06-18 16:06:27.307 | ERROR | [BAMOE-CAMEL-DB2] Failed to publish to Kafka | Topic=bamoe-event-publish | Reason=Failed to create Producer for endpoint: kafka://bamoe-event-publish?brokers=localhost%3A9092&deliveryTimeoutMs=500&requestTimeoutMs=500&retries=0. Reason: org.apache.kafka.common.config.ConfigException: Must set retries to non-zero when using the idempotent producer.
2026-06-18 16:06:27.308 | INFO | [BAMOE-CAMEL-DB2] STEP 5 - Published SUCCESS event to Kafka | Topic=bamoe-event-publish | queryId=caseLookup | caseId=200000000483855 | DurationMs=843
2026-06-18 16:06:27.310 | INFO | [BAMOE-CAMEL-DB2] ROUTE COMPLETE | queryId=caseLookup | caseId=200000000483855 | DurationMs=843
2026-06-18 16:07:22.150 | INFO | [BAMOE-CAMEL-DB2] STEP 1 - HTTP POST Request Received from BAMOE | Body={"queryId":"caseLookup","params":{"caseId":"200000000483811"}}
2026-06-18 16:07:22.152 | INFO | [BAMOE-CAMEL-DB2] STEP 1 - Parsed successfully | queryId=caseLookup | caseId=200000000483811
2026-06-18 16:07:22.157 | ERROR | [BAMOE-CAMEL-DB2] Failed to publish to Kafka | Topic=bamoe-event-publish | Reason=Failed to create Producer for endpoint: kafka://bamoe-event-publish?brokers=localhost%3A9092&deliveryTimeoutMs=500&requestTimeoutMs=500&retries=0. Reason: org.apache.kafka.common.config.ConfigException: Must set retries to non-zero when using the idempotent producer.
2026-06-18 16:07:22.158 | INFO | [BAMOE-CAMEL-DB2] STEP 2 - Kafka REQUEST event published | Topic=bamoe-event-publish | queryId=caseLookup | caseId=200000000483811
2026-06-18 16:07:22.162 | INFO | [BAMOE-CAMEL-DB2] STEP 3 - Calling CamelDb2Connector | queryId=caseLookup | caseId=200000000483811
2026-06-18 16:07:22.164 | INFO | [BAMOE-CAMEL-DB2-CONNECTOR] Opening DB2 connection | caseId=200000000483811 | Query=SELECT cs.CASE_EXTID, pnm.FIRST_NM, pnm.LAST_NM, csp.ROLE_CD FROM CASE cs JOIN CASE_PARTICIPANT csp ON cs.CASE_ID = csp.CASE_ID JOIN PARTICIPANT_NAME pnm ON csp.PRTCP_ID = pnm.PRTCP_ID WHERE csp.ROLE_CD IN ('CUS', 'NCP') AND csp.STAT_CD = 'ACT' AND cs.CASE_EXTID = ? FETCH FIRST 100 ROWS ONLY
2026-06-18 16:07:22.726 | INFO | [BAMOE-CAMEL-DB2-CONNECTOR] DB2 connection acquired | caseId=200000000483811 | AutoCommit=true
2026-06-18 16:07:22.728 | INFO | [BAMOE-CAMEL-DB2-CONNECTOR] Executing DB2 query | caseId=200000000483811 | SQL=SELECT cs.CASE_EXTID, pnm.FIRST_NM, pnm.LAST_NM, csp.ROLE_CD FROM CASE cs JOIN CASE_PARTICIPANT csp ON cs.CASE_ID = csp.CASE_ID JOIN PARTICIPANT_NAME pnm ON csp.PRTCP_ID = pnm.PRTCP_ID WHERE csp.ROLE_CD IN ('CUS', 'NCP') AND csp.STAT_CD = 'ACT' AND cs.CASE_EXTID = ? FETCH FIRST 100 ROWS ONLY
2026-06-18 16:07:22.833 | INFO | [BAMOE-CAMEL-DB2-CONNECTOR] Row mapped | caseId=200000000483811 | Row={CASE_EXTID=200000000483811, FIRST_NM=WILBURN, LAST_NM=CISCO, ROLE_CD=NCP}
2026-06-18 16:07:22.835 | INFO | [BAMOE-CAMEL-DB2-CONNECTOR] Row mapped | caseId=200000000483811 | Row={CASE_EXTID=200000000483811, FIRST_NM=REMEDIOS, LAST_NM=QUESENBERRY, ROLE_CD=CUS}
2026-06-18 16:07:22.938 | INFO | [BAMOE-CAMEL-DB2-CONNECTOR] DB2 query successful | caseId=200000000483811 | RowsReturned=2 | DurationMs=774 | Columns=[CASE_EXTID, FIRST_NM, LAST_NM, ROLE_CD]
2026-06-18 16:07:22.940 | INFO | [BAMOE-CAMEL-DB2-CONNECTOR] DB2 connection closed | caseId=200000000483811
2026-06-18 16:07:22.942 | INFO | [BAMOE-CAMEL-DB2] STEP 3 - DB2 data received | queryId=caseLookup | caseId=200000000483811 | RowsReturned=2
2026-06-18 16:07:22.944 | INFO | [BAMOE-CAMEL-DB2] STEP 4 - JSON Response built and sent to BAMOE | queryId=caseLookup | caseId=200000000483811 | TotalRecords=2
2026-06-18 16:07:22.948 | ERROR | [BAMOE-CAMEL-DB2] Failed to publish to Kafka | Topic=bamoe-event-publish | Reason=Failed to create Producer for endpoint: kafka://bamoe-event-publish?brokers=localhost%3A9092&deliveryTimeoutMs=500&requestTimeoutMs=500&retries=0. Reason: org.apache.kafka.common.config.ConfigException: Must set retries to non-zero when using the idempotent producer.
2026-06-18 16:07:22.950 | INFO | [BAMOE-CAMEL-DB2] STEP 5 - Published SUCCESS event to Kafka | Topic=bamoe-event-publish | queryId=caseLookup | caseId=200000000483811 | DurationMs=796
2026-06-18 16:07:22.951 | INFO | [BAMOE-CAMEL-DB2] ROUTE COMPLETE | queryId=caseLookup | caseId=200000000483811 | DurationMs=796
2026-06-23 14:59:27.563 | INFO | [APP STARTUP] Bouncy Castle provider inserted
2026-06-23 14:59:32.567 | INFO | [BAMOE-CAMEL-DB2-CONNECTOR-CONFIG] Registering caseDb2DataSource bean | Server=vmdevtestdboltp02 | Port=60026 | Database=CSE1DV01 | SSL=false
2026-06-23 14:59:32.741 | INFO | [BAMOE-CAMEL-DB2-CONNECTOR-CONFIG] caseDb2DataSource bean registered successfully
2026-06-23 14:59:32.832 | INFO | [BAMOE-CAMEL-DB2-CONNECTOR] CamelDb2Connector initialized | DataSource=caseDb2DataSource
2026-06-23 14:59:32.841 | INFO | [BAMOE-CAMEL-QUERY-REGISTRY] Query loaded | QueryId=caseTeam
2026-06-23 14:59:32.844 | INFO | [BAMOE-CAMEL-QUERY-REGISTRY] Query loaded | QueryId=caseLookup
2026-06-23 14:59:32.846 | INFO | [BAMOE-CAMEL-QUERY-REGISTRY] Query registry initialized | Source=query-registry.properties | AvailableQueryIds=[caseTeam, caseLookup]
2026-06-23 14:59:34.502 | INFO | [BAMOE-CONNECTION-TESTER] ========================================
2026-06-23 14:59:34.504 | INFO | [BAMOE-CONNECTION-TESTER] Running startup connection tests...
2026-06-23 14:59:34.506 | INFO | [BAMOE-CONNECTION-TESTER] ========================================
2026-06-23 14:59:34.508 | INFO | [BAMOE-CONNECTION-TESTER] [DB2] Testing DB2 connection...
2026-06-23 14:59:35.393 | INFO | [BAMOE-CONNECTION-TESTER] [DB2] Connection opened successfully
2026-06-23 14:59:35.499 | INFO | [BAMOE-CONNECTION-TESTER] [DB2] - DB2 CONNECTION SUCCESS | Ping query returned: 1 | DB2 is reachable and responding
2026-06-23 14:59:35.590 | INFO | [BAMOE-CONNECTION-TESTER] [KAFKA] Testing Kafka connection... | Broker=localhost:9092
2026-06-23 14:59:40.797 | ERROR | [BAMOE-CONNECTION-TESTER] [KAFKA] - KAFKA BROKER CONNECTION FAILED | Broker=localhost:9092 | Reason=org.apache.kafka.common.errors.TimeoutException: Timed out waiting for a node assignment. Call: listTopics | Check: broker IP and port in application.properties
2026-06-23 14:59:40.797 | INFO | [BAMOE-CONNECTION-TESTER] ========================================
2026-06-23 14:59:40.799 | INFO | [BAMOE-CONNECTION-TESTER] Connection tests completed.
2026-06-23 14:59:40.801 | INFO | [BAMOE-CONNECTION-TESTER] ========================================
2026-06-23 14:59:40.805 | INFO | [APP READY] Application started - BAMOE Camel route active
2026-06-23 14:59:40.807 | INFO | [APP READY] Listening for BAMOE requests on: POST http://vmdevtestrhelaro01.dcss.gov:8080/bamoe/execute-query
2026-06-23 15:00:22.523 | INFO | [BAMOE-CAMEL-DB2] STEP 1 - HTTP POST Request Received from BAMOE | Body={"queryId":"caseLookup","params":{"caseId":"200000000483855"}}
2026-06-23 15:00:22.526 | INFO | [BAMOE-CAMEL-DB2] STEP 1 - Parsed successfully | queryId=caseLookup | caseId=200000000483855
2026-06-23 15:00:23.105 | ERROR | [BAMOE-CAMEL-DB2] Failed to publish to Kafka | Topic=bamoe-event-publish | Reason=Failed to create Producer for endpoint: kafka://bamoe-event-publish?brokers=localhost%3A9092&deliveryTimeoutMs=500&requestTimeoutMs=500&retries=0. Reason: org.apache.kafka.common.config.ConfigException: Must set retries to non-zero when using the idempotent producer.
2026-06-23 15:00:23.107 | INFO | [BAMOE-CAMEL-DB2] STEP 2 - Kafka REQUEST event published | Topic=bamoe-event-publish | queryId=caseLookup | caseId=200000000483855
2026-06-23 15:00:23.110 | INFO | [BAMOE-CAMEL-DB2] STEP 3 - Calling CamelDb2Connector | queryId=caseLookup | caseId=200000000483855
2026-06-23 15:00:23.112 | INFO | [BAMOE-CAMEL-DB2-CONNECTOR] Opening DB2 connection | caseId=200000000483855 | Query=SELECT cs.CASE_EXTID, pnm.FIRST_NM, pnm.LAST_NM, csp.ROLE_CD FROM CASE cs JOIN CASE_PARTICIPANT csp ON cs.CASE_ID = csp.CASE_ID JOIN PARTICIPANT_NAME pnm ON csp.PRTCP_ID = pnm.PRTCP_ID WHERE csp.ROLE_CD IN ('CUS', 'NCP') AND csp.STAT_CD = 'ACT' AND cs.CASE_EXTID = ? FETCH FIRST 100 ROWS ONLY
2026-06-23 15:00:23.816 | INFO | [BAMOE-CAMEL-DB2-CONNECTOR] DB2 connection acquired | caseId=200000000483855 | AutoCommit=true
2026-06-23 15:00:23.819 | INFO | [BAMOE-CAMEL-DB2-CONNECTOR] Executing DB2 query | caseId=200000000483855 | SQL=SELECT cs.CASE_EXTID, pnm.FIRST_NM, pnm.LAST_NM, csp.ROLE_CD FROM CASE cs JOIN CASE_PARTICIPANT csp ON cs.CASE_ID = csp.CASE_ID JOIN PARTICIPANT_NAME pnm ON csp.PRTCP_ID = pnm.PRTCP_ID WHERE csp.ROLE_CD IN ('CUS', 'NCP') AND csp.STAT_CD = 'ACT' AND cs.CASE_EXTID = ? FETCH FIRST 100 ROWS ONLY
2026-06-23 15:00:24.002 | INFO | [BAMOE-CAMEL-DB2-CONNECTOR] Row mapped | caseId=200000000483855 | Row={CASE_EXTID=200000000483855, FIRST_NM=STOKELY, LAST_NM=ADDINGTON, ROLE_CD=NCP}
2026-06-23 15:00:24.004 | INFO | [BAMOE-CAMEL-DB2-CONNECTOR] Row mapped | caseId=200000000483855 | Row={CASE_EXTID=200000000483855, FIRST_NM=WEITZ, LAST_NM=ADDINGTON, ROLE_CD=NCP}
2026-06-23 15:00:24.006 | INFO | [BAMOE-CAMEL-DB2-CONNECTOR] Row mapped | caseId=200000000483855 | Row={CASE_EXTID=200000000483855, FIRST_NM=TERISA, LAST_NM=ADDINGTON, ROLE_CD=CUS}
2026-06-23 15:00:24.008 | INFO | [BAMOE-CAMEL-DB2-CONNECTOR] Row mapped | caseId=200000000483855 | Row={CASE_EXTID=200000000483855, FIRST_NM=TERISA, LAST_NM=DAVIS, ROLE_CD=CUS}
2026-06-23 15:00:24.009 | INFO | [BAMOE-CAMEL-DB2-CONNECTOR] Row mapped | caseId=200000000483855 | Row={CASE_EXTID=200000000483855, FIRST_NM=TERISA, LAST_NM=RABER, ROLE_CD=CUS}
2026-06-23 15:00:24.105 | INFO | [BAMOE-CAMEL-DB2-CONNECTOR] DB2 query successful | caseId=200000000483855 | RowsReturned=5 | DurationMs=988 | Columns=[CASE_EXTID, FIRST_NM, LAST_NM, ROLE_CD]
2026-06-23 15:00:24.107 | INFO | [BAMOE-CAMEL-DB2-CONNECTOR] DB2 connection closed | caseId=200000000483855
2026-06-23 15:00:24.112 | INFO | [BAMOE-CAMEL-DB2] STEP 3 - DB2 data received | queryId=caseLookup | caseId=200000000483855 | RowsReturned=5
2026-06-23 15:00:24.119 | INFO | [BAMOE-CAMEL-DB2] STEP 4 - JSON Response built and sent to BAMOE | queryId=caseLookup | caseId=200000000483855 | TotalRecords=5
2026-06-23 15:00:24.123 | ERROR | [BAMOE-CAMEL-DB2] Failed to publish to Kafka | Topic=bamoe-event-publish | Reason=Failed to create Producer for endpoint: kafka://bamoe-event-publish?brokers=localhost%3A9092&deliveryTimeoutMs=500&requestTimeoutMs=500&retries=0. Reason: org.apache.kafka.common.config.ConfigException: Must set retries to non-zero when using the idempotent producer.
2026-06-23 15:00:24.128 | INFO | [BAMOE-CAMEL-DB2] STEP 5 - Published SUCCESS event to Kafka | Topic=bamoe-event-publish | queryId=caseLookup | caseId=200000000483855 | DurationMs=1598
2026-06-23 15:00:24.130 | INFO | [BAMOE-CAMEL-DB2] ROUTE COMPLETE | queryId=caseLookup | caseId=200000000483855 | DurationMs=1598
2026-06-23 15:08:56.724 | INFO | [BAMOE-CAMEL-DB2] STEP 1 - HTTP POST Request Received from BAMOE | Body={"queryId":"caseLookup","params":{"caseId":"200000000483811"}}
2026-06-23 15:08:56.726 | INFO | [BAMOE-CAMEL-DB2] STEP 1 - Parsed successfully | queryId=caseLookup | caseId=200000000483811
2026-06-23 15:08:56.730 | ERROR | [BAMOE-CAMEL-DB2] Failed to publish to Kafka | Topic=bamoe-event-publish | Reason=Failed to create Producer for endpoint: kafka://bamoe-event-publish?brokers=localhost%3A9092&deliveryTimeoutMs=500&requestTimeoutMs=500&retries=0. Reason: org.apache.kafka.common.config.ConfigException: Must set retries to non-zero when using the idempotent producer.
2026-06-23 15:08:56.733 | INFO | [BAMOE-CAMEL-DB2] STEP 2 - Kafka REQUEST event published | Topic=bamoe-event-publish | queryId=caseLookup | caseId=200000000483811
2026-06-23 15:08:56.734 | INFO | [BAMOE-CAMEL-DB2] STEP 3 - Calling CamelDb2Connector | queryId=caseLookup | caseId=200000000483811
2026-06-23 15:08:56.736 | INFO | [BAMOE-CAMEL-DB2-CONNECTOR] Opening DB2 connection | caseId=200000000483811 | Query=SELECT cs.CASE_EXTID, pnm.FIRST_NM, pnm.LAST_NM, csp.ROLE_CD FROM CASE cs JOIN CASE_PARTICIPANT csp ON cs.CASE_ID = csp.CASE_ID JOIN PARTICIPANT_NAME pnm ON csp.PRTCP_ID = pnm.PRTCP_ID WHERE csp.ROLE_CD IN ('CUS', 'NCP') AND csp.STAT_CD = 'ACT' AND cs.CASE_EXTID = ? FETCH FIRST 100 ROWS ONLY
2026-06-23 15:08:57.280 | INFO | [BAMOE-CAMEL-DB2-CONNECTOR] DB2 connection acquired | caseId=200000000483811 | AutoCommit=true
2026-06-23 15:08:57.282 | INFO | [BAMOE-CAMEL-DB2-CONNECTOR] Executing DB2 query | caseId=200000000483811 | SQL=SELECT cs.CASE_EXTID, pnm.FIRST_NM, pnm.LAST_NM, csp.ROLE_CD FROM CASE cs JOIN CASE_PARTICIPANT csp ON cs.CASE_ID = csp.CASE_ID JOIN PARTICIPANT_NAME pnm ON csp.PRTCP_ID = pnm.PRTCP_ID WHERE csp.ROLE_CD IN ('CUS', 'NCP') AND csp.STAT_CD = 'ACT' AND cs.CASE_EXTID = ? FETCH FIRST 100 ROWS ONLY
2026-06-23 15:08:57.376 | INFO | [BAMOE-CAMEL-DB2-CONNECTOR] Row mapped | caseId=200000000483811 | Row={CASE_EXTID=200000000483811, FIRST_NM=WILBURN, LAST_NM=CISCO, ROLE_CD=NCP}
2026-06-23 15:08:57.378 | INFO | [BAMOE-CAMEL-DB2-CONNECTOR] Row mapped | caseId=200000000483811 | Row={CASE_EXTID=200000000483811, FIRST_NM=REMEDIOS, LAST_NM=QUESENBERRY, ROLE_CD=CUS}
2026-06-23 15:08:57.469 | INFO | [BAMOE-CAMEL-DB2-CONNECTOR] DB2 query successful | caseId=200000000483811 | RowsReturned=2 | DurationMs=733 | Columns=[CASE_EXTID, FIRST_NM, LAST_NM, ROLE_CD]
2026-06-23 15:08:57.471 | INFO | [BAMOE-CAMEL-DB2-CONNECTOR] DB2 connection closed | caseId=200000000483811
2026-06-23 15:08:57.472 | INFO | [BAMOE-CAMEL-DB2] STEP 3 - DB2 data received | queryId=caseLookup | caseId=200000000483811 | RowsReturned=2
2026-06-23 15:08:57.473 | INFO | [BAMOE-CAMEL-DB2] STEP 4 - JSON Response built and sent to BAMOE | queryId=caseLookup | caseId=200000000483811 | TotalRecords=2
2026-06-23 15:08:57.476 | ERROR | [BAMOE-CAMEL-DB2] Failed to publish to Kafka | Topic=bamoe-event-publish | Reason=Failed to create Producer for endpoint: kafka://bamoe-event-publish?brokers=localhost%3A9092&deliveryTimeoutMs=500&requestTimeoutMs=500&retries=0. Reason: org.apache.kafka.common.config.ConfigException: Must set retries to non-zero when using the idempotent producer.
2026-06-23 15:08:57.478 | INFO | [BAMOE-CAMEL-DB2] STEP 5 - Published SUCCESS event to Kafka | Topic=bamoe-event-publish | queryId=caseLookup | caseId=200000000483811 | DurationMs=751
2026-06-23 15:08:57.479 | INFO | [BAMOE-CAMEL-DB2] ROUTE COMPLETE | queryId=caseLookup | caseId=200000000483811 | DurationMs=751
2026-06-23 15:19:56.089 | INFO | [BAMOE-CAMEL-DB2] STEP 1 - HTTP POST Request Received from BAMOE | Body={"queryId":"caseLookup","params":{"caseId":"20000000048381"}}
2026-06-23 15:19:56.091 | INFO | [BAMOE-CAMEL-DB2] STEP 1 - Parsed successfully | queryId=caseLookup | caseId=20000000048381
2026-06-23 15:19:56.095 | ERROR | [BAMOE-CAMEL-DB2] Failed to publish to Kafka | Topic=bamoe-event-publish | Reason=Failed to create Producer for endpoint: kafka://bamoe-event-publish?brokers=localhost%3A9092&deliveryTimeoutMs=500&requestTimeoutMs=500&retries=0. Reason: org.apache.kafka.common.config.ConfigException: Must set retries to non-zero when using the idempotent producer.
2026-06-23 15:19:56.096 | INFO | [BAMOE-CAMEL-DB2] STEP 2 - Kafka REQUEST event published | Topic=bamoe-event-publish | queryId=caseLookup | caseId=20000000048381
2026-06-23 15:19:56.098 | INFO | [BAMOE-CAMEL-DB2] STEP 3 - Calling CamelDb2Connector | queryId=caseLookup | caseId=20000000048381
2026-06-23 15:19:56.099 | INFO | [BAMOE-CAMEL-DB2-CONNECTOR] Opening DB2 connection | caseId=20000000048381 | Query=SELECT cs.CASE_EXTID, pnm.FIRST_NM, pnm.LAST_NM, csp.ROLE_CD FROM CASE cs JOIN CASE_PARTICIPANT csp ON cs.CASE_ID = csp.CASE_ID JOIN PARTICIPANT_NAME pnm ON csp.PRTCP_ID = pnm.PRTCP_ID WHERE csp.ROLE_CD IN ('CUS', 'NCP') AND csp.STAT_CD = 'ACT' AND cs.CASE_EXTID = ? FETCH FIRST 100 ROWS ONLY
2026-06-23 15:19:56.821 | INFO | [BAMOE-CAMEL-DB2-CONNECTOR] DB2 connection acquired | caseId=20000000048381 | AutoCommit=true
2026-06-23 15:19:56.824 | INFO | [BAMOE-CAMEL-DB2-CONNECTOR] Executing DB2 query | caseId=20000000048381 | SQL=SELECT cs.CASE_EXTID, pnm.FIRST_NM, pnm.LAST_NM, csp.ROLE_CD FROM CASE cs JOIN CASE_PARTICIPANT csp ON cs.CASE_ID = csp.CASE_ID JOIN PARTICIPANT_NAME pnm ON csp.PRTCP_ID = pnm.PRTCP_ID WHERE csp.ROLE_CD IN ('CUS', 'NCP') AND csp.STAT_CD = 'ACT' AND cs.CASE_EXTID = ? FETCH FIRST 100 ROWS ONLY
2026-06-23 15:19:57.009 | INFO | [BAMOE-CAMEL-DB2-CONNECTOR] DB2 query returned no records | caseId=20000000048381 | DurationMs=907
2026-06-23 15:19:57.012 | INFO | [BAMOE-CAMEL-DB2-CONNECTOR] DB2 connection closed | caseId=20000000048381
2026-06-23 15:19:57.014 | INFO | [BAMOE-CAMEL-DB2] STEP 3 - DB2 data received | queryId=caseLookup | caseId=20000000048381 | RowsReturned=0
2026-06-23 15:19:57.015 | ERROR | [BAMOE-CAMEL-DB2] STEP 4 - No records found in DB2 | queryId=caseLookup | caseId=20000000048381
2026-06-23 15:19:57.020 | ERROR | [BAMOE-CAMEL-DB2] Failed to publish to Kafka | Topic=orch-engine-error-log | Reason=Failed to create Producer for endpoint: kafka://orch-engine-error-log?brokers=localhost%3A9092&deliveryTimeoutMs=500&requestTimeoutMs=500&retries=0. Reason: org.apache.kafka.common.config.ConfigException: Must set retries to non-zero when using the idempotent producer.
2026-06-23 15:19:57.021 | ERROR | [BAMOE-CAMEL-DB2] STEP 5 - Published ERROR event to Kafka | Topic=orch-engine-error-log | queryId=caseLookup | caseId=20000000048381
2026-06-23 15:19:57.022 | INFO | [BAMOE-CAMEL-DB2] ROUTE COMPLETE | queryId=caseLookup | caseId=20000000048381 | DurationMs=928
2026-06-24 11:59:46.053 | INFO | [BAMOE-CAMEL-DB2] STEP 1 - HTTP POST Request Received from BAMOE | Body={"queryId":"caseLookup","params":{"caseId":"0370017718398"}}
2026-06-24 11:59:46.060 | INFO | [BAMOE-CAMEL-DB2] STEP 1 - Parsed successfully | queryId=caseLookup | caseId=0370017718398
2026-06-24 11:59:46.081 | ERROR | [BAMOE-CAMEL-DB2] Failed to publish to Kafka | Topic=bamoe-event-publish | Reason=Failed to create Producer for endpoint: kafka://bamoe-event-publish?brokers=localhost%3A9092&deliveryTimeoutMs=500&requestTimeoutMs=500&retries=0. Reason: org.apache.kafka.common.config.ConfigException: Must set retries to non-zero when using the idempotent producer.
2026-06-24 11:59:46.083 | INFO | [BAMOE-CAMEL-DB2] STEP 2 - Kafka REQUEST event published | Topic=bamoe-event-publish | queryId=caseLookup | caseId=0370017718398
2026-06-24 11:59:46.085 | INFO | [BAMOE-CAMEL-DB2] STEP 3 - Calling CamelDb2Connector | queryId=caseLookup | caseId=0370017718398
2026-06-24 11:59:46.087 | INFO | [BAMOE-CAMEL-DB2-CONNECTOR] Opening DB2 connection | caseId=0370017718398 | Query=SELECT cs.CASE_EXTID, pnm.FIRST_NM, pnm.LAST_NM, csp.ROLE_CD FROM CASE cs JOIN CASE_PARTICIPANT csp ON cs.CASE_ID = csp.CASE_ID JOIN PARTICIPANT_NAME pnm ON csp.PRTCP_ID = pnm.PRTCP_ID WHERE csp.ROLE_CD IN ('CUS', 'NCP') AND csp.STAT_CD = 'ACT' AND cs.CASE_EXTID = ? FETCH FIRST 100 ROWS ONLY
2026-06-24 11:59:46.642 | INFO | [BAMOE-CAMEL-DB2-CONNECTOR] DB2 connection acquired | caseId=0370017718398 | AutoCommit=true
2026-06-24 11:59:46.645 | INFO | [BAMOE-CAMEL-DB2-CONNECTOR] Executing DB2 query | caseId=0370017718398 | SQL=SELECT cs.CASE_EXTID, pnm.FIRST_NM, pnm.LAST_NM, csp.ROLE_CD FROM CASE cs JOIN CASE_PARTICIPANT csp ON cs.CASE_ID = csp.CASE_ID JOIN PARTICIPANT_NAME pnm ON csp.PRTCP_ID = pnm.PRTCP_ID WHERE csp.ROLE_CD IN ('CUS', 'NCP') AND csp.STAT_CD = 'ACT' AND cs.CASE_EXTID = ? FETCH FIRST 100 ROWS ONLY
2026-06-24 11:59:46.763 | INFO | [BAMOE-CAMEL-DB2-CONNECTOR] Row mapped | caseId=0370017718398 | Row={CASE_EXTID=0370017718398, FIRST_NM=ANNELIESE, LAST_NM=CHISOLM, ROLE_CD=CUS}
2026-06-24 11:59:46.765 | INFO | [BAMOE-CAMEL-DB2-CONNECTOR] Row mapped | caseId=0370017718398 | Row={CASE_EXTID=0370017718398, FIRST_NM=MEAGHAN, LAST_NM=CHISOLM, ROLE_CD=CUS}
2026-06-24 11:59:46.768 | INFO | [BAMOE-CAMEL-DB2-CONNECTOR] Row mapped | caseId=0370017718398 | Row={CASE_EXTID=0370017718398, FIRST_NM=MEAGHAN, LAST_NM=GLEASON, ROLE_CD=CUS}
2026-06-24 11:59:46.769 | INFO | [BAMOE-CAMEL-DB2-CONNECTOR] Row mapped | caseId=0370017718398 | Row={CASE_EXTID=0370017718398, FIRST_NM=YOLONDA, LAST_NM=ROMO, ROLE_CD=CUS}
2026-06-24 11:59:46.771 | INFO | [BAMOE-CAMEL-DB2-CONNECTOR] Row mapped | caseId=0370017718398 | Row={CASE_EXTID=0370017718398, FIRST_NM=MEAGHAN, LAST_NM=WECHSLER, ROLE_CD=CUS}
2026-06-24 11:59:46.772 | INFO | [BAMOE-CAMEL-DB2-CONNECTOR] Row mapped | caseId=0370017718398 | Row={CASE_EXTID=0370017718398, FIRST_NM=HUCK, LAST_NM=WECHSLER, ROLE_CD=NCP}
2026-06-24 11:59:46.774 | INFO | [BAMOE-CAMEL-DB2-CONNECTOR] Row mapped | caseId=0370017718398 | Row={CASE_EXTID=0370017718398, FIRST_NM=PAT, LAST_NM=WECHSLER, ROLE_CD=NCP}
2026-06-24 11:59:46.775 | INFO | [BAMOE-CAMEL-DB2-CONNECTOR] Row mapped | caseId=0370017718398 | Row={CASE_EXTID=0370017718398, FIRST_NM=PAT, LAST_NM=WECHSLER, ROLE_CD=NCP}
2026-06-24 11:59:46.866 | INFO | [BAMOE-CAMEL-DB2-CONNECTOR] DB2 query successful | caseId=0370017718398 | RowsReturned=8 | DurationMs=778 | Columns=[CASE_EXTID, FIRST_NM, LAST_NM, ROLE_CD]
2026-06-24 11:59:46.868 | INFO | [BAMOE-CAMEL-DB2-CONNECTOR] DB2 connection closed | caseId=0370017718398
2026-06-24 11:59:46.870 | INFO | [BAMOE-CAMEL-DB2] STEP 3 - DB2 data received | queryId=caseLookup | caseId=0370017718398 | RowsReturned=8
2026-06-24 11:59:46.872 | INFO | [BAMOE-CAMEL-DB2] STEP 4 - JSON Response built and sent to BAMOE | queryId=caseLookup | caseId=0370017718398 | TotalRecords=8
2026-06-24 11:59:46.876 | ERROR | [BAMOE-CAMEL-DB2] Failed to publish to Kafka | Topic=bamoe-event-publish | Reason=Failed to create Producer for endpoint: kafka://bamoe-event-publish?brokers=localhost%3A9092&deliveryTimeoutMs=500&requestTimeoutMs=500&retries=0. Reason: org.apache.kafka.common.config.ConfigException: Must set retries to non-zero when using the idempotent producer.
2026-06-24 11:59:46.878 | INFO | [BAMOE-CAMEL-DB2] STEP 5 - Published SUCCESS event to Kafka | Topic=bamoe-event-publish | queryId=caseLookup | caseId=0370017718398 | DurationMs=821
2026-06-24 11:59:46.879 | INFO | [BAMOE-CAMEL-DB2] ROUTE COMPLETE | queryId=caseLookup | caseId=0370017718398 | DurationMs=821
2026-06-26 12:19:15.804 | INFO | [APP STARTUP] Bouncy Castle provider inserted
2026-06-26 12:19:20.364 | INFO | [BAMOE-CAMEL-DB2-CONNECTOR-CONFIG] Registering caseDb2DataSource bean | Server=vmdevtestdboltp02 | Port=60026 | Database=CSE1DV01 | SSL=false
2026-06-26 12:19:20.538 | INFO | [BAMOE-CAMEL-DB2-CONNECTOR-CONFIG] caseDb2DataSource bean registered successfully
2026-06-26 12:19:20.596 | INFO | [BAMOE-CAMEL-DB2-CONNECTOR] CamelDb2Connector initialized | DataSource=caseDb2DataSource
2026-06-26 12:19:20.607 | INFO | [BAMOE-CAMEL-QUERY-REGISTRY] Query loaded | QueryId=caseTeam
2026-06-26 12:19:20.609 | INFO | [BAMOE-CAMEL-QUERY-REGISTRY] Query loaded | QueryId=caseLookup
2026-06-26 12:19:20.609 | INFO | [BAMOE-CAMEL-QUERY-REGISTRY] Query registry initialized | Source=query-registry.properties | AvailableQueryIds=[caseTeam, caseLookup]
2026-06-26 12:43:48.568 | INFO | [APP STARTUP] Bouncy Castle provider inserted
2026-06-26 12:45:26.060 | INFO | [APP STARTUP] Bouncy Castle provider inserted
2026-06-26 12:45:30.225 | INFO | [BAMOE-CAMEL-DB2-CONNECTOR-CONFIG] Registering caseDb2DataSource bean | Server=vmdevtestdboltp02 | Port=60026 | Database=CSE1DV01 | SSL=false
2026-06-26 12:45:30.379 | INFO | [BAMOE-CAMEL-DB2-CONNECTOR-CONFIG] caseDb2DataSource bean registered successfully
2026-06-26 12:45:30.443 | INFO | [BAMOE-CAMEL-DB2-CONNECTOR] CamelDb2Connector initialized | DataSource=caseDb2DataSource
2026-06-26 12:45:30.459 | INFO | [BAMOE-CAMEL-QUERY-REGISTRY] Query loaded | QueryId=caseTeam
2026-06-26 12:45:30.461 | INFO | [BAMOE-CAMEL-QUERY-REGISTRY] Query loaded | QueryId=caseLookup
2026-06-26 12:45:30.463 | INFO | [BAMOE-CAMEL-QUERY-REGISTRY] Query registry initialized | Source=query-registry.properties | AvailableQueryIds=[caseTeam, caseLookup]
2026-06-26 12:45:31.999 | INFO | [BAMOE-CONNECTION-TESTER] ========================================
2026-06-26 12:45:32.001 | INFO | [BAMOE-CONNECTION-TESTER] Running startup connection tests...
2026-06-26 12:45:32.003 | INFO | [BAMOE-CONNECTION-TESTER] ========================================
2026-06-26 12:45:32.005 | INFO | [BAMOE-CONNECTION-TESTER] [DB2] Testing DB2 connection...
2026-06-26 12:45:32.941 | INFO | [BAMOE-CONNECTION-TESTER] [DB2] Connection opened successfully
2026-06-26 12:45:33.055 | INFO | [BAMOE-CONNECTION-TESTER] [DB2] - DB2 CONNECTION SUCCESS | Ping query returned: 1 | DB2 is reachable and responding
2026-06-26 12:45:33.164 | INFO | [BAMOE-CONNECTION-TESTER] [KAFKA] Testing Kafka connection... | Broker=localhost:9092
2026-06-26 12:45:38.385 | ERROR | [BAMOE-CONNECTION-TESTER] [KAFKA] - KAFKA BROKER CONNECTION FAILED | Broker=localhost:9092 | Reason=org.apache.kafka.common.errors.TimeoutException: Timed out waiting for a node assignment. Call: listTopics | Check: broker IP and port in application.properties
2026-06-26 12:45:38.388 | INFO | [BAMOE-CONNECTION-TESTER] ========================================
2026-06-26 12:45:38.390 | INFO | [BAMOE-CONNECTION-TESTER] Connection tests completed.
2026-06-26 12:45:38.390 | INFO | [BAMOE-CONNECTION-TESTER] ========================================
2026-06-26 12:45:38.395 | INFO | [APP READY] Application started - BAMOE Camel route active
2026-06-26 12:45:38.395 | INFO | [APP READY] Listening for BAMOE requests on: POST http://vmdevtestrhelaro01.dcss.gov:8080/bamoe/execute-query
2026-07-20 19:00:27.035 | INFO | [APP STARTUP] Bouncy Castle provider inserted
2026-07-20 19:00:31.815 | INFO | [BAMOE-CAMEL-DB2-CONNECTOR-CONFIG] Registering caseDb2DataSource bean | Server=vmdevtestdboltp02 | Port=60026 | Database=CSE1DV01 | SSL=false
2026-07-20 19:00:32.018 | INFO | [BAMOE-CAMEL-DB2-CONNECTOR-CONFIG] caseDb2DataSource bean registered successfully
2026-07-20 19:00:32.081 | INFO | [BAMOE-CAMEL-DB2-CONNECTOR] CamelDb2Connector initialized | DataSource=caseDb2DataSource
2026-07-20 19:00:32.092 | INFO | [BAMOE-CAMEL-QUERY-REGISTRY] Query loaded | QueryId=caseTeam
2026-07-20 19:00:32.093 | INFO | [BAMOE-CAMEL-QUERY-REGISTRY] Query loaded | QueryId=caseLookup
2026-07-20 19:00:32.095 | INFO | [BAMOE-CAMEL-QUERY-REGISTRY] Query registry initialized | Source=query-registry.properties | AvailableQueryIds=[caseTeam, caseLookup]
2026-07-20 19:03:27.958 | INFO | [APP STARTUP] Bouncy Castle provider inserted
2026-07-20 19:03:31.744 | INFO | [BAMOE-CAMEL-DB2-CONNECTOR-CONFIG] Registering caseDb2DataSource bean | Server=vmdevtestdboltp02 | Port=60026 | Database=CSE1DV01 | SSL=false
2026-07-20 19:03:31.886 | INFO | [BAMOE-CAMEL-DB2-CONNECTOR-CONFIG] caseDb2DataSource bean registered successfully
2026-07-20 19:03:31.933 | INFO | [BAMOE-CAMEL-DB2-CONNECTOR] CamelDb2Connector initialized | DataSource=caseDb2DataSource
2026-07-20 19:03:31.941 | INFO | [BAMOE-CAMEL-QUERY-REGISTRY] Query loaded | QueryId=caseTeam
2026-07-20 19:03:31.942 | INFO | [BAMOE-CAMEL-QUERY-REGISTRY] Query loaded | QueryId=caseLookup
2026-07-20 19:03:31.944 | INFO | [BAMOE-CAMEL-QUERY-REGISTRY] Query registry initialized | Source=query-registry.properties | AvailableQueryIds=[caseTeam, caseLookup]
2026-07-20 19:03:33.346 | INFO | [BAMOE-CONNECTION-TESTER] ========================================
2026-07-20 19:03:33.347 | INFO | [BAMOE-CONNECTION-TESTER] Running startup connection tests...
2026-07-20 19:03:33.350 | INFO | [BAMOE-CONNECTION-TESTER] ========================================
2026-07-20 19:03:33.352 | INFO | [BAMOE-CONNECTION-TESTER] [DB2] Testing DB2 connection...
2026-07-20 19:03:34.228 | INFO | [BAMOE-CONNECTION-TESTER] [DB2] Connection opened successfully
2026-07-20 19:03:34.338 | INFO | [BAMOE-CONNECTION-TESTER] [DB2] - DB2 CONNECTION SUCCESS | Ping query returned: 1 | DB2 is reachable and responding
2026-07-20 19:03:34.431 | INFO | [BAMOE-CONNECTION-TESTER] [KAFKA] Testing Kafka connection... | Broker=host.containers.internal:9092
2026-07-20 19:03:34.539 | ERROR | [BAMOE-CONNECTION-TESTER] [KAFKA] - KAFKA BROKER CONNECTION FAILED | Broker=host.containers.internal:9092 | Reason=Failed to create new KafkaAdminClient | Check: broker IP and port in application.properties
2026-07-20 19:03:34.541 | INFO | [BAMOE-CONNECTION-TESTER] ========================================
2026-07-20 19:03:34.543 | INFO | [BAMOE-CONNECTION-TESTER] Connection tests completed.
2026-07-20 19:03:34.543 | INFO | [BAMOE-CONNECTION-TESTER] ========================================
2026-07-20 19:03:34.546 | INFO | [APP READY] Application started - BAMOE Camel route active
2026-07-20 19:03:34.547 | INFO | [APP READY] Listening for BAMOE requests on: POST http://vmdevtestrhelaro01.dcss.gov:8080/bamoe/execute-query
2026-07-20 19:03:43.656 | INFO | [BAMOE-CAMEL-DB2] STEP 1 - HTTP POST Request Received from BAMOE | Body={
  "queryId": "caseLookup",
  "params": { "caseId": "200000000484072" }
}
2026-07-20 19:03:43.659 | INFO | [BAMOE-CAMEL-DB2] STEP 1 - Parsed successfully | queryId=caseLookup | caseId=200000000484072
2026-07-20 19:03:44.361 | ERROR | [BAMOE-CAMEL-DB2] Failed to publish to Kafka | Topic=bamoe-event-publish | Reason=Failed to create Producer for endpoint: kafka://bamoe-event-publish?brokers=host.containers.internal%3A9092&deliveryTimeoutMs=5000&requestTimeoutMs=3000&retries=3. Reason: org.apache.kafka.common.KafkaException: Failed to construct kafka producer
2026-07-20 19:03:44.370 | INFO | [BAMOE-CAMEL-DB2] STEP 2 - Kafka REQUEST event published | Topic=bamoe-event-publish | queryId=caseLookup | caseId=200000000484072
2026-07-20 19:03:44.373 | INFO | [BAMOE-CAMEL-DB2] STEP 3 - Calling CamelDb2Connector | queryId=caseLookup | caseId=200000000484072
2026-07-20 19:03:44.376 | INFO | [BAMOE-CAMEL-DB2-CONNECTOR] Opening DB2 connection | caseId=200000000484072 | Query=SELECT cs.CASE_EXTID, pnm.FIRST_NM, pnm.LAST_NM, csp.ROLE_CD FROM CASE cs JOIN CASE_PARTICIPANT csp ON cs.CASE_ID = csp.CASE_ID JOIN PARTICIPANT_NAME pnm ON csp.PRTCP_ID = pnm.PRTCP_ID WHERE csp.ROLE_CD IN ('CUS', 'NCP') AND csp.STAT_CD = 'ACT' AND cs.CASE_EXTID = ? FETCH FIRST 100 ROWS ONLY
2026-07-20 19:03:44.897 | INFO | [BAMOE-CAMEL-DB2-CONNECTOR] DB2 connection acquired | caseId=200000000484072 | AutoCommit=true
2026-07-20 19:03:44.899 | INFO | [BAMOE-CAMEL-DB2-CONNECTOR] Executing DB2 query | caseId=200000000484072 | SQL=SELECT cs.CASE_EXTID, pnm.FIRST_NM, pnm.LAST_NM, csp.ROLE_CD FROM CASE cs JOIN CASE_PARTICIPANT csp ON cs.CASE_ID = csp.CASE_ID JOIN PARTICIPANT_NAME pnm ON csp.PRTCP_ID = pnm.PRTCP_ID WHERE csp.ROLE_CD IN ('CUS', 'NCP') AND csp.STAT_CD = 'ACT' AND cs.CASE_EXTID = ? FETCH FIRST 100 ROWS ONLY
2026-07-20 19:03:45.074 | INFO | [BAMOE-CAMEL-DB2-CONNECTOR] Row mapped | caseId=200000000484072 | Row={CASE_EXTID=200000000484072, FIRST_NM=HELENE, LAST_NM=GLENN, ROLE_CD=CUS}
2026-07-20 19:03:45.076 | INFO | [BAMOE-CAMEL-DB2-CONNECTOR] Row mapped | caseId=200000000484072 | Row={CASE_EXTID=200000000484072, FIRST_NM=HAYDEN, LAST_NM=SHERRELL, ROLE_CD=NCP}
2026-07-20 19:03:45.173 | INFO | [BAMOE-CAMEL-DB2-CONNECTOR] DB2 query successful | caseId=200000000484072 | RowsReturned=2 | DurationMs=792 | Columns=[CASE_EXTID, FIRST_NM, LAST_NM, ROLE_CD]
2026-07-20 19:03:45.176 | INFO | [BAMOE-CAMEL-DB2-CONNECTOR] DB2 connection closed | caseId=200000000484072
2026-07-20 19:03:45.182 | INFO | [BAMOE-CAMEL-DB2] STEP 3 - DB2 data received | queryId=caseLookup | caseId=200000000484072 | RowsReturned=2
2026-07-20 19:03:45.188 | INFO | [BAMOE-CAMEL-DB2] STEP 4 - JSON Response built and sent to BAMOE | queryId=caseLookup | caseId=200000000484072 | TotalRecords=2
2026-07-20 19:03:45.219 | ERROR | [BAMOE-CAMEL-DB2] Failed to publish to Kafka | Topic=bamoe-event-publish | Reason=Failed to create Producer for endpoint: kafka://bamoe-event-publish?brokers=host.containers.internal%3A9092&deliveryTimeoutMs=5000&requestTimeoutMs=3000&retries=3. Reason: org.apache.kafka.common.KafkaException: Failed to construct kafka producer
2026-07-20 19:03:45.226 | INFO | [BAMOE-CAMEL-DB2] STEP 5 - Published SUCCESS event to Kafka | Topic=bamoe-event-publish | queryId=caseLookup | caseId=200000000484072 | DurationMs=1534
2026-07-20 19:03:45.231 | INFO | [BAMOE-CAMEL-DB2] ROUTE COMPLETE | queryId=caseLookup | caseId=200000000484072 | DurationMs=1534
2026-07-20 19:04:10.032 | INFO | [BAMOE-CAMEL-DB2] STEP 1 - HTTP POST Request Received from BAMOE | Body={
  "queryId": "caseTeam",
  "params": { "caseId": "200000000484072" }
}
2026-07-20 19:04:10.034 | INFO | [BAMOE-CAMEL-DB2] STEP 1 - Parsed successfully | queryId=caseTeam | caseId=200000000484072
2026-07-20 19:04:10.058 | ERROR | [BAMOE-CAMEL-DB2] Failed to publish to Kafka | Topic=bamoe-event-publish | Reason=Failed to create Producer for endpoint: kafka://bamoe-event-publish?brokers=host.containers.internal%3A9092&deliveryTimeoutMs=5000&requestTimeoutMs=3000&retries=3. Reason: org.apache.kafka.common.KafkaException: Failed to construct kafka producer
2026-07-20 19:04:10.060 | INFO | [BAMOE-CAMEL-DB2] STEP 2 - Kafka REQUEST event published | Topic=bamoe-event-publish | queryId=caseTeam | caseId=200000000484072
2026-07-20 19:04:10.062 | INFO | [BAMOE-CAMEL-DB2] STEP 3 - Calling CamelDb2Connector | queryId=caseTeam | caseId=200000000484072
2026-07-20 19:04:10.064 | INFO | [BAMOE-CAMEL-DB2-CONNECTOR] Opening DB2 connection | caseId=200000000484072 | Query=SELECT cs.CASE_EXTID, cs.CRNT_ASGN_TEAM_ID FROM CASE cs WHERE cs.CASE_EXTID = ?
2026-07-20 19:04:10.586 | INFO | [BAMOE-CAMEL-DB2-CONNECTOR] DB2 connection acquired | caseId=200000000484072 | AutoCommit=true
2026-07-20 19:04:10.588 | INFO | [BAMOE-CAMEL-DB2-CONNECTOR] Executing DB2 query | caseId=200000000484072 | SQL=SELECT cs.CASE_EXTID, cs.CRNT_ASGN_TEAM_ID FROM CASE cs WHERE cs.CASE_EXTID = ?
2026-07-20 19:04:10.685 | INFO | [BAMOE-CAMEL-DB2-CONNECTOR] Row mapped | caseId=200000000484072 | Row={CASE_EXTID=200000000484072, CRNT_ASGN_TEAM_ID=2000006155}
2026-07-20 19:04:10.777 | INFO | [BAMOE-CAMEL-DB2-CONNECTOR] DB2 query successful | caseId=200000000484072 | RowsReturned=1 | DurationMs=713 | Columns=[CASE_EXTID, CRNT_ASGN_TEAM_ID]
2026-07-20 19:04:10.779 | INFO | [BAMOE-CAMEL-DB2-CONNECTOR] DB2 connection closed | caseId=200000000484072
2026-07-20 19:04:10.780 | INFO | [BAMOE-CAMEL-DB2] STEP 3 - DB2 data received | queryId=caseTeam | caseId=200000000484072 | RowsReturned=1
2026-07-20 19:04:10.782 | INFO | [BAMOE-CAMEL-DB2] STEP 4 - JSON Response built and sent to BAMOE | queryId=caseTeam | caseId=200000000484072 | TotalRecords=1
2026-07-20 19:04:10.790 | ERROR | [BAMOE-CAMEL-DB2] Failed to publish to Kafka | Topic=bamoe-event-publish | Reason=Failed to create Producer for endpoint: kafka://bamoe-event-publish?brokers=host.containers.internal%3A9092&deliveryTimeoutMs=5000&requestTimeoutMs=3000&retries=3. Reason: org.apache.kafka.common.KafkaException: Failed to construct kafka producer
2026-07-20 19:04:10.792 | INFO | [BAMOE-CAMEL-DB2] STEP 5 - Published SUCCESS event to Kafka | Topic=bamoe-event-publish | queryId=caseTeam | caseId=200000000484072 | DurationMs=751
2026-07-20 19:04:10.793 | INFO | [BAMOE-CAMEL-DB2] ROUTE COMPLETE | queryId=caseTeam | caseId=200000000484072 | DurationMs=751
2026-07-21 08:24:26.582 | INFO | [BAMOE-CAMEL-DB2] STEP 1 - HTTP POST Request Received from BAMOE | Body={
  "queryId": "caseTeam",
  "params": { "caseId": "200000000066985" }
}
2026-07-21 08:24:26.586 | INFO | [BAMOE-CAMEL-DB2] STEP 1 - Parsed successfully | queryId=caseTeam | caseId=200000000066985
2026-07-21 08:24:26.702 | ERROR | [BAMOE-CAMEL-DB2] Failed to publish to Kafka | Topic=bamoe-event-publish | Reason=Failed to create Producer for endpoint: kafka://bamoe-event-publish?brokers=host.containers.internal%3A9092&deliveryTimeoutMs=5000&requestTimeoutMs=3000&retries=3. Reason: org.apache.kafka.common.KafkaException: Failed to construct kafka producer
2026-07-21 08:24:26.704 | INFO | [BAMOE-CAMEL-DB2] STEP 2 - Kafka REQUEST event published | Topic=bamoe-event-publish | queryId=caseTeam | caseId=200000000066985
2026-07-21 08:24:26.707 | INFO | [BAMOE-CAMEL-DB2] STEP 3 - Calling CamelDb2Connector | queryId=caseTeam | caseId=200000000066985
2026-07-21 08:24:26.709 | INFO | [BAMOE-CAMEL-DB2-CONNECTOR] Opening DB2 connection | caseId=200000000066985 | Query=SELECT cs.CASE_EXTID, cs.CRNT_ASGN_TEAM_ID FROM CASE cs WHERE cs.CASE_EXTID = ?
2026-07-21 08:24:27.245 | INFO | [BAMOE-CAMEL-DB2-CONNECTOR] DB2 connection acquired | caseId=200000000066985 | AutoCommit=true
2026-07-21 08:24:27.248 | INFO | [BAMOE-CAMEL-DB2-CONNECTOR] Executing DB2 query | caseId=200000000066985 | SQL=SELECT cs.CASE_EXTID, cs.CRNT_ASGN_TEAM_ID FROM CASE cs WHERE cs.CASE_EXTID = ?
2026-07-21 08:24:27.346 | INFO | [BAMOE-CAMEL-DB2-CONNECTOR] Row mapped | caseId=200000000066985 | Row={CASE_EXTID=200000000066985, CRNT_ASGN_TEAM_ID=null}
2026-07-21 08:24:27.434 | INFO | [BAMOE-CAMEL-DB2-CONNECTOR] DB2 query successful | caseId=200000000066985 | RowsReturned=1 | DurationMs=725 | Columns=[CASE_EXTID, CRNT_ASGN_TEAM_ID]
2026-07-21 08:24:27.437 | INFO | [BAMOE-CAMEL-DB2-CONNECTOR] DB2 connection closed | caseId=200000000066985
2026-07-21 08:24:27.441 | INFO | [BAMOE-CAMEL-DB2] STEP 3 - DB2 data received | queryId=caseTeam | caseId=200000000066985 | RowsReturned=1
2026-07-21 08:24:27.443 | INFO | [BAMOE-CAMEL-DB2] STEP 4 - JSON Response built and sent to BAMOE | queryId=caseTeam | caseId=200000000066985 | TotalRecords=1
2026-07-21 08:24:27.451 | ERROR | [BAMOE-CAMEL-DB2] Failed to publish to Kafka | Topic=bamoe-event-publish | Reason=Failed to create Producer for endpoint: kafka://bamoe-event-publish?brokers=host.containers.internal%3A9092&deliveryTimeoutMs=5000&requestTimeoutMs=3000&retries=3. Reason: org.apache.kafka.common.KafkaException: Failed to construct kafka producer
2026-07-21 08:24:27.452 | INFO | [BAMOE-CAMEL-DB2] STEP 5 - Published SUCCESS event to Kafka | Topic=bamoe-event-publish | queryId=caseTeam | caseId=200000000066985 | DurationMs=863
2026-07-21 08:24:27.454 | INFO | [BAMOE-CAMEL-DB2] ROUTE COMPLETE | queryId=caseTeam | caseId=200000000066985 | DurationMs=863
2026-07-22 13:25:04.833 | INFO | [BAMOE-CAMEL-DB2] STEP 1 - HTTP POST Request Received from BAMOE | Body={
  "queryId": "caseTeam",
  "params": { "caseId": "200000000066985" }
}
2026-07-22 13:25:04.845 | INFO | [BAMOE-CAMEL-DB2] STEP 1 - Parsed successfully | queryId=caseTeam | caseId=200000000066985
2026-07-22 13:25:04.978 | ERROR | [BAMOE-CAMEL-DB2] Failed to publish to Kafka | Topic=bamoe-event-publish | Reason=Failed to create Producer for endpoint: kafka://bamoe-event-publish?brokers=host.containers.internal%3A9092&deliveryTimeoutMs=5000&requestTimeoutMs=3000&retries=3. Reason: org.apache.kafka.common.KafkaException: Failed to construct kafka producer
2026-07-22 13:25:04.980 | INFO | [BAMOE-CAMEL-DB2] STEP 2 - Kafka REQUEST event published | Topic=bamoe-event-publish | queryId=caseTeam | caseId=200000000066985
2026-07-22 13:25:04.981 | INFO | [BAMOE-CAMEL-DB2] STEP 3 - Calling CamelDb2Connector | queryId=caseTeam | caseId=200000000066985
2026-07-22 13:25:04.983 | INFO | [BAMOE-CAMEL-DB2-CONNECTOR] Opening DB2 connection | caseId=200000000066985 | Query=SELECT cs.CASE_EXTID, cs.CRNT_ASGN_TEAM_ID FROM CASE cs WHERE cs.CASE_EXTID = ?
2026-07-22 13:25:05.583 | INFO | [BAMOE-CAMEL-DB2-CONNECTOR] DB2 connection acquired | caseId=200000000066985 | AutoCommit=true
2026-07-22 13:25:05.586 | INFO | [BAMOE-CAMEL-DB2-CONNECTOR] Executing DB2 query | caseId=200000000066985 | SQL=SELECT cs.CASE_EXTID, cs.CRNT_ASGN_TEAM_ID FROM CASE cs WHERE cs.CASE_EXTID = ?
2026-07-22 13:25:05.717 | INFO | [BAMOE-CAMEL-DB2-CONNECTOR] Row mapped | caseId=200000000066985 | Row={CASE_EXTID=200000000066985, CRNT_ASGN_TEAM_ID=null}
2026-07-22 13:25:05.809 | INFO | [BAMOE-CAMEL-DB2-CONNECTOR] DB2 query successful | caseId=200000000066985 | RowsReturned=1 | DurationMs=825 | Columns=[CASE_EXTID, CRNT_ASGN_TEAM_ID]
2026-07-22 13:25:05.811 | INFO | [BAMOE-CAMEL-DB2-CONNECTOR] DB2 connection closed | caseId=200000000066985
2026-07-22 13:25:05.813 | INFO | [BAMOE-CAMEL-DB2] STEP 3 - DB2 data received | queryId=caseTeam | caseId=200000000066985 | RowsReturned=1
2026-07-22 13:25:05.815 | INFO | [BAMOE-CAMEL-DB2] STEP 4 - JSON Response built and sent to BAMOE | queryId=caseTeam | caseId=200000000066985 | TotalRecords=1
2026-07-22 13:25:05.832 | ERROR | [BAMOE-CAMEL-DB2] Failed to publish to Kafka | Topic=bamoe-event-publish | Reason=Failed to create Producer for endpoint: kafka://bamoe-event-publish?brokers=host.containers.internal%3A9092&deliveryTimeoutMs=5000&requestTimeoutMs=3000&retries=3. Reason: org.apache.kafka.common.KafkaException: Failed to construct kafka producer
2026-07-22 13:25:05.835 | INFO | [BAMOE-CAMEL-DB2] STEP 5 - Published SUCCESS event to Kafka | Topic=bamoe-event-publish | queryId=caseTeam | caseId=200000000066985 | DurationMs=984
2026-07-22 13:25:05.836 | INFO | [BAMOE-CAMEL-DB2] ROUTE COMPLETE | queryId=caseTeam | caseId=200000000066985 | DurationMs=984
2026-07-22 13:25:38.965 | INFO | [BAMOE-CAMEL-DB2] STEP 1 - HTTP POST Request Received from BAMOE | Body={
  "queryId": "caseLookup",
  "params": { "caseId": "200000000066985" }
}
2026-07-22 13:25:38.967 | INFO | [BAMOE-CAMEL-DB2] STEP 1 - Parsed successfully | queryId=caseLookup | caseId=200000000066985
2026-07-22 13:25:38.992 | ERROR | [BAMOE-CAMEL-DB2] Failed to publish to Kafka | Topic=bamoe-event-publish | Reason=Failed to create Producer for endpoint: kafka://bamoe-event-publish?brokers=host.containers.internal%3A9092&deliveryTimeoutMs=5000&requestTimeoutMs=3000&retries=3. Reason: org.apache.kafka.common.KafkaException: Failed to construct kafka producer
2026-07-22 13:25:38.993 | INFO | [BAMOE-CAMEL-DB2] STEP 2 - Kafka REQUEST event published | Topic=bamoe-event-publish | queryId=caseLookup | caseId=200000000066985
2026-07-22 13:25:38.994 | INFO | [BAMOE-CAMEL-DB2] STEP 3 - Calling CamelDb2Connector | queryId=caseLookup | caseId=200000000066985
2026-07-22 13:25:38.996 | INFO | [BAMOE-CAMEL-DB2-CONNECTOR] Opening DB2 connection | caseId=200000000066985 | Query=SELECT cs.CASE_EXTID, pnm.FIRST_NM, pnm.LAST_NM, csp.ROLE_CD FROM CASE cs JOIN CASE_PARTICIPANT csp ON cs.CASE_ID = csp.CASE_ID JOIN PARTICIPANT_NAME pnm ON csp.PRTCP_ID = pnm.PRTCP_ID WHERE csp.ROLE_CD IN ('CUS', 'NCP') AND csp.STAT_CD = 'ACT' AND cs.CASE_EXTID = ? FETCH FIRST 100 ROWS ONLY
2026-07-22 13:25:39.552 | INFO | [BAMOE-CAMEL-DB2-CONNECTOR] DB2 connection acquired | caseId=200000000066985 | AutoCommit=true
2026-07-22 13:25:39.554 | INFO | [BAMOE-CAMEL-DB2-CONNECTOR] Executing DB2 query | caseId=200000000066985 | SQL=SELECT cs.CASE_EXTID, pnm.FIRST_NM, pnm.LAST_NM, csp.ROLE_CD FROM CASE cs JOIN CASE_PARTICIPANT csp ON cs.CASE_ID = csp.CASE_ID JOIN PARTICIPANT_NAME pnm ON csp.PRTCP_ID = pnm.PRTCP_ID WHERE csp.ROLE_CD IN ('CUS', 'NCP') AND csp.STAT_CD = 'ACT' AND cs.CASE_EXTID = ? FETCH FIRST 100 ROWS ONLY
2026-07-22 13:25:39.704 | INFO | [BAMOE-CAMEL-DB2-CONNECTOR] Row mapped | caseId=200000000066985 | Row={CASE_EXTID=200000000066985, FIRST_NM=HUCK, LAST_NM=WECHSLER, ROLE_CD=NCP}
2026-07-22 13:25:39.707 | INFO | [BAMOE-CAMEL-DB2-CONNECTOR] Row mapped | caseId=200000000066985 | Row={CASE_EXTID=200000000066985, FIRST_NM=PAT, LAST_NM=WECHSLER, ROLE_CD=NCP}
2026-07-22 13:25:39.707 | INFO | [BAMOE-CAMEL-DB2-CONNECTOR] Row mapped | caseId=200000000066985 | Row={CASE_EXTID=200000000066985, FIRST_NM=PAT, LAST_NM=WECHSLER, ROLE_CD=NCP}
2026-07-22 13:25:39.709 | INFO | [BAMOE-CAMEL-DB2-CONNECTOR] Row mapped | caseId=200000000066985 | Row={CASE_EXTID=200000000066985, FIRST_NM=LEIGHA, LAST_NM=PARKES, ROLE_CD=CUS}
2026-07-22 13:25:39.800 | INFO | [BAMOE-CAMEL-DB2-CONNECTOR] DB2 query successful | caseId=200000000066985 | RowsReturned=4 | DurationMs=804 | Columns=[CASE_EXTID, FIRST_NM, LAST_NM, ROLE_CD]
2026-07-22 13:25:39.802 | INFO | [BAMOE-CAMEL-DB2-CONNECTOR] DB2 connection closed | caseId=200000000066985
2026-07-22 13:25:39.804 | INFO | [BAMOE-CAMEL-DB2] STEP 3 - DB2 data received | queryId=caseLookup | caseId=200000000066985 | RowsReturned=4
2026-07-22 13:25:39.805 | INFO | [BAMOE-CAMEL-DB2] STEP 4 - JSON Response built and sent to BAMOE | queryId=caseLookup | caseId=200000000066985 | TotalRecords=4
2026-07-22 13:25:39.813 | ERROR | [BAMOE-CAMEL-DB2] Failed to publish to Kafka | Topic=bamoe-event-publish | Reason=Failed to create Producer for endpoint: kafka://bamoe-event-publish?brokers=host.containers.internal%3A9092&deliveryTimeoutMs=5000&requestTimeoutMs=3000&retries=3. Reason: org.apache.kafka.common.KafkaException: Failed to construct kafka producer
2026-07-22 13:25:39.815 | INFO | [BAMOE-CAMEL-DB2] STEP 5 - Published SUCCESS event to Kafka | Topic=bamoe-event-publish | queryId=caseLookup | caseId=200000000066985 | DurationMs=841
2026-07-22 13:25:39.816 | INFO | [BAMOE-CAMEL-DB2] ROUTE COMPLETE | queryId=caseLookup | caseId=200000000066985 | DurationMs=841
2026-07-22 13:59:13.220 | INFO | [BAMOE-CAMEL-DB2] STEP 1 - HTTP POST Request Received from BAMOE | Body={
  "queryId": "caseLookup",
  "params": { "caseId": "200000000066985" }
}
2026-07-22 13:59:13.222 | INFO | [BAMOE-CAMEL-DB2] STEP 1 - Parsed successfully | queryId=caseLookup | caseId=200000000066985
2026-07-22 13:59:13.322 | ERROR | [BAMOE-CAMEL-DB2] Failed to publish to Kafka | Topic=bamoe-event-publish | Reason=Failed to create Producer for endpoint: kafka://bamoe-event-publish?brokers=host.containers.internal%3A9092&deliveryTimeoutMs=5000&requestTimeoutMs=3000&retries=3. Reason: org.apache.kafka.common.KafkaException: Failed to construct kafka producer
2026-07-22 13:59:13.324 | INFO | [BAMOE-CAMEL-DB2] STEP 2 - Kafka REQUEST event published | Topic=bamoe-event-publish | queryId=caseLookup | caseId=200000000066985
2026-07-22 13:59:13.332 | INFO | [BAMOE-CAMEL-DB2] STEP 3 - Calling CamelDb2Connector | queryId=caseLookup | caseId=200000000066985
2026-07-22 13:59:13.334 | INFO | [BAMOE-CAMEL-DB2-CONNECTOR] Opening DB2 connection | caseId=200000000066985 | Query=SELECT cs.CASE_EXTID, pnm.FIRST_NM, pnm.LAST_NM, csp.ROLE_CD FROM CASE cs JOIN CASE_PARTICIPANT csp ON cs.CASE_ID = csp.CASE_ID JOIN PARTICIPANT_NAME pnm ON csp.PRTCP_ID = pnm.PRTCP_ID WHERE csp.ROLE_CD IN ('CUS', 'NCP') AND csp.STAT_CD = 'ACT' AND cs.CASE_EXTID = ? FETCH FIRST 100 ROWS ONLY
2026-07-22 13:59:13.861 | INFO | [BAMOE-CAMEL-DB2-CONNECTOR] DB2 connection acquired | caseId=200000000066985 | AutoCommit=true
2026-07-22 13:59:13.864 | INFO | [BAMOE-CAMEL-DB2-CONNECTOR] Executing DB2 query | caseId=200000000066985 | SQL=SELECT cs.CASE_EXTID, pnm.FIRST_NM, pnm.LAST_NM, csp.ROLE_CD FROM CASE cs JOIN CASE_PARTICIPANT csp ON cs.CASE_ID = csp.CASE_ID JOIN PARTICIPANT_NAME pnm ON csp.PRTCP_ID = pnm.PRTCP_ID WHERE csp.ROLE_CD IN ('CUS', 'NCP') AND csp.STAT_CD = 'ACT' AND cs.CASE_EXTID = ? FETCH FIRST 100 ROWS ONLY
2026-07-22 13:59:13.953 | INFO | [BAMOE-CAMEL-DB2-CONNECTOR] Row mapped | caseId=200000000066985 | Row={CASE_EXTID=200000000066985, FIRST_NM=HUCK, LAST_NM=WECHSLER, ROLE_CD=NCP}
2026-07-22 13:59:13.955 | INFO | [BAMOE-CAMEL-DB2-CONNECTOR] Row mapped | caseId=200000000066985 | Row={CASE_EXTID=200000000066985, FIRST_NM=PAT, LAST_NM=WECHSLER, ROLE_CD=NCP}
2026-07-22 13:59:13.956 | INFO | [BAMOE-CAMEL-DB2-CONNECTOR] Row mapped | caseId=200000000066985 | Row={CASE_EXTID=200000000066985, FIRST_NM=PAT, LAST_NM=WECHSLER, ROLE_CD=NCP}
2026-07-22 13:59:13.958 | INFO | [BAMOE-CAMEL-DB2-CONNECTOR] Row mapped | caseId=200000000066985 | Row={CASE_EXTID=200000000066985, FIRST_NM=LEIGHA, LAST_NM=PARKES, ROLE_CD=CUS}
2026-07-22 13:59:14.040 | INFO | [BAMOE-CAMEL-DB2-CONNECTOR] DB2 query successful | caseId=200000000066985 | RowsReturned=4 | DurationMs=706 | Columns=[CASE_EXTID, FIRST_NM, LAST_NM, ROLE_CD]
2026-07-22 13:59:14.042 | INFO | [BAMOE-CAMEL-DB2-CONNECTOR] DB2 connection closed | caseId=200000000066985
2026-07-22 13:59:14.044 | INFO | [BAMOE-CAMEL-DB2] STEP 3 - DB2 data received | queryId=caseLookup | caseId=200000000066985 | RowsReturned=4
2026-07-22 13:59:14.045 | INFO | [BAMOE-CAMEL-DB2] STEP 4 - JSON Response built and sent to BAMOE | queryId=caseLookup | caseId=200000000066985 | TotalRecords=4
2026-07-22 13:59:14.054 | ERROR | [BAMOE-CAMEL-DB2] Failed to publish to Kafka | Topic=bamoe-event-publish | Reason=Failed to create Producer for endpoint: kafka://bamoe-event-publish?brokers=host.containers.internal%3A9092&deliveryTimeoutMs=5000&requestTimeoutMs=3000&retries=3. Reason: org.apache.kafka.common.KafkaException: Failed to construct kafka producer
2026-07-22 13:59:14.055 | INFO | [BAMOE-CAMEL-DB2] STEP 5 - Published SUCCESS event to Kafka | Topic=bamoe-event-publish | queryId=caseLookup | caseId=200000000066985 | DurationMs=827
2026-07-22 13:59:14.057 | INFO | [BAMOE-CAMEL-DB2] ROUTE COMPLETE | queryId=caseLookup | caseId=200000000066985 | DurationMs=827
2026-07-22 13:59:29.557 | INFO | [BAMOE-CAMEL-DB2] STEP 1 - HTTP POST Request Received from BAMOE | Body={
  "queryId": "caseTeam",
  "params": { "caseId": "200000000066985" }
}
2026-07-22 13:59:29.559 | INFO | [BAMOE-CAMEL-DB2] STEP 1 - Parsed successfully | queryId=caseTeam | caseId=200000000066985
2026-07-22 13:59:29.613 | ERROR | [BAMOE-CAMEL-DB2] Failed to publish to Kafka | Topic=bamoe-event-publish | Reason=Failed to create Producer for endpoint: kafka://bamoe-event-publish?brokers=host.containers.internal%3A9092&deliveryTimeoutMs=5000&requestTimeoutMs=3000&retries=3. Reason: org.apache.kafka.common.KafkaException: Failed to construct kafka producer
2026-07-22 13:59:29.615 | INFO | [BAMOE-CAMEL-DB2] STEP 2 - Kafka REQUEST event published | Topic=bamoe-event-publish | queryId=caseTeam | caseId=200000000066985
2026-07-22 13:59:29.616 | INFO | [BAMOE-CAMEL-DB2] STEP 3 - Calling CamelDb2Connector | queryId=caseTeam | caseId=200000000066985
2026-07-22 13:59:29.618 | INFO | [BAMOE-CAMEL-DB2-CONNECTOR] Opening DB2 connection | caseId=200000000066985 | Query=SELECT cs.CASE_EXTID, cs.CRNT_ASGN_TEAM_ID FROM CASE cs WHERE cs.CASE_EXTID = ?
2026-07-22 13:59:30.110 | INFO | [BAMOE-CAMEL-DB2-CONNECTOR] DB2 connection acquired | caseId=200000000066985 | AutoCommit=true
2026-07-22 13:59:30.113 | INFO | [BAMOE-CAMEL-DB2-CONNECTOR] Executing DB2 query | caseId=200000000066985 | SQL=SELECT cs.CASE_EXTID, cs.CRNT_ASGN_TEAM_ID FROM CASE cs WHERE cs.CASE_EXTID = ?
2026-07-22 13:59:30.201 | INFO | [BAMOE-CAMEL-DB2-CONNECTOR] Row mapped | caseId=200000000066985 | Row={CASE_EXTID=200000000066985, CRNT_ASGN_TEAM_ID=null}
2026-07-22 13:59:30.284 | INFO | [BAMOE-CAMEL-DB2-CONNECTOR] DB2 query successful | caseId=200000000066985 | RowsReturned=1 | DurationMs=666 | Columns=[CASE_EXTID, CRNT_ASGN_TEAM_ID]
2026-07-22 13:59:30.286 | INFO | [BAMOE-CAMEL-DB2-CONNECTOR] DB2 connection closed | caseId=200000000066985
2026-07-22 13:59:30.287 | INFO | [BAMOE-CAMEL-DB2] STEP 3 - DB2 data received | queryId=caseTeam | caseId=200000000066985 | RowsReturned=1
2026-07-22 13:59:30.288 | INFO | [BAMOE-CAMEL-DB2] STEP 4 - JSON Response built and sent to BAMOE | queryId=caseTeam | caseId=200000000066985 | TotalRecords=1
2026-07-22 13:59:30.295 | ERROR | [BAMOE-CAMEL-DB2] Failed to publish to Kafka | Topic=bamoe-event-publish | Reason=Failed to create Producer for endpoint: kafka://bamoe-event-publish?brokers=host.containers.internal%3A9092&deliveryTimeoutMs=5000&requestTimeoutMs=3000&retries=3. Reason: org.apache.kafka.common.KafkaException: Failed to construct kafka producer
2026-07-22 13:59:30.298 | INFO | [BAMOE-CAMEL-DB2] STEP 5 - Published SUCCESS event to Kafka | Topic=bamoe-event-publish | queryId=caseTeam | caseId=200000000066985 | DurationMs=732
2026-07-22 13:59:30.300 | INFO | [BAMOE-CAMEL-DB2] ROUTE COMPLETE | queryId=caseTeam | caseId=200000000066985 | DurationMs=732
2026-07-24 08:46:42.658 | INFO | [APP STARTUP] Bouncy Castle provider inserted
2026-07-24 08:46:46.396 | INFO | [BAMOE-CAMEL-DB2-CONNECTOR-CONFIG] Registering caseDb2DataSource bean | Server=vmdevtestdboltp02 | Port=60026 | Database=CSE1DV01 | SSL=false
2026-07-24 08:46:46.551 | INFO | [BAMOE-CAMEL-DB2-CONNECTOR-CONFIG] caseDb2DataSource bean registered successfully
2026-07-24 08:46:46.602 | INFO | [BAMOE-CAMEL-DB2-CONNECTOR] CamelDb2Connector initialized | DataSource=caseDb2DataSource
2026-07-24 08:46:46.611 | INFO | [BAMOE-CAMEL-QUERY-REGISTRY] Query loaded | QueryId=caseTeam
2026-07-24 08:46:46.613 | INFO | [BAMOE-CAMEL-QUERY-REGISTRY] Query loaded | QueryId=caseLookup
2026-07-24 08:46:46.614 | INFO | [BAMOE-CAMEL-QUERY-REGISTRY] Query registry initialized | Source=query-registry.properties | AvailableQueryIds=[caseTeam, caseLookup]
2026-07-24 08:46:47.960 | INFO | [BAMOE-CONNECTION-TESTER] ========================================
2026-07-24 08:46:47.961 | INFO | [BAMOE-CONNECTION-TESTER] Running startup connection tests...
2026-07-24 08:46:47.962 | INFO | [BAMOE-CONNECTION-TESTER] ========================================
2026-07-24 08:46:47.964 | INFO | [BAMOE-CONNECTION-TESTER] [DB2] Testing DB2 connection...
2026-07-24 08:46:48.944 | INFO | [BAMOE-CONNECTION-TESTER] [DB2] Connection opened successfully
2026-07-24 08:46:49.066 | INFO | [BAMOE-CONNECTION-TESTER] [DB2] - DB2 CONNECTION SUCCESS | Ping query returned: 1 | DB2 is reachable and responding
2026-07-24 08:46:49.169 | INFO | [BAMOE-CONNECTION-TESTER] [KAFKA] Testing Kafka connection... | Broker=host.containers.internal:9092
2026-07-24 08:46:49.264 | ERROR | [BAMOE-CONNECTION-TESTER] [KAFKA] - KAFKA BROKER CONNECTION FAILED | Broker=host.containers.internal:9092 | Reason=Failed to create new KafkaAdminClient | Check: broker IP and port in application.properties
2026-07-24 08:46:49.265 | INFO | [BAMOE-CONNECTION-TESTER] ========================================
2026-07-24 08:46:49.267 | INFO | [BAMOE-CONNECTION-TESTER] Connection tests completed.
2026-07-24 08:46:49.269 | INFO | [BAMOE-CONNECTION-TESTER] ========================================
2026-07-24 08:46:49.272 | INFO | [APP READY] Application started - BAMOE Camel route active
2026-07-24 08:46:49.274 | INFO | [APP READY] Listening for BAMOE requests on: POST http://vmdevtestrhelaro01.dcss.gov:8080/bamoe/execute-query
2026-07-24 09:02:21.732 | INFO | [BAMOE-CAMEL-DB2] STEP 1 - HTTP POST Request Received from BAMOE | Body={"queryId":"caseLookup","params":{"caseId":"0590303708245"}}
2026-07-24 09:02:21.741 | INFO | [BAMOE-CAMEL-DB2] STEP 1 - Parsed successfully | queryId=caseLookup | caseId=0590303708245
2026-07-24 09:02:22.427 | ERROR | [BAMOE-CAMEL-DB2] Failed to publish to Kafka | Topic=bamoe-event-publish | Reason=Failed to create Producer for endpoint: kafka://bamoe-event-publish?brokers=host.containers.internal%3A9092&deliveryTimeoutMs=5000&requestTimeoutMs=3000&retries=3. Reason: org.apache.kafka.common.KafkaException: Failed to construct kafka producer
2026-07-24 09:02:22.430 | INFO | [BAMOE-CAMEL-DB2] STEP 2 - Kafka REQUEST event published | Topic=bamoe-event-publish | queryId=caseLookup | caseId=0590303708245
2026-07-24 09:02:22.431 | INFO | [BAMOE-CAMEL-DB2] STEP 3 - Calling CamelDb2Connector | queryId=caseLookup | caseId=0590303708245
2026-07-24 09:02:22.432 | INFO | [BAMOE-CAMEL-DB2-CONNECTOR] Opening DB2 connection | caseId=0590303708245 | Query=SELECT cs.CASE_EXTID, pnm.FIRST_NM, pnm.LAST_NM, csp.ROLE_CD FROM CASE cs JOIN CASE_PARTICIPANT csp ON cs.CASE_ID = csp.CASE_ID JOIN PARTICIPANT_NAME pnm ON csp.PRTCP_ID = pnm.PRTCP_ID WHERE csp.ROLE_CD IN ('CUS', 'NCP') AND csp.STAT_CD = 'ACT' AND cs.CASE_EXTID = ? FETCH FIRST 100 ROWS ONLY
2026-07-24 09:02:22.978 | INFO | [BAMOE-CAMEL-DB2-CONNECTOR] DB2 connection acquired | caseId=0590303708245 | AutoCommit=true
2026-07-24 09:02:22.981 | INFO | [BAMOE-CAMEL-DB2-CONNECTOR] Executing DB2 query | caseId=0590303708245 | SQL=SELECT cs.CASE_EXTID, pnm.FIRST_NM, pnm.LAST_NM, csp.ROLE_CD FROM CASE cs JOIN CASE_PARTICIPANT csp ON cs.CASE_ID = csp.CASE_ID JOIN PARTICIPANT_NAME pnm ON csp.PRTCP_ID = pnm.PRTCP_ID WHERE csp.ROLE_CD IN ('CUS', 'NCP') AND csp.STAT_CD = 'ACT' AND cs.CASE_EXTID = ? FETCH FIRST 100 ROWS ONLY
2026-07-24 09:02:23.147 | INFO | [BAMOE-CAMEL-DB2-CONNECTOR] Row mapped | caseId=0590303708245 | Row={CASE_EXTID=0590303708245, FIRST_NM=LORITA, LAST_NM=FECTEAU, ROLE_CD=CUS}
2026-07-24 09:02:23.149 | INFO | [BAMOE-CAMEL-DB2-CONNECTOR] Row mapped | caseId=0590303708245 | Row={CASE_EXTID=0590303708245, FIRST_NM=ELIZBETH, LAST_NM=FURLONG, ROLE_CD=CUS}
2026-07-24 09:02:23.150 | INFO | [BAMOE-CAMEL-DB2-CONNECTOR] Row mapped | caseId=0590303708245 | Row={CASE_EXTID=0590303708245, FIRST_NM=ELIZBETH, LAST_NM=KINLEY, ROLE_CD=CUS}
2026-07-24 09:02:23.152 | INFO | [BAMOE-CAMEL-DB2-CONNECTOR] Row mapped | caseId=0590303708245 | Row={CASE_EXTID=0590303708245, FIRST_NM=ELIZBETH, LAST_NM=LANDERS, ROLE_CD=CUS}
2026-07-24 09:02:23.153 | INFO | [BAMOE-CAMEL-DB2-CONNECTOR] Row mapped | caseId=0590303708245 | Row={CASE_EXTID=0590303708245, FIRST_NM=JANAE, LAST_NM=LANDERS, ROLE_CD=CUS}
2026-07-24 09:02:23.154 | INFO | [BAMOE-CAMEL-DB2-CONNECTOR] Row mapped | caseId=0590303708245 | Row={CASE_EXTID=0590303708245, FIRST_NM=PALMA, LAST_NM=LANDERS, ROLE_CD=CUS}
2026-07-24 09:02:23.156 | INFO | [BAMOE-CAMEL-DB2-CONNECTOR] Row mapped | caseId=0590303708245 | Row={CASE_EXTID=0590303708245, FIRST_NM=ELIZBETH, LAST_NM=ORNDORFF, ROLE_CD=CUS}
2026-07-24 09:02:23.157 | INFO | [BAMOE-CAMEL-DB2-CONNECTOR] Row mapped | caseId=0590303708245 | Row={CASE_EXTID=0590303708245, FIRST_NM=JEN, LAST_NM=ORNDORFF, ROLE_CD=CUS}
2026-07-24 09:02:23.159 | INFO | [BAMOE-CAMEL-DB2-CONNECTOR] Row mapped | caseId=0590303708245 | Row={CASE_EXTID=0590303708245, FIRST_NM=YOUNG, LAST_NM=ORNDORFF, ROLE_CD=CUS}
2026-07-24 09:02:23.161 | INFO | [BAMOE-CAMEL-DB2-CONNECTOR] Row mapped | caseId=0590303708245 | Row={CASE_EXTID=0590303708245, FIRST_NM=ELIZBETH, LAST_NM=SCOTTO, ROLE_CD=CUS}
2026-07-24 09:02:23.163 | INFO | [BAMOE-CAMEL-DB2-CONNECTOR] Row mapped | caseId=0590303708245 | Row={CASE_EXTID=0590303708245, FIRST_NM=SARAN, LAST_NM=HARDIN, ROLE_CD=NCP}
2026-07-24 09:02:23.164 | INFO | [BAMOE-CAMEL-DB2-CONNECTOR] Row mapped | caseId=0590303708245 | Row={CASE_EXTID=0590303708245, FIRST_NM=SARAN, LAST_NM=LI, ROLE_CD=NCP}
2026-07-24 09:02:23.278 | INFO | [BAMOE-CAMEL-DB2-CONNECTOR] DB2 query successful | caseId=0590303708245 | RowsReturned=12 | DurationMs=842 | Columns=[CASE_EXTID, FIRST_NM, LAST_NM, ROLE_CD]
2026-07-24 09:02:23.280 | INFO | [BAMOE-CAMEL-DB2-CONNECTOR] DB2 connection closed | caseId=0590303708245
2026-07-24 09:02:23.284 | INFO | [BAMOE-CAMEL-DB2] STEP 3 - DB2 data received | queryId=caseLookup | caseId=0590303708245 | RowsReturned=12
2026-07-24 09:02:23.290 | INFO | [BAMOE-CAMEL-DB2] STEP 4 - JSON Response built and sent to BAMOE | queryId=caseLookup | caseId=0590303708245 | TotalRecords=12
2026-07-24 09:02:23.297 | ERROR | [BAMOE-CAMEL-DB2] Failed to publish to Kafka | Topic=bamoe-event-publish | Reason=Failed to create Producer for endpoint: kafka://bamoe-event-publish?brokers=host.containers.internal%3A9092&deliveryTimeoutMs=5000&requestTimeoutMs=3000&retries=3. Reason: org.apache.kafka.common.KafkaException: Failed to construct kafka producer
2026-07-24 09:02:23.302 | INFO | [BAMOE-CAMEL-DB2] STEP 5 - Published SUCCESS event to Kafka | Topic=bamoe-event-publish | queryId=caseLookup | caseId=0590303708245 | DurationMs=1560
2026-07-24 09:02:23.304 | INFO | [BAMOE-CAMEL-DB2] ROUTE COMPLETE | queryId=caseLookup | caseId=0590303708245 | DurationMs=1560
2026-07-24 09:30:30.538 | INFO | [BAMOE-CAMEL-DB2] STEP 1 - HTTP POST Request Received from BAMOE | Body={"queryId":"caseLookup","params":{"caseId":"200000000066985"}}
2026-07-24 09:30:30.540 | INFO | [BAMOE-CAMEL-DB2] STEP 1 - Parsed successfully | queryId=caseLookup | caseId=200000000066985
2026-07-24 09:30:30.565 | ERROR | [BAMOE-CAMEL-DB2] Failed to publish to Kafka | Topic=bamoe-event-publish | Reason=Failed to create Producer for endpoint: kafka://bamoe-event-publish?brokers=host.containers.internal%3A9092&deliveryTimeoutMs=5000&requestTimeoutMs=3000&retries=3. Reason: org.apache.kafka.common.KafkaException: Failed to construct kafka producer
2026-07-24 09:30:30.567 | INFO | [BAMOE-CAMEL-DB2] STEP 2 - Kafka REQUEST event published | Topic=bamoe-event-publish | queryId=caseLookup | caseId=200000000066985
2026-07-24 09:30:30.568 | INFO | [BAMOE-CAMEL-DB2] STEP 3 - Calling CamelDb2Connector | queryId=caseLookup | caseId=200000000066985
2026-07-24 09:30:30.570 | INFO | [BAMOE-CAMEL-DB2-CONNECTOR] Opening DB2 connection | caseId=200000000066985 | Query=SELECT cs.CASE_EXTID, pnm.FIRST_NM, pnm.LAST_NM, csp.ROLE_CD FROM CASE cs JOIN CASE_PARTICIPANT csp ON cs.CASE_ID = csp.CASE_ID JOIN PARTICIPANT_NAME pnm ON csp.PRTCP_ID = pnm.PRTCP_ID WHERE csp.ROLE_CD IN ('CUS', 'NCP') AND csp.STAT_CD = 'ACT' AND cs.CASE_EXTID = ? FETCH FIRST 100 ROWS ONLY
2026-07-24 09:30:31.103 | INFO | [BAMOE-CAMEL-DB2-CONNECTOR] DB2 connection acquired | caseId=200000000066985 | AutoCommit=true
2026-07-24 09:30:31.106 | INFO | [BAMOE-CAMEL-DB2-CONNECTOR] Executing DB2 query | caseId=200000000066985 | SQL=SELECT cs.CASE_EXTID, pnm.FIRST_NM, pnm.LAST_NM, csp.ROLE_CD FROM CASE cs JOIN CASE_PARTICIPANT csp ON cs.CASE_ID = csp.CASE_ID JOIN PARTICIPANT_NAME pnm ON csp.PRTCP_ID = pnm.PRTCP_ID WHERE csp.ROLE_CD IN ('CUS', 'NCP') AND csp.STAT_CD = 'ACT' AND cs.CASE_EXTID = ? FETCH FIRST 100 ROWS ONLY
2026-07-24 09:30:31.207 | INFO | [BAMOE-CAMEL-DB2-CONNECTOR] Row mapped | caseId=200000000066985 | Row={CASE_EXTID=200000000066985, FIRST_NM=HUCK, LAST_NM=WECHSLER, ROLE_CD=NCP}
2026-07-24 09:30:31.209 | INFO | [BAMOE-CAMEL-DB2-CONNECTOR] Row mapped | caseId=200000000066985 | Row={CASE_EXTID=200000000066985, FIRST_NM=PAT, LAST_NM=WECHSLER, ROLE_CD=NCP}
2026-07-24 09:30:31.211 | INFO | [BAMOE-CAMEL-DB2-CONNECTOR] Row mapped | caseId=200000000066985 | Row={CASE_EXTID=200000000066985, FIRST_NM=PAT, LAST_NM=WECHSLER, ROLE_CD=NCP}
2026-07-24 09:30:31.212 | INFO | [BAMOE-CAMEL-DB2-CONNECTOR] Row mapped | caseId=200000000066985 | Row={CASE_EXTID=200000000066985, FIRST_NM=LEIGHA, LAST_NM=PARKES, ROLE_CD=CUS}
2026-07-24 09:30:31.308 | INFO | [BAMOE-CAMEL-DB2-CONNECTOR] DB2 query successful | caseId=200000000066985 | RowsReturned=4 | DurationMs=738 | Columns=[CASE_EXTID, FIRST_NM, LAST_NM, ROLE_CD]
2026-07-24 09:30:31.310 | INFO | [BAMOE-CAMEL-DB2-CONNECTOR] DB2 connection closed | caseId=200000000066985
2026-07-24 09:30:31.312 | INFO | [BAMOE-CAMEL-DB2] STEP 3 - DB2 data received | queryId=caseLookup | caseId=200000000066985 | RowsReturned=4
2026-07-24 09:30:31.314 | INFO | [BAMOE-CAMEL-DB2] STEP 4 - JSON Response built and sent to BAMOE | queryId=caseLookup | caseId=200000000066985 | TotalRecords=4
2026-07-24 09:30:31.321 | ERROR | [BAMOE-CAMEL-DB2] Failed to publish to Kafka | Topic=bamoe-event-publish | Reason=Failed to create Producer for endpoint: kafka://bamoe-event-publish?brokers=host.containers.internal%3A9092&deliveryTimeoutMs=5000&requestTimeoutMs=3000&retries=3. Reason: org.apache.kafka.common.KafkaException: Failed to construct kafka producer
2026-07-24 09:30:31.322 | INFO | [BAMOE-CAMEL-DB2] STEP 5 - Published SUCCESS event to Kafka | Topic=bamoe-event-publish | queryId=caseLookup | caseId=200000000066985 | DurationMs=777
2026-07-24 09:30:31.324 | INFO | [BAMOE-CAMEL-DB2] ROUTE COMPLETE | queryId=caseLookup | caseId=200000000066985 | DurationMs=777
2026-07-24 09:35:46.477 | INFO | [APP STARTUP] Bouncy Castle provider inserted
2026-07-24 09:35:50.324 | INFO | [BAMOE-CAMEL-DB2-CONNECTOR-CONFIG] Registering caseDb2DataSource bean | Server=vmdevtestdboltp02 | Port=60026 | Database=CSE1DV01 | SSL=false
2026-07-24 09:35:50.458 | INFO | [BAMOE-CAMEL-DB2-CONNECTOR-CONFIG] caseDb2DataSource bean registered successfully
2026-07-24 09:35:50.507 | INFO | [BAMOE-CAMEL-DB2-CONNECTOR] CamelDb2Connector initialized | DataSource=caseDb2DataSource
2026-07-24 09:35:50.517 | INFO | [BAMOE-CAMEL-QUERY-REGISTRY] Query loaded | QueryId=caseTeam
2026-07-24 09:35:50.519 | INFO | [BAMOE-CAMEL-QUERY-REGISTRY] Query loaded | QueryId=caseLookup
2026-07-24 09:35:50.522 | INFO | [BAMOE-CAMEL-QUERY-REGISTRY] Query registry initialized | Source=query-registry.properties | AvailableQueryIds=[caseTeam, caseLookup]
2026-07-24 09:35:51.878 | INFO | [BAMOE-CONNECTION-TESTER] ========================================
2026-07-24 09:35:51.880 | INFO | [BAMOE-CONNECTION-TESTER] Running startup connection tests...
2026-07-24 09:35:51.882 | INFO | [BAMOE-CONNECTION-TESTER] ========================================
2026-07-24 09:35:51.884 | INFO | [BAMOE-CONNECTION-TESTER] [DB2] Testing DB2 connection...
2026-07-24 09:35:52.892 | INFO | [BAMOE-CONNECTION-TESTER] [DB2] Connection opened successfully
2026-07-24 09:35:53.005 | INFO | [BAMOE-CONNECTION-TESTER] [DB2] - DB2 CONNECTION SUCCESS | Ping query returned: 1 | DB2 is reachable and responding
2026-07-24 09:35:53.102 | INFO | [BAMOE-CONNECTION-TESTER] [KAFKA] Testing Kafka connection... | Broker=localhost:9092
2026-07-24 09:35:58.286 | ERROR | [BAMOE-CONNECTION-TESTER] [KAFKA] - KAFKA BROKER CONNECTION FAILED | Broker=localhost:9092 | Reason=org.apache.kafka.common.errors.TimeoutException: Timed out waiting for a node assignment. Call: listTopics | Check: broker IP and port in application.properties
2026-07-24 09:35:58.288 | INFO | [BAMOE-CONNECTION-TESTER] ========================================
2026-07-24 09:35:58.290 | INFO | [BAMOE-CONNECTION-TESTER] Connection tests completed.
2026-07-24 09:35:58.291 | INFO | [BAMOE-CONNECTION-TESTER] ========================================
2026-07-24 09:35:58.294 | INFO | [APP READY] Application started - BAMOE Camel route active
2026-07-24 09:35:58.295 | INFO | [APP READY] Listening for BAMOE requests on: POST http://vmdevtestrhelaro01.dcss.gov:8080/bamoe/execute-query
2026-07-24 09:36:26.577 | INFO | [BAMOE-CAMEL-DB2] STEP 1 - HTTP POST Request Received from BAMOE | Body={"queryId":"caseLookup","params":{"caseId":"200000000483811"}}
2026-07-24 09:36:26.580 | INFO | [BAMOE-CAMEL-DB2] STEP 1 - Parsed successfully | queryId=caseLookup | caseId=200000000483811
2026-07-24 09:37:27.087 | ERROR | [BAMOE-CAMEL-DB2] Failed to publish to Kafka | Topic=bamoe-event-publish | Reason=Exception occurred during execution on the exchange: Exchange[]
2026-07-24 09:37:27.089 | INFO | [BAMOE-CAMEL-DB2] STEP 2 - Kafka REQUEST event published | Topic=bamoe-event-publish | queryId=caseLookup | caseId=200000000483811
2026-07-24 09:37:27.092 | INFO | [BAMOE-CAMEL-DB2] STEP 3 - Calling CamelDb2Connector | queryId=caseLookup | caseId=200000000483811
2026-07-24 09:37:27.093 | INFO | [BAMOE-CAMEL-DB2-CONNECTOR] Opening DB2 connection | caseId=200000000483811 | Query=SELECT cs.CASE_EXTID, pnm.FIRST_NM, pnm.LAST_NM, csp.ROLE_CD FROM CASE cs JOIN CASE_PARTICIPANT csp ON cs.CASE_ID = csp.CASE_ID JOIN PARTICIPANT_NAME pnm ON csp.PRTCP_ID = pnm.PRTCP_ID WHERE csp.ROLE_CD IN ('CUS', 'NCP') AND csp.STAT_CD = 'ACT' AND cs.CASE_EXTID = ? FETCH FIRST 100 ROWS ONLY
2026-07-24 09:37:27.601 | INFO | [BAMOE-CAMEL-DB2-CONNECTOR] DB2 connection acquired | caseId=200000000483811 | AutoCommit=true
2026-07-24 09:37:27.604 | INFO | [BAMOE-CAMEL-DB2-CONNECTOR] Executing DB2 query | caseId=200000000483811 | SQL=SELECT cs.CASE_EXTID, pnm.FIRST_NM, pnm.LAST_NM, csp.ROLE_CD FROM CASE cs JOIN CASE_PARTICIPANT csp ON cs.CASE_ID = csp.CASE_ID JOIN PARTICIPANT_NAME pnm ON csp.PRTCP_ID = pnm.PRTCP_ID WHERE csp.ROLE_CD IN ('CUS', 'NCP') AND csp.STAT_CD = 'ACT' AND cs.CASE_EXTID = ? FETCH FIRST 100 ROWS ONLY
2026-07-24 09:37:27.710 | INFO | [BAMOE-CAMEL-DB2-CONNECTOR] Row mapped | caseId=200000000483811 | Row={CASE_EXTID=200000000483811, FIRST_NM=WILBURN, LAST_NM=CISCO, ROLE_CD=NCP}
2026-07-24 09:37:27.711 | INFO | [BAMOE-CAMEL-DB2-CONNECTOR] Row mapped | caseId=200000000483811 | Row={CASE_EXTID=200000000483811, FIRST_NM=REMEDIOS, LAST_NM=QUESENBERRY, ROLE_CD=CUS}
2026-07-24 09:37:27.812 | INFO | [BAMOE-CAMEL-DB2-CONNECTOR] DB2 query successful | caseId=200000000483811 | RowsReturned=2 | DurationMs=715 | Columns=[CASE_EXTID, FIRST_NM, LAST_NM, ROLE_CD]
2026-07-24 09:37:27.814 | INFO | [BAMOE-CAMEL-DB2-CONNECTOR] DB2 connection closed | caseId=200000000483811
2026-07-24 09:37:27.819 | INFO | [BAMOE-CAMEL-DB2] STEP 3 - DB2 data received | queryId=caseLookup | caseId=200000000483811 | RowsReturned=2
2026-07-24 09:37:27.824 | INFO | [BAMOE-CAMEL-DB2] STEP 4 - JSON Response built and sent to BAMOE | queryId=caseLookup | caseId=200000000483811 | TotalRecords=2
2026-07-24 09:38:23.596 | INFO | [BAMOE-CAMEL-DB2] STEP 1 - HTTP POST Request Received from BAMOE | Body={"queryId":"caseLookup","params":{"caseId":"200000000066985"}}
2026-07-24 09:38:23.598 | INFO | [BAMOE-CAMEL-DB2] STEP 1 - Parsed successfully | queryId=caseLookup | caseId=200000000066985
2026-07-24 09:38:27.837 | ERROR | [BAMOE-CAMEL-DB2] Failed to publish to Kafka | Topic=bamoe-event-publish | Reason=Exception occurred during execution on the exchange: Exchange[]
2026-07-24 09:38:27.843 | INFO | [BAMOE-CAMEL-DB2] STEP 5 - Published SUCCESS event to Kafka | Topic=bamoe-event-publish | queryId=caseLookup | caseId=200000000483811 | DurationMs=61248
2026-07-24 09:38:27.845 | INFO | [BAMOE-CAMEL-DB2] ROUTE COMPLETE | queryId=caseLookup | caseId=200000000483811 | DurationMs=61248
2026-07-24 09:39:23.603 | ERROR | [BAMOE-CAMEL-DB2] Failed to publish to Kafka | Topic=bamoe-event-publish | Reason=Exception occurred during execution on the exchange: Exchange[]
2026-07-24 09:39:23.604 | INFO | [BAMOE-CAMEL-DB2] STEP 2 - Kafka REQUEST event published | Topic=bamoe-event-publish | queryId=caseLookup | caseId=200000000066985
2026-07-24 09:39:23.606 | INFO | [BAMOE-CAMEL-DB2] STEP 3 - Calling CamelDb2Connector | queryId=caseLookup | caseId=200000000066985
2026-07-24 09:39:23.608 | INFO | [BAMOE-CAMEL-DB2-CONNECTOR] Opening DB2 connection | caseId=200000000066985 | Query=SELECT cs.CASE_EXTID, pnm.FIRST_NM, pnm.LAST_NM, csp.ROLE_CD FROM CASE cs JOIN CASE_PARTICIPANT csp ON cs.CASE_ID = csp.CASE_ID JOIN PARTICIPANT_NAME pnm ON csp.PRTCP_ID = pnm.PRTCP_ID WHERE csp.ROLE_CD IN ('CUS', 'NCP') AND csp.STAT_CD = 'ACT' AND cs.CASE_EXTID = ? FETCH FIRST 100 ROWS ONLY
2026-07-24 09:39:24.284 | INFO | [BAMOE-CAMEL-DB2-CONNECTOR] DB2 connection acquired | caseId=200000000066985 | AutoCommit=true
2026-07-24 09:39:24.285 | INFO | [BAMOE-CAMEL-DB2-CONNECTOR] Executing DB2 query | caseId=200000000066985 | SQL=SELECT cs.CASE_EXTID, pnm.FIRST_NM, pnm.LAST_NM, csp.ROLE_CD FROM CASE cs JOIN CASE_PARTICIPANT csp ON cs.CASE_ID = csp.CASE_ID JOIN PARTICIPANT_NAME pnm ON csp.PRTCP_ID = pnm.PRTCP_ID WHERE csp.ROLE_CD IN ('CUS', 'NCP') AND csp.STAT_CD = 'ACT' AND cs.CASE_EXTID = ? FETCH FIRST 100 ROWS ONLY
2026-07-24 09:39:24.388 | INFO | [BAMOE-CAMEL-DB2-CONNECTOR] Row mapped | caseId=200000000066985 | Row={CASE_EXTID=200000000066985, FIRST_NM=HUCK, LAST_NM=WECHSLER, ROLE_CD=NCP}
2026-07-24 09:39:24.389 | INFO | [BAMOE-CAMEL-DB2-CONNECTOR] Row mapped | caseId=200000000066985 | Row={CASE_EXTID=200000000066985, FIRST_NM=PAT, LAST_NM=WECHSLER, ROLE_CD=NCP}
2026-07-24 09:39:24.391 | INFO | [BAMOE-CAMEL-DB2-CONNECTOR] Row mapped | caseId=200000000066985 | Row={CASE_EXTID=200000000066985, FIRST_NM=PAT, LAST_NM=WECHSLER, ROLE_CD=NCP}
2026-07-24 09:39:24.393 | INFO | [BAMOE-CAMEL-DB2-CONNECTOR] Row mapped | caseId=200000000066985 | Row={CASE_EXTID=200000000066985, FIRST_NM=LEIGHA, LAST_NM=PARKES, ROLE_CD=CUS}
2026-07-24 09:39:24.489 | INFO | [BAMOE-CAMEL-DB2-CONNECTOR] DB2 query successful | caseId=200000000066985 | RowsReturned=4 | DurationMs=881 | Columns=[CASE_EXTID, FIRST_NM, LAST_NM, ROLE_CD]
2026-07-24 09:39:24.491 | INFO | [BAMOE-CAMEL-DB2-CONNECTOR] DB2 connection closed | caseId=200000000066985
2026-07-24 09:39:24.493 | INFO | [BAMOE-CAMEL-DB2] STEP 3 - DB2 data received | queryId=caseLookup | caseId=200000000066985 | RowsReturned=4
2026-07-24 09:39:24.494 | INFO | [BAMOE-CAMEL-DB2] STEP 4 - JSON Response built and sent to BAMOE | queryId=caseLookup | caseId=200000000066985 | TotalRecords=4
2026-07-24 09:40:24.512 | ERROR | [BAMOE-CAMEL-DB2] Failed to publish to Kafka | Topic=bamoe-event-publish | Reason=Exception occurred during execution on the exchange: Exchange[]
2026-07-24 09:40:24.514 | INFO | [BAMOE-CAMEL-DB2] STEP 5 - Published SUCCESS event to Kafka | Topic=bamoe-event-publish | queryId=caseLookup | caseId=200000000066985 | DurationMs=60899
2026-07-24 09:40:24.527 | INFO | [BAMOE-CAMEL-DB2] ROUTE COMPLETE | queryId=caseLookup | caseId=200000000066985 | DurationMs=60899
2026-07-24 09:42:43.217 | INFO | [BAMOE-CAMEL-DB2] STEP 1 - HTTP POST Request Received from BAMOE | Body={
  "queryId": "caseLookup",
  "params": { "caseId": "200000000066985" }
}
2026-07-24 09:42:43.219 | INFO | [BAMOE-CAMEL-DB2] STEP 1 - Parsed successfully | queryId=caseLookup | caseId=200000000066985
2026-07-24 09:43:43.229 | ERROR | [BAMOE-CAMEL-DB2] Failed to publish to Kafka | Topic=bamoe-event-publish | Reason=Exception occurred during execution on the exchange: Exchange[]
2026-07-24 09:43:43.231 | INFO | [BAMOE-CAMEL-DB2] STEP 2 - Kafka REQUEST event published | Topic=bamoe-event-publish | queryId=caseLookup | caseId=200000000066985
2026-07-24 09:43:43.232 | INFO | [BAMOE-CAMEL-DB2] STEP 3 - Calling CamelDb2Connector | queryId=caseLookup | caseId=200000000066985
2026-07-24 09:43:43.233 | INFO | [BAMOE-CAMEL-DB2-CONNECTOR] Opening DB2 connection | caseId=200000000066985 | Query=SELECT cs.CASE_EXTID, pnm.FIRST_NM, pnm.LAST_NM, csp.ROLE_CD FROM CASE cs JOIN CASE_PARTICIPANT csp ON cs.CASE_ID = csp.CASE_ID JOIN PARTICIPANT_NAME pnm ON csp.PRTCP_ID = pnm.PRTCP_ID WHERE csp.ROLE_CD IN ('CUS', 'NCP') AND csp.STAT_CD = 'ACT' AND cs.CASE_EXTID = ? FETCH FIRST 100 ROWS ONLY
2026-07-24 09:43:43.751 | INFO | [BAMOE-CAMEL-DB2-CONNECTOR] DB2 connection acquired | caseId=200000000066985 | AutoCommit=true
2026-07-24 09:43:43.753 | INFO | [BAMOE-CAMEL-DB2-CONNECTOR] Executing DB2 query | caseId=200000000066985 | SQL=SELECT cs.CASE_EXTID, pnm.FIRST_NM, pnm.LAST_NM, csp.ROLE_CD FROM CASE cs JOIN CASE_PARTICIPANT csp ON cs.CASE_ID = csp.CASE_ID JOIN PARTICIPANT_NAME pnm ON csp.PRTCP_ID = pnm.PRTCP_ID WHERE csp.ROLE_CD IN ('CUS', 'NCP') AND csp.STAT_CD = 'ACT' AND cs.CASE_EXTID = ? FETCH FIRST 100 ROWS ONLY
2026-07-24 09:43:43.861 | INFO | [BAMOE-CAMEL-DB2-CONNECTOR] Row mapped | caseId=200000000066985 | Row={CASE_EXTID=200000000066985, FIRST_NM=HUCK, LAST_NM=WECHSLER, ROLE_CD=NCP}
2026-07-24 09:43:43.866 | INFO | [BAMOE-CAMEL-DB2-CONNECTOR] Row mapped | caseId=200000000066985 | Row={CASE_EXTID=200000000066985, FIRST_NM=PAT, LAST_NM=WECHSLER, ROLE_CD=NCP}
2026-07-24 09:43:43.872 | INFO | [BAMOE-CAMEL-DB2-CONNECTOR] Row mapped | caseId=200000000066985 | Row={CASE_EXTID=200000000066985, FIRST_NM=PAT, LAST_NM=WECHSLER, ROLE_CD=NCP}
2026-07-24 09:43:43.874 | INFO | [BAMOE-CAMEL-DB2-CONNECTOR] Row mapped | caseId=200000000066985 | Row={CASE_EXTID=200000000066985, FIRST_NM=LEIGHA, LAST_NM=PARKES, ROLE_CD=CUS}
2026-07-24 09:43:43.977 | INFO | [BAMOE-CAMEL-DB2-CONNECTOR] DB2 query successful | caseId=200000000066985 | RowsReturned=4 | DurationMs=744 | Columns=[CASE_EXTID, FIRST_NM, LAST_NM, ROLE_CD]
2026-07-24 09:43:43.980 | INFO | [BAMOE-CAMEL-DB2-CONNECTOR] DB2 connection closed | caseId=200000000066985
2026-07-24 09:43:43.981 | INFO | [BAMOE-CAMEL-DB2] STEP 3 - DB2 data received | queryId=caseLookup | caseId=200000000066985 | RowsReturned=4
2026-07-24 09:43:43.984 | INFO | [BAMOE-CAMEL-DB2] STEP 4 - JSON Response built and sent to BAMOE | queryId=caseLookup | caseId=200000000066985 | TotalRecords=4
2026-07-24 09:44:44.000 | ERROR | [BAMOE-CAMEL-DB2] Failed to publish to Kafka | Topic=bamoe-event-publish | Reason=Exception occurred during execution on the exchange: Exchange[]
2026-07-24 09:44:44.002 | INFO | [BAMOE-CAMEL-DB2] STEP 5 - Published SUCCESS event to Kafka | Topic=bamoe-event-publish | queryId=caseLookup | caseId=200000000066985 | DurationMs=60769
2026-07-24 09:44:44.004 | INFO | [BAMOE-CAMEL-DB2] ROUTE COMPLETE | queryId=caseLookup | caseId=200000000066985 | DurationMs=60769
2026-07-24 09:45:30.934 | INFO | [BAMOE-CAMEL-DB2] STEP 1 - HTTP POST Request Received from BAMOE | Body={"queryId":"caseLookup","params":{"caseId":"200000000066985"}}
2026-07-24 09:45:30.936 | INFO | [BAMOE-CAMEL-DB2] STEP 1 - Parsed successfully | queryId=caseLookup | caseId=200000000066985
2026-07-24 09:46:30.942 | ERROR | [BAMOE-CAMEL-DB2] Failed to publish to Kafka | Topic=bamoe-event-publish | Reason=Exception occurred during execution on the exchange: Exchange[]
2026-07-24 09:46:30.944 | INFO | [BAMOE-CAMEL-DB2] STEP 2 - Kafka REQUEST event published | Topic=bamoe-event-publish | queryId=caseLookup | caseId=200000000066985
2026-07-24 09:46:30.946 | INFO | [BAMOE-CAMEL-DB2] STEP 3 - Calling CamelDb2Connector | queryId=caseLookup | caseId=200000000066985
2026-07-24 09:46:30.947 | INFO | [BAMOE-CAMEL-DB2-CONNECTOR] Opening DB2 connection | caseId=200000000066985 | Query=SELECT cs.CASE_EXTID, pnm.FIRST_NM, pnm.LAST_NM, csp.ROLE_CD FROM CASE cs JOIN CASE_PARTICIPANT csp ON cs.CASE_ID = csp.CASE_ID JOIN PARTICIPANT_NAME pnm ON csp.PRTCP_ID = pnm.PRTCP_ID WHERE csp.ROLE_CD IN ('CUS', 'NCP') AND csp.STAT_CD = 'ACT' AND cs.CASE_EXTID = ? FETCH FIRST 100 ROWS ONLY
2026-07-24 09:46:31.460 | INFO | [BAMOE-CAMEL-DB2-CONNECTOR] DB2 connection acquired | caseId=200000000066985 | AutoCommit=true
2026-07-24 09:46:31.462 | INFO | [BAMOE-CAMEL-DB2-CONNECTOR] Executing DB2 query | caseId=200000000066985 | SQL=SELECT cs.CASE_EXTID, pnm.FIRST_NM, pnm.LAST_NM, csp.ROLE_CD FROM CASE cs JOIN CASE_PARTICIPANT csp ON cs.CASE_ID = csp.CASE_ID JOIN PARTICIPANT_NAME pnm ON csp.PRTCP_ID = pnm.PRTCP_ID WHERE csp.ROLE_CD IN ('CUS', 'NCP') AND csp.STAT_CD = 'ACT' AND cs.CASE_EXTID = ? FETCH FIRST 100 ROWS ONLY
2026-07-24 09:46:31.566 | INFO | [BAMOE-CAMEL-DB2-CONNECTOR] Row mapped | caseId=200000000066985 | Row={CASE_EXTID=200000000066985, FIRST_NM=HUCK, LAST_NM=WECHSLER, ROLE_CD=NCP}
2026-07-24 09:46:31.567 | INFO | [BAMOE-CAMEL-DB2-CONNECTOR] Row mapped | caseId=200000000066985 | Row={CASE_EXTID=200000000066985, FIRST_NM=PAT, LAST_NM=WECHSLER, ROLE_CD=NCP}
2026-07-24 09:46:31.569 | INFO | [BAMOE-CAMEL-DB2-CONNECTOR] Row mapped | caseId=200000000066985 | Row={CASE_EXTID=200000000066985, FIRST_NM=PAT, LAST_NM=WECHSLER, ROLE_CD=NCP}
2026-07-24 09:46:31.570 | INFO | [BAMOE-CAMEL-DB2-CONNECTOR] Row mapped | caseId=200000000066985 | Row={CASE_EXTID=200000000066985, FIRST_NM=LEIGHA, LAST_NM=PARKES, ROLE_CD=CUS}
2026-07-24 09:46:31.667 | INFO | [BAMOE-CAMEL-DB2-CONNECTOR] DB2 query successful | caseId=200000000066985 | RowsReturned=4 | DurationMs=720 | Columns=[CASE_EXTID, FIRST_NM, LAST_NM, ROLE_CD]
2026-07-24 09:46:31.669 | INFO | [BAMOE-CAMEL-DB2-CONNECTOR] DB2 connection closed | caseId=200000000066985
2026-07-24 09:46:31.670 | INFO | [BAMOE-CAMEL-DB2] STEP 3 - DB2 data received | queryId=caseLookup | caseId=200000000066985 | RowsReturned=4
2026-07-24 09:46:31.671 | INFO | [BAMOE-CAMEL-DB2] STEP 4 - JSON Response built and sent to BAMOE | queryId=caseLookup | caseId=200000000066985 | TotalRecords=4
2026-07-24 09:47:31.681 | ERROR | [BAMOE-CAMEL-DB2] Failed to publish to Kafka | Topic=bamoe-event-publish | Reason=Exception occurred during execution on the exchange: Exchange[]
2026-07-24 09:47:31.683 | INFO | [BAMOE-CAMEL-DB2] STEP 5 - Published SUCCESS event to Kafka | Topic=bamoe-event-publish | queryId=caseLookup | caseId=200000000066985 | DurationMs=60738
2026-07-24 09:47:31.685 | INFO | [BAMOE-CAMEL-DB2] ROUTE COMPLETE | queryId=caseLookup | caseId=200000000066985 | DurationMs=60738
2026-07-24 09:48:10.647 | INFO | [APP STARTUP] Bouncy Castle provider inserted
2026-07-24 09:48:14.531 | INFO | [BAMOE-CAMEL-DB2-CONNECTOR-CONFIG] Registering caseDb2DataSource bean | Server=vmdevtestdboltp02 | Port=60026 | Database=CSE1DV01 | SSL=false
2026-07-24 09:48:14.672 | INFO | [BAMOE-CAMEL-DB2-CONNECTOR-CONFIG] caseDb2DataSource bean registered successfully
2026-07-24 09:48:14.722 | INFO | [BAMOE-CAMEL-DB2-CONNECTOR] CamelDb2Connector initialized | DataSource=caseDb2DataSource
2026-07-24 09:48:14.730 | INFO | [BAMOE-CAMEL-QUERY-REGISTRY] Query loaded | QueryId=caseTeam
2026-07-24 09:48:14.732 | INFO | [BAMOE-CAMEL-QUERY-REGISTRY] Query loaded | QueryId=caseLookup
2026-07-24 09:48:14.734 | INFO | [BAMOE-CAMEL-QUERY-REGISTRY] Query registry initialized | Source=query-registry.properties | AvailableQueryIds=[caseTeam, caseLookup]
2026-07-24 09:48:16.175 | INFO | [BAMOE-CONNECTION-TESTER] ========================================
2026-07-24 09:48:16.177 | INFO | [BAMOE-CONNECTION-TESTER] Running startup connection tests...
2026-07-24 09:48:16.185 | INFO | [BAMOE-CONNECTION-TESTER] ========================================
2026-07-24 09:48:16.187 | INFO | [BAMOE-CONNECTION-TESTER] [DB2] Testing DB2 connection...
2026-07-24 09:48:17.057 | INFO | [BAMOE-CONNECTION-TESTER] [DB2] Connection opened successfully
2026-07-24 09:48:17.170 | INFO | [BAMOE-CONNECTION-TESTER] [DB2] - DB2 CONNECTION SUCCESS | Ping query returned: 1 | DB2 is reachable and responding
2026-07-24 09:48:17.268 | INFO | [BAMOE-CONNECTION-TESTER] [KAFKA] Testing Kafka connection... | Broker=localhost:9092
2026-07-24 09:48:22.445 | ERROR | [BAMOE-CONNECTION-TESTER] [KAFKA] - KAFKA BROKER CONNECTION FAILED | Broker=localhost:9092 | Reason=org.apache.kafka.common.errors.TimeoutException: Timed out waiting for a node assignment. Call: listTopics | Check: broker IP and port in application.properties
2026-07-24 09:48:22.446 | INFO | [BAMOE-CONNECTION-TESTER] ========================================
2026-07-24 09:48:22.448 | INFO | [BAMOE-CONNECTION-TESTER] Connection tests completed.
2026-07-24 09:48:22.450 | INFO | [BAMOE-CONNECTION-TESTER] ========================================
2026-07-24 09:48:22.452 | INFO | [APP READY] Application started - BAMOE Camel route active
2026-07-24 09:48:22.453 | INFO | [APP READY] Listening for BAMOE requests on: POST http://vmdevtestrhelaro01.dcss.gov:8080/bamoe/execute-query
2026-07-24 09:48:43.272 | INFO | [BAMOE-CAMEL-DB2] STEP 1 - HTTP POST Request Received from BAMOE | Body={
  "queryId": "caseLookup",
  "params": { "caseId": "200000000066985" }
}
2026-07-24 09:48:43.284 | INFO | [BAMOE-CAMEL-DB2] STEP 1 - Parsed successfully | queryId=caseLookup | caseId=200000000066985
2026-07-24 09:49:40.321 | INFO | [BAMOE-CAMEL-DB2] STEP 1 - HTTP POST Request Received from BAMOE | Body={"queryId":"caseLookup","params":{"caseId":"200000000066985"}}
2026-07-24 09:49:40.323 | INFO | [BAMOE-CAMEL-DB2] STEP 1 - Parsed successfully | queryId=caseLookup | caseId=200000000066985
2026-07-24 09:49:43.961 | ERROR | [BAMOE-CAMEL-DB2] Failed to publish to Kafka | Topic=bamoe-event-publish | Reason=Exception occurred during execution on the exchange: Exchange[]
2026-07-24 09:49:43.964 | INFO | [BAMOE-CAMEL-DB2] STEP 2 - Kafka REQUEST event published | Topic=bamoe-event-publish | queryId=caseLookup | caseId=200000000066985
2026-07-24 09:49:43.966 | INFO | [BAMOE-CAMEL-DB2] STEP 3 - Calling CamelDb2Connector | queryId=caseLookup | caseId=200000000066985
2026-07-24 09:49:43.968 | INFO | [BAMOE-CAMEL-DB2-CONNECTOR] Opening DB2 connection | caseId=200000000066985 | Query=SELECT cs.CASE_EXTID, pnm.FIRST_NM, pnm.LAST_NM, csp.ROLE_CD FROM CASE cs JOIN CASE_PARTICIPANT csp ON cs.CASE_ID = csp.CASE_ID JOIN PARTICIPANT_NAME pnm ON csp.PRTCP_ID = pnm.PRTCP_ID WHERE csp.ROLE_CD IN ('CUS', 'NCP') AND csp.STAT_CD = 'ACT' AND cs.CASE_EXTID = ? FETCH FIRST 100 ROWS ONLY
2026-07-24 09:49:44.479 | INFO | [BAMOE-CAMEL-DB2-CONNECTOR] DB2 connection acquired | caseId=200000000066985 | AutoCommit=true
2026-07-24 09:49:44.482 | INFO | [BAMOE-CAMEL-DB2-CONNECTOR] Executing DB2 query | caseId=200000000066985 | SQL=SELECT cs.CASE_EXTID, pnm.FIRST_NM, pnm.LAST_NM, csp.ROLE_CD FROM CASE cs JOIN CASE_PARTICIPANT csp ON cs.CASE_ID = csp.CASE_ID JOIN PARTICIPANT_NAME pnm ON csp.PRTCP_ID = pnm.PRTCP_ID WHERE csp.ROLE_CD IN ('CUS', 'NCP') AND csp.STAT_CD = 'ACT' AND cs.CASE_EXTID = ? FETCH FIRST 100 ROWS ONLY
2026-07-24 09:49:44.590 | INFO | [BAMOE-CAMEL-DB2-CONNECTOR] Row mapped | caseId=200000000066985 | Row={CASE_EXTID=200000000066985, FIRST_NM=HUCK, LAST_NM=WECHSLER, ROLE_CD=NCP}
2026-07-24 09:49:44.592 | INFO | [BAMOE-CAMEL-DB2-CONNECTOR] Row mapped | caseId=200000000066985 | Row={CASE_EXTID=200000000066985, FIRST_NM=PAT, LAST_NM=WECHSLER, ROLE_CD=NCP}
2026-07-24 09:49:44.595 | INFO | [BAMOE-CAMEL-DB2-CONNECTOR] Row mapped | caseId=200000000066985 | Row={CASE_EXTID=200000000066985, FIRST_NM=PAT, LAST_NM=WECHSLER, ROLE_CD=NCP}
2026-07-24 09:49:44.597 | INFO | [BAMOE-CAMEL-DB2-CONNECTOR] Row mapped | caseId=200000000066985 | Row={CASE_EXTID=200000000066985, FIRST_NM=LEIGHA, LAST_NM=PARKES, ROLE_CD=CUS}
2026-07-24 09:49:44.701 | INFO | [BAMOE-CAMEL-DB2-CONNECTOR] DB2 query successful | caseId=200000000066985 | RowsReturned=4 | DurationMs=727 | Columns=[CASE_EXTID, FIRST_NM, LAST_NM, ROLE_CD]
2026-07-24 09:49:44.703 | INFO | [BAMOE-CAMEL-DB2-CONNECTOR] DB2 connection closed | caseId=200000000066985
2026-07-24 09:49:44.712 | INFO | [BAMOE-CAMEL-DB2] STEP 3 - DB2 data received | queryId=caseLookup | caseId=200000000066985 | RowsReturned=4
2026-07-24 09:49:44.726 | INFO | [BAMOE-CAMEL-DB2] STEP 4 - JSON Response built and sent to BAMOE | queryId=caseLookup | caseId=200000000066985 | TotalRecords=4
2026-07-24 09:50:40.338 | ERROR | [BAMOE-CAMEL-DB2] Failed to publish to Kafka | Topic=bamoe-event-publish | Reason=Exception occurred during execution on the exchange: Exchange[]
2026-07-24 09:50:40.340 | INFO | [BAMOE-CAMEL-DB2] STEP 2 - Kafka REQUEST event published | Topic=bamoe-event-publish | queryId=caseLookup | caseId=200000000066985
2026-07-24 09:50:40.342 | INFO | [BAMOE-CAMEL-DB2] STEP 3 - Calling CamelDb2Connector | queryId=caseLookup | caseId=200000000066985
2026-07-24 09:50:40.345 | INFO | [BAMOE-CAMEL-DB2-CONNECTOR] Opening DB2 connection | caseId=200000000066985 | Query=SELECT cs.CASE_EXTID, pnm.FIRST_NM, pnm.LAST_NM, csp.ROLE_CD FROM CASE cs JOIN CASE_PARTICIPANT csp ON cs.CASE_ID = csp.CASE_ID JOIN PARTICIPANT_NAME pnm ON csp.PRTCP_ID = pnm.PRTCP_ID WHERE csp.ROLE_CD IN ('CUS', 'NCP') AND csp.STAT_CD = 'ACT' AND cs.CASE_EXTID = ? FETCH FIRST 100 ROWS ONLY
2026-07-24 09:50:40.846 | INFO | [BAMOE-CAMEL-DB2-CONNECTOR] DB2 connection acquired | caseId=200000000066985 | AutoCommit=true
2026-07-24 09:50:40.848 | INFO | [BAMOE-CAMEL-DB2-CONNECTOR] Executing DB2 query | caseId=200000000066985 | SQL=SELECT cs.CASE_EXTID, pnm.FIRST_NM, pnm.LAST_NM, csp.ROLE_CD FROM CASE cs JOIN CASE_PARTICIPANT csp ON cs.CASE_ID = csp.CASE_ID JOIN PARTICIPANT_NAME pnm ON csp.PRTCP_ID = pnm.PRTCP_ID WHERE csp.ROLE_CD IN ('CUS', 'NCP') AND csp.STAT_CD = 'ACT' AND cs.CASE_EXTID = ? FETCH FIRST 100 ROWS ONLY
2026-07-24 09:50:40.950 | INFO | [BAMOE-CAMEL-DB2-CONNECTOR] Row mapped | caseId=200000000066985 | Row={CASE_EXTID=200000000066985, FIRST_NM=HUCK, LAST_NM=WECHSLER, ROLE_CD=NCP}
2026-07-24 09:50:40.952 | INFO | [BAMOE-CAMEL-DB2-CONNECTOR] Row mapped | caseId=200000000066985 | Row={CASE_EXTID=200000000066985, FIRST_NM=PAT, LAST_NM=WECHSLER, ROLE_CD=NCP}
2026-07-24 09:50:40.954 | INFO | [BAMOE-CAMEL-DB2-CONNECTOR] Row mapped | caseId=200000000066985 | Row={CASE_EXTID=200000000066985, FIRST_NM=PAT, LAST_NM=WECHSLER, ROLE_CD=NCP}
2026-07-24 09:50:40.955 | INFO | [BAMOE-CAMEL-DB2-CONNECTOR] Row mapped | caseId=200000000066985 | Row={CASE_EXTID=200000000066985, FIRST_NM=LEIGHA, LAST_NM=PARKES, ROLE_CD=CUS}
2026-07-24 09:50:41.052 | INFO | [BAMOE-CAMEL-DB2-CONNECTOR] DB2 query successful | caseId=200000000066985 | RowsReturned=4 | DurationMs=707 | Columns=[CASE_EXTID, FIRST_NM, LAST_NM, ROLE_CD]
2026-07-24 09:50:41.053 | INFO | [BAMOE-CAMEL-DB2-CONNECTOR] DB2 connection closed | caseId=200000000066985
2026-07-24 09:50:41.056 | INFO | [BAMOE-CAMEL-DB2] STEP 3 - DB2 data received | queryId=caseLookup | caseId=200000000066985 | RowsReturned=4
2026-07-24 09:50:41.058 | INFO | [BAMOE-CAMEL-DB2] STEP 4 - JSON Response built and sent to BAMOE | queryId=caseLookup | caseId=200000000066985 | TotalRecords=4
2026-07-24 09:50:44.743 | ERROR | [BAMOE-CAMEL-DB2] Failed to publish to Kafka | Topic=bamoe-event-publish | Reason=Exception occurred during execution on the exchange: Exchange[]
2026-07-24 09:50:44.751 | INFO | [BAMOE-CAMEL-DB2] STEP 5 - Published SUCCESS event to Kafka | Topic=bamoe-event-publish | queryId=caseLookup | caseId=200000000066985 | DurationMs=61462
2026-07-24 09:50:44.753 | INFO | [BAMOE-CAMEL-DB2] ROUTE COMPLETE | queryId=caseLookup | caseId=200000000066985 | DurationMs=61462
2026-07-24 09:51:27.431 | INFO | [BAMOE-CAMEL-DB2] STEP 1 - HTTP POST Request Received from BAMOE | Body={"queryId":"caseLookup","params":{"caseId":"200000000066985"}}
2026-07-24 09:51:27.432 | INFO | [BAMOE-CAMEL-DB2] STEP 1 - Parsed successfully | queryId=caseLookup | caseId=200000000066985
2026-07-24 09:51:41.065 | ERROR | [BAMOE-CAMEL-DB2] Failed to publish to Kafka | Topic=bamoe-event-publish | Reason=Exception occurred during execution on the exchange: Exchange[]
2026-07-24 09:51:41.066 | INFO | [BAMOE-CAMEL-DB2] STEP 5 - Published SUCCESS event to Kafka | Topic=bamoe-event-publish | queryId=caseLookup | caseId=200000000066985 | DurationMs=60738
2026-07-24 09:51:41.068 | INFO | [BAMOE-CAMEL-DB2] ROUTE COMPLETE | queryId=caseLookup | caseId=200000000066985 | DurationMs=60738
2026-07-24 09:52:27.438 | ERROR | [BAMOE-CAMEL-DB2] Failed to publish to Kafka | Topic=bamoe-event-publish | Reason=Exception occurred during execution on the exchange: Exchange[]
2026-07-24 09:52:27.440 | INFO | [BAMOE-CAMEL-DB2] STEP 2 - Kafka REQUEST event published | Topic=bamoe-event-publish | queryId=caseLookup | caseId=200000000066985
2026-07-24 09:52:27.442 | INFO | [BAMOE-CAMEL-DB2] STEP 3 - Calling CamelDb2Connector | queryId=caseLookup | caseId=200000000066985
2026-07-24 09:52:27.444 | INFO | [BAMOE-CAMEL-DB2-CONNECTOR] Opening DB2 connection | caseId=200000000066985 | Query=SELECT cs.CASE_EXTID, pnm.FIRST_NM, pnm.LAST_NM, csp.ROLE_CD FROM CASE cs JOIN CASE_PARTICIPANT csp ON cs.CASE_ID = csp.CASE_ID JOIN PARTICIPANT_NAME pnm ON csp.PRTCP_ID = pnm.PRTCP_ID WHERE csp.ROLE_CD IN ('CUS', 'NCP') AND csp.STAT_CD = 'ACT' AND cs.CASE_EXTID = ? FETCH FIRST 100 ROWS ONLY
2026-07-24 09:52:28.139 | INFO | [BAMOE-CAMEL-DB2-CONNECTOR] DB2 connection acquired | caseId=200000000066985 | AutoCommit=true
2026-07-24 09:52:28.141 | INFO | [BAMOE-CAMEL-DB2-CONNECTOR] Executing DB2 query | caseId=200000000066985 | SQL=SELECT cs.CASE_EXTID, pnm.FIRST_NM, pnm.LAST_NM, csp.ROLE_CD FROM CASE cs JOIN CASE_PARTICIPANT csp ON cs.CASE_ID = csp.CASE_ID JOIN PARTICIPANT_NAME pnm ON csp.PRTCP_ID = pnm.PRTCP_ID WHERE csp.ROLE_CD IN ('CUS', 'NCP') AND csp.STAT_CD = 'ACT' AND cs.CASE_EXTID = ? FETCH FIRST 100 ROWS ONLY
2026-07-24 09:52:28.241 | INFO | [BAMOE-CAMEL-DB2-CONNECTOR] Row mapped | caseId=200000000066985 | Row={CASE_EXTID=200000000066985, FIRST_NM=HUCK, LAST_NM=WECHSLER, ROLE_CD=NCP}
2026-07-24 09:52:28.244 | INFO | [BAMOE-CAMEL-DB2-CONNECTOR] Row mapped | caseId=200000000066985 | Row={CASE_EXTID=200000000066985, FIRST_NM=PAT, LAST_NM=WECHSLER, ROLE_CD=NCP}
2026-07-24 09:52:28.246 | INFO | [BAMOE-CAMEL-DB2-CONNECTOR] Row mapped | caseId=200000000066985 | Row={CASE_EXTID=200000000066985, FIRST_NM=PAT, LAST_NM=WECHSLER, ROLE_CD=NCP}
2026-07-24 09:52:28.248 | INFO | [BAMOE-CAMEL-DB2-CONNECTOR] Row mapped | caseId=200000000066985 | Row={CASE_EXTID=200000000066985, FIRST_NM=LEIGHA, LAST_NM=PARKES, ROLE_CD=CUS}
2026-07-24 09:52:28.345 | INFO | [BAMOE-CAMEL-DB2-CONNECTOR] DB2 query successful | caseId=200000000066985 | RowsReturned=4 | DurationMs=901 | Columns=[CASE_EXTID, FIRST_NM, LAST_NM, ROLE_CD]
2026-07-24 09:52:28.347 | INFO | [BAMOE-CAMEL-DB2-CONNECTOR] DB2 connection closed | caseId=200000000066985
2026-07-24 09:52:28.349 | INFO | [BAMOE-CAMEL-DB2] STEP 3 - DB2 data received | queryId=caseLookup | caseId=200000000066985 | RowsReturned=4
2026-07-24 09:52:28.350 | INFO | [BAMOE-CAMEL-DB2] STEP 4 - JSON Response built and sent to BAMOE | queryId=caseLookup | caseId=200000000066985 | TotalRecords=4
2026-07-24 09:53:28.366 | ERROR | [BAMOE-CAMEL-DB2] Failed to publish to Kafka | Topic=bamoe-event-publish | Reason=Exception occurred during execution on the exchange: Exchange[]
2026-07-24 09:53:28.368 | INFO | [BAMOE-CAMEL-DB2] STEP 5 - Published SUCCESS event to Kafka | Topic=bamoe-event-publish | queryId=caseLookup | caseId=200000000066985 | DurationMs=60921
2026-07-24 09:53:28.369 | INFO | [BAMOE-CAMEL-DB2] ROUTE COMPLETE | queryId=caseLookup | caseId=200000000066985 | DurationMs=60921
2026-07-24 09:56:56.074 | INFO | [BAMOE-CAMEL-DB2] STEP 1 - HTTP POST Request Received from BAMOE | Body={"queryId":"caseLookup","params":{"caseId":"200000000066985"}}
2026-07-24 09:56:56.075 | INFO | [BAMOE-CAMEL-DB2] STEP 1 - Parsed successfully | queryId=caseLookup | caseId=200000000066985
2026-07-24 09:57:56.084 | ERROR | [BAMOE-CAMEL-DB2] Failed to publish to Kafka | Topic=bamoe-event-publish | Reason=Exception occurred during execution on the exchange: Exchange[]
2026-07-24 09:57:56.096 | INFO | [BAMOE-CAMEL-DB2] STEP 2 - Kafka REQUEST event published | Topic=bamoe-event-publish | queryId=caseLookup | caseId=200000000066985
2026-07-24 09:57:56.097 | INFO | [BAMOE-CAMEL-DB2] STEP 3 - Calling CamelDb2Connector | queryId=caseLookup | caseId=200000000066985
2026-07-24 09:57:56.099 | INFO | [BAMOE-CAMEL-DB2-CONNECTOR] Opening DB2 connection | caseId=200000000066985 | Query=SELECT cs.CASE_EXTID, pnm.FIRST_NM, pnm.LAST_NM, csp.ROLE_CD FROM CASE cs JOIN CASE_PARTICIPANT csp ON cs.CASE_ID = csp.CASE_ID JOIN PARTICIPANT_NAME pnm ON csp.PRTCP_ID = pnm.PRTCP_ID WHERE csp.ROLE_CD IN ('CUS', 'NCP') AND csp.STAT_CD = 'ACT' AND cs.CASE_EXTID = ? FETCH FIRST 100 ROWS ONLY
2026-07-24 09:57:56.603 | INFO | [BAMOE-CAMEL-DB2-CONNECTOR] DB2 connection acquired | caseId=200000000066985 | AutoCommit=true
2026-07-24 09:57:56.605 | INFO | [BAMOE-CAMEL-DB2-CONNECTOR] Executing DB2 query | caseId=200000000066985 | SQL=SELECT cs.CASE_EXTID, pnm.FIRST_NM, pnm.LAST_NM, csp.ROLE_CD FROM CASE cs JOIN CASE_PARTICIPANT csp ON cs.CASE_ID = csp.CASE_ID JOIN PARTICIPANT_NAME pnm ON csp.PRTCP_ID = pnm.PRTCP_ID WHERE csp.ROLE_CD IN ('CUS', 'NCP') AND csp.STAT_CD = 'ACT' AND cs.CASE_EXTID = ? FETCH FIRST 100 ROWS ONLY
2026-07-24 09:57:56.706 | INFO | [BAMOE-CAMEL-DB2-CONNECTOR] Row mapped | caseId=200000000066985 | Row={CASE_EXTID=200000000066985, FIRST_NM=HUCK, LAST_NM=WECHSLER, ROLE_CD=NCP}
2026-07-24 09:57:56.708 | INFO | [BAMOE-CAMEL-DB2-CONNECTOR] Row mapped | caseId=200000000066985 | Row={CASE_EXTID=200000000066985, FIRST_NM=PAT, LAST_NM=WECHSLER, ROLE_CD=NCP}
2026-07-24 09:57:56.710 | INFO | [BAMOE-CAMEL-DB2-CONNECTOR] Row mapped | caseId=200000000066985 | Row={CASE_EXTID=200000000066985, FIRST_NM=PAT, LAST_NM=WECHSLER, ROLE_CD=NCP}
2026-07-24 09:57:56.713 | INFO | [BAMOE-CAMEL-DB2-CONNECTOR] Row mapped | caseId=200000000066985 | Row={CASE_EXTID=200000000066985, FIRST_NM=LEIGHA, LAST_NM=PARKES, ROLE_CD=CUS}
2026-07-24 09:57:56.811 | INFO | [BAMOE-CAMEL-DB2-CONNECTOR] DB2 query successful | caseId=200000000066985 | RowsReturned=4 | DurationMs=712 | Columns=[CASE_EXTID, FIRST_NM, LAST_NM, ROLE_CD]
2026-07-24 09:57:56.813 | INFO | [BAMOE-CAMEL-DB2-CONNECTOR] DB2 connection closed | caseId=200000000066985
2026-07-24 09:57:56.814 | INFO | [BAMOE-CAMEL-DB2] STEP 3 - DB2 data received | queryId=caseLookup | caseId=200000000066985 | RowsReturned=4
2026-07-24 09:57:56.816 | INFO | [BAMOE-CAMEL-DB2] STEP 4 - JSON Response built and sent to BAMOE | queryId=caseLookup | caseId=200000000066985 | TotalRecords=4
2026-07-24 09:58:56.829 | ERROR | [BAMOE-CAMEL-DB2] Failed to publish to Kafka | Topic=bamoe-event-publish | Reason=Exception occurred during execution on the exchange: Exchange[]
2026-07-24 09:58:56.830 | INFO | [BAMOE-CAMEL-DB2] STEP 5 - Published SUCCESS event to Kafka | Topic=bamoe-event-publish | queryId=caseLookup | caseId=200000000066985 | DurationMs=60745
2026-07-24 09:58:56.832 | INFO | [BAMOE-CAMEL-DB2] ROUTE COMPLETE | queryId=caseLookup | caseId=200000000066985 | DurationMs=60745
2026-07-24 10:00:23.599 | INFO | [APP STARTUP] Bouncy Castle provider inserted
2026-07-24 10:00:27.221 | INFO | [BAMOE-CAMEL-DB2-CONNECTOR-CONFIG] Registering caseDb2DataSource bean | Server=vmdevtestdboltp02 | Port=60026 | Database=CSE1DV01 | SSL=false
2026-07-24 10:00:27.375 | INFO | [BAMOE-CAMEL-DB2-CONNECTOR-CONFIG] caseDb2DataSource bean registered successfully
2026-07-24 10:00:27.429 | INFO | [BAMOE-CAMEL-DB2-CONNECTOR] CamelDb2Connector initialized | DataSource=caseDb2DataSource
2026-07-24 10:00:27.440 | INFO | [BAMOE-CAMEL-QUERY-REGISTRY] Query loaded | QueryId=caseTeam
2026-07-24 10:00:27.442 | INFO | [BAMOE-CAMEL-QUERY-REGISTRY] Query loaded | QueryId=caseLookup
2026-07-24 10:00:27.444 | INFO | [BAMOE-CAMEL-QUERY-REGISTRY] Query registry initialized | Source=query-registry.properties | AvailableQueryIds=[caseTeam, caseLookup]
2026-07-24 10:00:29.201 | INFO | [BAMOE-CONNECTION-TESTER] ========================================
2026-07-24 10:00:29.206 | INFO | [BAMOE-CONNECTION-TESTER] Running startup connection tests...
2026-07-24 10:00:29.210 | INFO | [BAMOE-CONNECTION-TESTER] ========================================
2026-07-24 10:00:29.212 | INFO | [BAMOE-CONNECTION-TESTER] [DB2] Testing DB2 connection...
2026-07-24 10:00:30.118 | INFO | [BAMOE-CONNECTION-TESTER] [DB2] Connection opened successfully
2026-07-24 10:00:30.232 | INFO | [BAMOE-CONNECTION-TESTER] [DB2] - DB2 CONNECTION SUCCESS | Ping query returned: 1 | DB2 is reachable and responding
2026-07-24 10:00:30.331 | INFO | [BAMOE-CONNECTION-TESTER] [KAFKA] Testing Kafka connection... | Broker=host.containers.internal:9092
2026-07-24 10:00:30.399 | ERROR | [BAMOE-CONNECTION-TESTER] [KAFKA] - KAFKA BROKER CONNECTION FAILED | Broker=host.containers.internal:9092 | Reason=Failed to create new KafkaAdminClient | Check: broker IP and port in application.properties
2026-07-24 10:00:30.402 | INFO | [BAMOE-CONNECTION-TESTER] ========================================
2026-07-24 10:00:30.406 | INFO | [BAMOE-CONNECTION-TESTER] Connection tests completed.
2026-07-24 10:00:30.408 | INFO | [BAMOE-CONNECTION-TESTER] ========================================
2026-07-24 10:00:30.411 | INFO | [APP READY] Application started - BAMOE Camel route active
2026-07-24 10:00:30.412 | INFO | [APP READY] Listening for BAMOE requests on: POST http://vmdevtestrhelaro01.dcss.gov:8080/bamoe/execute-query
2026-07-24 10:00:54.123 | INFO | [BAMOE-CAMEL-DB2] STEP 1 - HTTP POST Request Received from BAMOE | Body={"queryId":"caseLookup","params":{"caseId":"200000000066985"}}
2026-07-24 10:00:54.126 | INFO | [BAMOE-CAMEL-DB2] STEP 1 - Parsed successfully | queryId=caseLookup | caseId=200000000066985
2026-07-24 10:00:54.803 | ERROR | [BAMOE-CAMEL-DB2] Failed to publish to Kafka | Topic=bamoe-event-publish | Reason=Failed to create Producer for endpoint: kafka://bamoe-event-publish?brokers=host.containers.internal%3A9092&deliveryTimeoutMs=5000&requestTimeoutMs=3000&retries=3. Reason: org.apache.kafka.common.KafkaException: Failed to construct kafka producer
2026-07-24 10:00:54.814 | INFO | [BAMOE-CAMEL-DB2] STEP 2 - Kafka REQUEST event published | Topic=bamoe-event-publish | queryId=caseLookup | caseId=200000000066985
2026-07-24 10:00:54.816 | INFO | [BAMOE-CAMEL-DB2] STEP 3 - Calling CamelDb2Connector | queryId=caseLookup | caseId=200000000066985
2026-07-24 10:00:54.820 | INFO | [BAMOE-CAMEL-DB2-CONNECTOR] Opening DB2 connection | caseId=200000000066985 | Query=SELECT cs.CASE_EXTID, pnm.FIRST_NM, pnm.LAST_NM, csp.ROLE_CD FROM CASE cs JOIN CASE_PARTICIPANT csp ON cs.CASE_ID = csp.CASE_ID JOIN PARTICIPANT_NAME pnm ON csp.PRTCP_ID = pnm.PRTCP_ID WHERE csp.ROLE_CD IN ('CUS', 'NCP') AND csp.STAT_CD = 'ACT' AND cs.CASE_EXTID = ? FETCH FIRST 100 ROWS ONLY
2026-07-24 10:00:55.304 | INFO | [BAMOE-CAMEL-DB2-CONNECTOR] DB2 connection acquired | caseId=200000000066985 | AutoCommit=true
2026-07-24 10:00:55.307 | INFO | [BAMOE-CAMEL-DB2-CONNECTOR] Executing DB2 query | caseId=200000000066985 | SQL=SELECT cs.CASE_EXTID, pnm.FIRST_NM, pnm.LAST_NM, csp.ROLE_CD FROM CASE cs JOIN CASE_PARTICIPANT csp ON cs.CASE_ID = csp.CASE_ID JOIN PARTICIPANT_NAME pnm ON csp.PRTCP_ID = pnm.PRTCP_ID WHERE csp.ROLE_CD IN ('CUS', 'NCP') AND csp.STAT_CD = 'ACT' AND cs.CASE_EXTID = ? FETCH FIRST 100 ROWS ONLY
2026-07-24 10:00:55.417 | INFO | [BAMOE-CAMEL-DB2-CONNECTOR] Row mapped | caseId=200000000066985 | Row={CASE_EXTID=200000000066985, FIRST_NM=HUCK, LAST_NM=WECHSLER, ROLE_CD=NCP}
2026-07-24 10:00:55.419 | INFO | [BAMOE-CAMEL-DB2-CONNECTOR] Row mapped | caseId=200000000066985 | Row={CASE_EXTID=200000000066985, FIRST_NM=PAT, LAST_NM=WECHSLER, ROLE_CD=NCP}
2026-07-24 10:00:55.421 | INFO | [BAMOE-CAMEL-DB2-CONNECTOR] Row mapped | caseId=200000000066985 | Row={CASE_EXTID=200000000066985, FIRST_NM=PAT, LAST_NM=WECHSLER, ROLE_CD=NCP}
2026-07-24 10:00:55.422 | INFO | [BAMOE-CAMEL-DB2-CONNECTOR] Row mapped | caseId=200000000066985 | Row={CASE_EXTID=200000000066985, FIRST_NM=LEIGHA, LAST_NM=PARKES, ROLE_CD=CUS}
2026-07-24 10:00:55.524 | INFO | [BAMOE-CAMEL-DB2-CONNECTOR] DB2 query successful | caseId=200000000066985 | RowsReturned=4 | DurationMs=699 | Columns=[CASE_EXTID, FIRST_NM, LAST_NM, ROLE_CD]
2026-07-24 10:00:55.526 | INFO | [BAMOE-CAMEL-DB2-CONNECTOR] DB2 connection closed | caseId=200000000066985
2026-07-24 10:00:55.530 | INFO | [BAMOE-CAMEL-DB2] STEP 3 - DB2 data received | queryId=caseLookup | caseId=200000000066985 | RowsReturned=4
2026-07-24 10:00:55.535 | INFO | [BAMOE-CAMEL-DB2] STEP 4 - JSON Response built and sent to BAMOE | queryId=caseLookup | caseId=200000000066985 | TotalRecords=4
2026-07-24 10:00:55.543 | ERROR | [BAMOE-CAMEL-DB2] Failed to publish to Kafka | Topic=bamoe-event-publish | Reason=Failed to create Producer for endpoint: kafka://bamoe-event-publish?brokers=host.containers.internal%3A9092&deliveryTimeoutMs=5000&requestTimeoutMs=3000&retries=3. Reason: org.apache.kafka.common.KafkaException: Failed to construct kafka producer
2026-07-24 10:00:55.548 | INFO | [BAMOE-CAMEL-DB2] STEP 5 - Published SUCCESS event to Kafka | Topic=bamoe-event-publish | queryId=caseLookup | caseId=200000000066985 | DurationMs=1415
2026-07-24 10:00:55.550 | INFO | [BAMOE-CAMEL-DB2] ROUTE COMPLETE | queryId=caseLookup | caseId=200000000066985 | DurationMs=1415
2026-07-24 10:12:30.504 | INFO | [BAMOE-CAMEL-DB2] STEP 1 - HTTP POST Request Received from BAMOE | Body={
  "queryId": "caseTeam",
  "params": { "caseId": "200000000066985" }
}
2026-07-24 10:12:30.508 | INFO | [BAMOE-CAMEL-DB2] STEP 1 - Parsed successfully | queryId=caseTeam | caseId=200000000066985
2026-07-24 10:12:30.543 | ERROR | [BAMOE-CAMEL-DB2] Failed to publish to Kafka | Topic=bamoe-event-publish | Reason=Failed to create Producer for endpoint: kafka://bamoe-event-publish?brokers=host.containers.internal%3A9092&deliveryTimeoutMs=5000&requestTimeoutMs=3000&retries=3. Reason: org.apache.kafka.common.KafkaException: Failed to construct kafka producer
2026-07-24 10:12:30.553 | INFO | [BAMOE-CAMEL-DB2] STEP 2 - Kafka REQUEST event published | Topic=bamoe-event-publish | queryId=caseTeam | caseId=200000000066985
2026-07-24 10:12:30.554 | INFO | [BAMOE-CAMEL-DB2] STEP 3 - Calling CamelDb2Connector | queryId=caseTeam | caseId=200000000066985
2026-07-24 10:12:30.558 | INFO | [BAMOE-CAMEL-DB2-CONNECTOR] Opening DB2 connection | caseId=200000000066985 | Query=SELECT cs.CASE_EXTID, cs.CRNT_ASGN_TEAM_ID FROM CASE cs WHERE cs.CASE_EXTID = ?
2026-07-24 10:12:31.050 | INFO | [BAMOE-CAMEL-DB2-CONNECTOR] DB2 connection acquired | caseId=200000000066985 | AutoCommit=true
2026-07-24 10:12:31.052 | INFO | [BAMOE-CAMEL-DB2-CONNECTOR] Executing DB2 query | caseId=200000000066985 | SQL=SELECT cs.CASE_EXTID, cs.CRNT_ASGN_TEAM_ID FROM CASE cs WHERE cs.CASE_EXTID = ?
2026-07-24 10:12:31.155 | INFO | [BAMOE-CAMEL-DB2-CONNECTOR] Row mapped | caseId=200000000066985 | Row={CASE_EXTID=200000000066985, CRNT_ASGN_TEAM_ID=null}
2026-07-24 10:12:31.257 | INFO | [BAMOE-CAMEL-DB2-CONNECTOR] DB2 query successful | caseId=200000000066985 | RowsReturned=1 | DurationMs=699 | Columns=[CASE_EXTID, CRNT_ASGN_TEAM_ID]
2026-07-24 10:12:31.260 | INFO | [BAMOE-CAMEL-DB2-CONNECTOR] DB2 connection closed | caseId=200000000066985
2026-07-24 10:12:31.263 | INFO | [BAMOE-CAMEL-DB2] STEP 3 - DB2 data received | queryId=caseTeam | caseId=200000000066985 | RowsReturned=1
2026-07-24 10:12:31.266 | INFO | [BAMOE-CAMEL-DB2] STEP 4 - JSON Response built and sent to BAMOE | queryId=caseTeam | caseId=200000000066985 | TotalRecords=1
2026-07-24 10:12:31.285 | ERROR | [BAMOE-CAMEL-DB2] Failed to publish to Kafka | Topic=bamoe-event-publish | Reason=Failed to create Producer for endpoint: kafka://bamoe-event-publish?brokers=host.containers.internal%3A9092&deliveryTimeoutMs=5000&requestTimeoutMs=3000&retries=3. Reason: org.apache.kafka.common.KafkaException: Failed to construct kafka producer
2026-07-24 10:12:31.296 | INFO | [BAMOE-CAMEL-DB2] STEP 5 - Published SUCCESS event to Kafka | Topic=bamoe-event-publish | queryId=caseTeam | caseId=200000000066985 | DurationMs=766
2026-07-24 10:12:31.298 | INFO | [BAMOE-CAMEL-DB2] ROUTE COMPLETE | queryId=caseTeam | caseId=200000000066985 | DurationMs=766
2026-07-24 10:16:27.192 | INFO | [BAMOE-CAMEL-DB2] STEP 1 - HTTP POST Request Received from BAMOE | Body={
  "queryId": "caseTeam",
  "params": { "caseId": "200000000484072" }
}
2026-07-24 10:16:27.207 | INFO | [BAMOE-CAMEL-DB2] STEP 1 - Parsed successfully | queryId=caseTeam | caseId=200000000484072
2026-07-24 10:16:27.274 | ERROR | [BAMOE-CAMEL-DB2] Failed to publish to Kafka | Topic=bamoe-event-publish | Reason=Failed to create Producer for endpoint: kafka://bamoe-event-publish?brokers=host.containers.internal%3A9092&deliveryTimeoutMs=5000&requestTimeoutMs=3000&retries=3. Reason: org.apache.kafka.common.KafkaException: Failed to construct kafka producer
2026-07-24 10:16:27.278 | INFO | [BAMOE-CAMEL-DB2] STEP 2 - Kafka REQUEST event published | Topic=bamoe-event-publish | queryId=caseTeam | caseId=200000000484072
2026-07-24 10:16:27.280 | INFO | [BAMOE-CAMEL-DB2] STEP 3 - Calling CamelDb2Connector | queryId=caseTeam | caseId=200000000484072
2026-07-24 10:16:27.283 | INFO | [BAMOE-CAMEL-DB2-CONNECTOR] Opening DB2 connection | caseId=200000000484072 | Query=SELECT cs.CASE_EXTID, cs.CRNT_ASGN_TEAM_ID FROM CASE cs WHERE cs.CASE_EXTID = ?
2026-07-24 10:16:27.876 | INFO | [BAMOE-CAMEL-DB2-CONNECTOR] DB2 connection acquired | caseId=200000000484072 | AutoCommit=true
2026-07-24 10:16:27.878 | INFO | [BAMOE-CAMEL-DB2-CONNECTOR] Executing DB2 query | caseId=200000000484072 | SQL=SELECT cs.CASE_EXTID, cs.CRNT_ASGN_TEAM_ID FROM CASE cs WHERE cs.CASE_EXTID = ?
2026-07-24 10:16:27.982 | INFO | [BAMOE-CAMEL-DB2-CONNECTOR] Row mapped | caseId=200000000484072 | Row={CASE_EXTID=200000000484072, CRNT_ASGN_TEAM_ID=2000006155}
2026-07-24 10:16:28.081 | INFO | [BAMOE-CAMEL-DB2-CONNECTOR] DB2 query successful | caseId=200000000484072 | RowsReturned=1 | DurationMs=798 | Columns=[CASE_EXTID, CRNT_ASGN_TEAM_ID]
2026-07-24 10:16:28.083 | INFO | [BAMOE-CAMEL-DB2-CONNECTOR] DB2 connection closed | caseId=200000000484072
2026-07-24 10:16:28.085 | INFO | [BAMOE-CAMEL-DB2] STEP 3 - DB2 data received | queryId=caseTeam | caseId=200000000484072 | RowsReturned=1
2026-07-24 10:16:28.087 | INFO | [BAMOE-CAMEL-DB2] STEP 4 - JSON Response built and sent to BAMOE | queryId=caseTeam | caseId=200000000484072 | TotalRecords=1
2026-07-24 10:16:28.095 | ERROR | [BAMOE-CAMEL-DB2] Failed to publish to Kafka | Topic=bamoe-event-publish | Reason=Failed to create Producer for endpoint: kafka://bamoe-event-publish?brokers=host.containers.internal%3A9092&deliveryTimeoutMs=5000&requestTimeoutMs=3000&retries=3. Reason: org.apache.kafka.common.KafkaException: Failed to construct kafka producer
2026-07-24 10:16:28.098 | INFO | [BAMOE-CAMEL-DB2] STEP 5 - Published SUCCESS event to Kafka | Topic=bamoe-event-publish | queryId=caseTeam | caseId=200000000484072 | DurationMs=896
2026-07-24 10:16:28.099 | INFO | [BAMOE-CAMEL-DB2] ROUTE COMPLETE | queryId=caseTeam | caseId=200000000484072 | DurationMs=896
2026-07-24 10:40:48.436 | INFO | [BAMOE-CAMEL-DB2] STEP 1 - HTTP POST Request Received from BAMOE | Body={"queryId":"caseLookup","params":{"caseId":"200000000483811"}}
2026-07-24 10:40:48.438 | INFO | [BAMOE-CAMEL-DB2] STEP 1 - Parsed successfully | queryId=caseLookup | caseId=200000000483811
2026-07-24 10:40:48.495 | ERROR | [BAMOE-CAMEL-DB2] Failed to publish to Kafka | Topic=bamoe-event-publish | Reason=Failed to create Producer for endpoint: kafka://bamoe-event-publish?brokers=host.containers.internal%3A9092&deliveryTimeoutMs=5000&requestTimeoutMs=3000&retries=3. Reason: org.apache.kafka.common.KafkaException: Failed to construct kafka producer
2026-07-24 10:40:48.500 | INFO | [BAMOE-CAMEL-DB2] STEP 2 - Kafka REQUEST event published | Topic=bamoe-event-publish | queryId=caseLookup | caseId=200000000483811
2026-07-24 10:40:48.504 | INFO | [BAMOE-CAMEL-DB2] STEP 3 - Calling CamelDb2Connector | queryId=caseLookup | caseId=200000000483811
2026-07-24 10:40:48.510 | INFO | [BAMOE-CAMEL-DB2-CONNECTOR] Opening DB2 connection | caseId=200000000483811 | Query=SELECT cs.CASE_EXTID, pnm.FIRST_NM, pnm.LAST_NM, csp.ROLE_CD FROM CASE cs JOIN CASE_PARTICIPANT csp ON cs.CASE_ID = csp.CASE_ID JOIN PARTICIPANT_NAME pnm ON csp.PRTCP_ID = pnm.PRTCP_ID WHERE csp.ROLE_CD IN ('CUS', 'NCP') AND csp.STAT_CD = 'ACT' AND cs.CASE_EXTID = ? FETCH FIRST 100 ROWS ONLY
2026-07-24 10:40:49.014 | INFO | [BAMOE-CAMEL-DB2-CONNECTOR] DB2 connection acquired | caseId=200000000483811 | AutoCommit=true
2026-07-24 10:40:49.016 | INFO | [BAMOE-CAMEL-DB2-CONNECTOR] Executing DB2 query | caseId=200000000483811 | SQL=SELECT cs.CASE_EXTID, pnm.FIRST_NM, pnm.LAST_NM, csp.ROLE_CD FROM CASE cs JOIN CASE_PARTICIPANT csp ON cs.CASE_ID = csp.CASE_ID JOIN PARTICIPANT_NAME pnm ON csp.PRTCP_ID = pnm.PRTCP_ID WHERE csp.ROLE_CD IN ('CUS', 'NCP') AND csp.STAT_CD = 'ACT' AND cs.CASE_EXTID = ? FETCH FIRST 100 ROWS ONLY
2026-07-24 10:40:49.113 | INFO | [BAMOE-CAMEL-DB2-CONNECTOR] Row mapped | caseId=200000000483811 | Row={CASE_EXTID=200000000483811, FIRST_NM=WILBURN, LAST_NM=CISCO, ROLE_CD=NCP}
2026-07-24 10:40:49.115 | INFO | [BAMOE-CAMEL-DB2-CONNECTOR] Row mapped | caseId=200000000483811 | Row={CASE_EXTID=200000000483811, FIRST_NM=REMEDIOS, LAST_NM=QUESENBERRY, ROLE_CD=CUS}
2026-07-24 10:40:49.203 | INFO | [BAMOE-CAMEL-DB2-CONNECTOR] DB2 query successful | caseId=200000000483811 | RowsReturned=2 | DurationMs=693 | Columns=[CASE_EXTID, FIRST_NM, LAST_NM, ROLE_CD]
2026-07-24 10:40:49.205 | INFO | [BAMOE-CAMEL-DB2-CONNECTOR] DB2 connection closed | caseId=200000000483811
2026-07-24 10:40:49.207 | INFO | [BAMOE-CAMEL-DB2] STEP 3 - DB2 data received | queryId=caseLookup | caseId=200000000483811 | RowsReturned=2
2026-07-24 10:40:49.208 | INFO | [BAMOE-CAMEL-DB2] STEP 4 - JSON Response built and sent to BAMOE | queryId=caseLookup | caseId=200000000483811 | TotalRecords=2
2026-07-24 10:40:49.222 | ERROR | [BAMOE-CAMEL-DB2] Failed to publish to Kafka | Topic=bamoe-event-publish | Reason=Failed to create Producer for endpoint: kafka://bamoe-event-publish?brokers=host.containers.internal%3A9092&deliveryTimeoutMs=5000&requestTimeoutMs=3000&retries=3. Reason: org.apache.kafka.common.KafkaException: Failed to construct kafka producer
2026-07-24 10:40:49.224 | INFO | [BAMOE-CAMEL-DB2] STEP 5 - Published SUCCESS event to Kafka | Topic=bamoe-event-publish | queryId=caseLookup | caseId=200000000483811 | DurationMs=774
2026-07-24 10:40:49.226 | INFO | [BAMOE-CAMEL-DB2] ROUTE COMPLETE | queryId=caseLookup | caseId=200000000483811 | DurationMs=774
2026-07-24 11:49:57.445 | INFO | [BAMOE-CAMEL-DB2] STEP 1 - HTTP POST Request Received from BAMOE | Body={"queryId":"caseLookup","params":{"caseId":"200000000483811"}}
2026-07-24 11:49:57.450 | INFO | [BAMOE-CAMEL-DB2] STEP 1 - Parsed successfully | queryId=caseLookup | caseId=200000000483811
2026-07-24 11:49:57.539 | ERROR | [BAMOE-CAMEL-DB2] Failed to publish to Kafka | Topic=bamoe-event-publish | Reason=Failed to create Producer for endpoint: kafka://bamoe-event-publish?brokers=host.containers.internal%3A9092&deliveryTimeoutMs=5000&requestTimeoutMs=3000&retries=3. Reason: org.apache.kafka.common.KafkaException: Failed to construct kafka producer
2026-07-24 11:49:57.544 | INFO | [BAMOE-CAMEL-DB2] STEP 2 - Kafka REQUEST event published | Topic=bamoe-event-publish | queryId=caseLookup | caseId=200000000483811
2026-07-24 11:49:57.547 | INFO | [BAMOE-CAMEL-DB2] STEP 3 - Calling CamelDb2Connector | queryId=caseLookup | caseId=200000000483811
2026-07-24 11:49:57.550 | INFO | [BAMOE-CAMEL-DB2-CONNECTOR] Opening DB2 connection | caseId=200000000483811 | Query=SELECT cs.CASE_EXTID, pnm.FIRST_NM, pnm.LAST_NM, csp.ROLE_CD FROM CASE cs JOIN CASE_PARTICIPANT csp ON cs.CASE_ID = csp.CASE_ID JOIN PARTICIPANT_NAME pnm ON csp.PRTCP_ID = pnm.PRTCP_ID WHERE csp.ROLE_CD IN ('CUS', 'NCP') AND csp.STAT_CD = 'ACT' AND cs.CASE_EXTID = ? FETCH FIRST 100 ROWS ONLY
2026-07-24 11:49:58.073 | INFO | [BAMOE-CAMEL-DB2-CONNECTOR] DB2 connection acquired | caseId=200000000483811 | AutoCommit=true
2026-07-24 11:49:58.077 | INFO | [BAMOE-CAMEL-DB2-CONNECTOR] Executing DB2 query | caseId=200000000483811 | SQL=SELECT cs.CASE_EXTID, pnm.FIRST_NM, pnm.LAST_NM, csp.ROLE_CD FROM CASE cs JOIN CASE_PARTICIPANT csp ON cs.CASE_ID = csp.CASE_ID JOIN PARTICIPANT_NAME pnm ON csp.PRTCP_ID = pnm.PRTCP_ID WHERE csp.ROLE_CD IN ('CUS', 'NCP') AND csp.STAT_CD = 'ACT' AND cs.CASE_EXTID = ? FETCH FIRST 100 ROWS ONLY
2026-07-24 11:49:58.190 | INFO | [BAMOE-CAMEL-DB2-CONNECTOR] Row mapped | caseId=200000000483811 | Row={CASE_EXTID=200000000483811, FIRST_NM=WILBURN, LAST_NM=CISCO, ROLE_CD=NCP}
2026-07-24 11:49:58.193 | INFO | [BAMOE-CAMEL-DB2-CONNECTOR] Row mapped | caseId=200000000483811 | Row={CASE_EXTID=200000000483811, FIRST_NM=REMEDIOS, LAST_NM=QUESENBERRY, ROLE_CD=CUS}
2026-07-24 11:49:58.292 | INFO | [BAMOE-CAMEL-DB2-CONNECTOR] DB2 query successful | caseId=200000000483811 | RowsReturned=2 | DurationMs=742 | Columns=[CASE_EXTID, FIRST_NM, LAST_NM, ROLE_CD]
2026-07-24 11:49:58.295 | INFO | [BAMOE-CAMEL-DB2-CONNECTOR] DB2 connection closed | caseId=200000000483811
2026-07-24 11:49:58.298 | INFO | [BAMOE-CAMEL-DB2] STEP 3 - DB2 data received | queryId=caseLookup | caseId=200000000483811 | RowsReturned=2
2026-07-24 11:49:58.303 | INFO | [BAMOE-CAMEL-DB2] STEP 4 - JSON Response built and sent to BAMOE | queryId=caseLookup | caseId=200000000483811 | TotalRecords=2
2026-07-24 11:49:58.318 | ERROR | [BAMOE-CAMEL-DB2] Failed to publish to Kafka | Topic=bamoe-event-publish | Reason=Failed to create Producer for endpoint: kafka://bamoe-event-publish?brokers=host.containers.internal%3A9092&deliveryTimeoutMs=5000&requestTimeoutMs=3000&retries=3. Reason: org.apache.kafka.common.KafkaException: Failed to construct kafka producer
2026-07-24 11:49:58.322 | INFO | [BAMOE-CAMEL-DB2] STEP 5 - Published SUCCESS event to Kafka | Topic=bamoe-event-publish | queryId=caseLookup | caseId=200000000483811 | DurationMs=863
2026-07-24 11:49:58.324 | INFO | [BAMOE-CAMEL-DB2] ROUTE COMPLETE | queryId=caseLookup | caseId=200000000483811 | DurationMs=863
2026-07-24 11:50:28.608 | INFO | [BAMOE-CAMEL-DB2] STEP 1 - HTTP POST Request Received from BAMOE | Body={
  "queryId": "caseTeam",
  "params": { "caseId": "200000000484072" }
}
2026-07-24 11:50:28.610 | INFO | [BAMOE-CAMEL-DB2] STEP 1 - Parsed successfully | queryId=caseTeam | caseId=200000000484072
2026-07-24 11:50:28.668 | ERROR | [BAMOE-CAMEL-DB2] Failed to publish to Kafka | Topic=bamoe-event-publish | Reason=Failed to create Producer for endpoint: kafka://bamoe-event-publish?brokers=host.containers.internal%3A9092&deliveryTimeoutMs=5000&requestTimeoutMs=3000&retries=3. Reason: org.apache.kafka.common.KafkaException: Failed to construct kafka producer
2026-07-24 11:50:28.670 | INFO | [BAMOE-CAMEL-DB2] STEP 2 - Kafka REQUEST event published | Topic=bamoe-event-publish | queryId=caseTeam | caseId=200000000484072
2026-07-24 11:50:28.672 | INFO | [BAMOE-CAMEL-DB2] STEP 3 - Calling CamelDb2Connector | queryId=caseTeam | caseId=200000000484072
2026-07-24 11:50:28.673 | INFO | [BAMOE-CAMEL-DB2-CONNECTOR] Opening DB2 connection | caseId=200000000484072 | Query=SELECT cs.CASE_EXTID, cs.CRNT_ASGN_TEAM_ID FROM CASE cs WHERE cs.CASE_EXTID = ?
2026-07-24 11:50:29.177 | INFO | [BAMOE-CAMEL-DB2-CONNECTOR] DB2 connection acquired | caseId=200000000484072 | AutoCommit=true
2026-07-24 11:50:29.181 | INFO | [BAMOE-CAMEL-DB2-CONNECTOR] Executing DB2 query | caseId=200000000484072 | SQL=SELECT cs.CASE_EXTID, cs.CRNT_ASGN_TEAM_ID FROM CASE cs WHERE cs.CASE_EXTID = ?
2026-07-24 11:50:29.285 | INFO | [BAMOE-CAMEL-DB2-CONNECTOR] Row mapped | caseId=200000000484072 | Row={CASE_EXTID=200000000484072, CRNT_ASGN_TEAM_ID=2000006155}
2026-07-24 11:50:29.385 | INFO | [BAMOE-CAMEL-DB2-CONNECTOR] DB2 query successful | caseId=200000000484072 | RowsReturned=1 | DurationMs=712 | Columns=[CASE_EXTID, CRNT_ASGN_TEAM_ID]
2026-07-24 11:50:29.388 | INFO | [BAMOE-CAMEL-DB2-CONNECTOR] DB2 connection closed | caseId=200000000484072
2026-07-24 11:50:29.389 | INFO | [BAMOE-CAMEL-DB2] STEP 3 - DB2 data received | queryId=caseTeam | caseId=200000000484072 | RowsReturned=1
2026-07-24 11:50:29.391 | INFO | [BAMOE-CAMEL-DB2] STEP 4 - JSON Response built and sent to BAMOE | queryId=caseTeam | caseId=200000000484072 | TotalRecords=1
2026-07-24 11:50:29.402 | ERROR | [BAMOE-CAMEL-DB2] Failed to publish to Kafka | Topic=bamoe-event-publish | Reason=Failed to create Producer for endpoint: kafka://bamoe-event-publish?brokers=host.containers.internal%3A9092&deliveryTimeoutMs=5000&requestTimeoutMs=3000&retries=3. Reason: org.apache.kafka.common.KafkaException: Failed to construct kafka producer
2026-07-24 11:50:29.404 | INFO | [BAMOE-CAMEL-DB2] STEP 5 - Published SUCCESS event to Kafka | Topic=bamoe-event-publish | queryId=caseTeam | caseId=200000000484072 | DurationMs=784
2026-07-24 11:50:29.405 | INFO | [BAMOE-CAMEL-DB2] ROUTE COMPLETE | queryId=caseTeam | caseId=200000000484072 | DurationMs=784
2026-07-24 11:50:40.373 | INFO | [BAMOE-CAMEL-DB2] STEP 1 - HTTP POST Request Received from BAMOE | Body={
  "queryId": "caseLookup",
  "params": { "caseId": "200000000484072" }
}
2026-07-24 11:50:40.382 | INFO | [BAMOE-CAMEL-DB2] STEP 1 - Parsed successfully | queryId=caseLookup | caseId=200000000484072
2026-07-24 11:50:40.441 | ERROR | [BAMOE-CAMEL-DB2] Failed to publish to Kafka | Topic=bamoe-event-publish | Reason=Failed to create Producer for endpoint: kafka://bamoe-event-publish?brokers=host.containers.internal%3A9092&deliveryTimeoutMs=5000&requestTimeoutMs=3000&retries=3. Reason: org.apache.kafka.common.KafkaException: Failed to construct kafka producer
2026-07-24 11:50:40.443 | INFO | [BAMOE-CAMEL-DB2] STEP 2 - Kafka REQUEST event published | Topic=bamoe-event-publish | queryId=caseLookup | caseId=200000000484072
2026-07-24 11:50:40.445 | INFO | [BAMOE-CAMEL-DB2] STEP 3 - Calling CamelDb2Connector | queryId=caseLookup | caseId=200000000484072
2026-07-24 11:50:40.446 | INFO | [BAMOE-CAMEL-DB2-CONNECTOR] Opening DB2 connection | caseId=200000000484072 | Query=SELECT cs.CASE_EXTID, pnm.FIRST_NM, pnm.LAST_NM, csp.ROLE_CD FROM CASE cs JOIN CASE_PARTICIPANT csp ON cs.CASE_ID = csp.CASE_ID JOIN PARTICIPANT_NAME pnm ON csp.PRTCP_ID = pnm.PRTCP_ID WHERE csp.ROLE_CD IN ('CUS', 'NCP') AND csp.STAT_CD = 'ACT' AND cs.CASE_EXTID = ? FETCH FIRST 100 ROWS ONLY
2026-07-24 11:50:40.942 | INFO | [BAMOE-CAMEL-DB2-CONNECTOR] DB2 connection acquired | caseId=200000000484072 | AutoCommit=true
2026-07-24 11:50:40.944 | INFO | [BAMOE-CAMEL-DB2-CONNECTOR] Executing DB2 query | caseId=200000000484072 | SQL=SELECT cs.CASE_EXTID, pnm.FIRST_NM, pnm.LAST_NM, csp.ROLE_CD FROM CASE cs JOIN CASE_PARTICIPANT csp ON cs.CASE_ID = csp.CASE_ID JOIN PARTICIPANT_NAME pnm ON csp.PRTCP_ID = pnm.PRTCP_ID WHERE csp.ROLE_CD IN ('CUS', 'NCP') AND csp.STAT_CD = 'ACT' AND cs.CASE_EXTID = ? FETCH FIRST 100 ROWS ONLY
2026-07-24 11:50:41.048 | INFO | [BAMOE-CAMEL-DB2-CONNECTOR] Row mapped | caseId=200000000484072 | Row={CASE_EXTID=200000000484072, FIRST_NM=HELENE, LAST_NM=GLENN, ROLE_CD=CUS}
2026-07-24 11:50:41.051 | INFO | [BAMOE-CAMEL-DB2-CONNECTOR] Row mapped | caseId=200000000484072 | Row={CASE_EXTID=200000000484072, FIRST_NM=HAYDEN, LAST_NM=SHERRELL, ROLE_CD=NCP}
2026-07-24 11:50:41.160 | INFO | [BAMOE-CAMEL-DB2-CONNECTOR] DB2 query successful | caseId=200000000484072 | RowsReturned=2 | DurationMs=714 | Columns=[CASE_EXTID, FIRST_NM, LAST_NM, ROLE_CD]
2026-07-24 11:50:41.162 | INFO | [BAMOE-CAMEL-DB2-CONNECTOR] DB2 connection closed | caseId=200000000484072
2026-07-24 11:50:41.164 | INFO | [BAMOE-CAMEL-DB2] STEP 3 - DB2 data received | queryId=caseLookup | caseId=200000000484072 | RowsReturned=2
2026-07-24 11:50:41.166 | INFO | [BAMOE-CAMEL-DB2] STEP 4 - JSON Response built and sent to BAMOE | queryId=caseLookup | caseId=200000000484072 | TotalRecords=2
2026-07-24 11:50:41.175 | ERROR | [BAMOE-CAMEL-DB2] Failed to publish to Kafka | Topic=bamoe-event-publish | Reason=Failed to create Producer for endpoint: kafka://bamoe-event-publish?brokers=host.containers.internal%3A9092&deliveryTimeoutMs=5000&requestTimeoutMs=3000&retries=3. Reason: org.apache.kafka.common.KafkaException: Failed to construct kafka producer
2026-07-24 11:50:41.181 | INFO | [BAMOE-CAMEL-DB2] STEP 5 - Published SUCCESS event to Kafka | Topic=bamoe-event-publish | queryId=caseLookup | caseId=200000000484072 | DurationMs=795
2026-07-24 11:50:41.182 | INFO | [BAMOE-CAMEL-DB2] ROUTE COMPLETE | queryId=caseLookup | caseId=200000000484072 | DurationMs=795
2026-07-24 11:53:16.177 | INFO | [BAMOE-CAMEL-DB2] STEP 1 - HTTP POST Request Received from BAMOE | Body={
  "queryId": "caseTeam",
  "params": { "caseId": "200000000484072" }
}
2026-07-24 11:53:16.182 | INFO | [BAMOE-CAMEL-DB2] STEP 1 - Parsed successfully | queryId=caseTeam | caseId=200000000484072
2026-07-24 11:53:16.276 | ERROR | [BAMOE-CAMEL-DB2] Failed to publish to Kafka | Topic=bamoe-event-publish | Reason=Failed to create Producer for endpoint: kafka://bamoe-event-publish?brokers=host.containers.internal%3A9092&deliveryTimeoutMs=5000&requestTimeoutMs=3000&retries=3. Reason: org.apache.kafka.common.KafkaException: Failed to construct kafka producer
2026-07-24 11:53:16.287 | INFO | [BAMOE-CAMEL-DB2] STEP 2 - Kafka REQUEST event published | Topic=bamoe-event-publish | queryId=caseTeam | caseId=200000000484072
2026-07-24 11:53:16.300 | INFO | [BAMOE-CAMEL-DB2] STEP 3 - Calling CamelDb2Connector | queryId=caseTeam | caseId=200000000484072
2026-07-24 11:53:16.312 | INFO | [BAMOE-CAMEL-DB2-CONNECTOR] Opening DB2 connection | caseId=200000000484072 | Query=SELECT cs.CASE_EXTID, cs.CRNT_ASGN_TEAM_ID FROM CASE cs WHERE cs.CASE_EXTID = ?
2026-07-24 11:53:16.829 | INFO | [BAMOE-CAMEL-DB2-CONNECTOR] DB2 connection acquired | caseId=200000000484072 | AutoCommit=true
2026-07-24 11:53:16.837 | INFO | [BAMOE-CAMEL-DB2-CONNECTOR] Executing DB2 query | caseId=200000000484072 | SQL=SELECT cs.CASE_EXTID, cs.CRNT_ASGN_TEAM_ID FROM CASE cs WHERE cs.CASE_EXTID = ?
2026-07-24 11:53:16.951 | INFO | [BAMOE-CAMEL-DB2-CONNECTOR] Row mapped | caseId=200000000484072 | Row={CASE_EXTID=200000000484072, CRNT_ASGN_TEAM_ID=2000006155}
2026-07-24 11:53:17.049 | INFO | [BAMOE-CAMEL-DB2-CONNECTOR] DB2 query successful | caseId=200000000484072 | RowsReturned=1 | DurationMs=737 | Columns=[CASE_EXTID, CRNT_ASGN_TEAM_ID]
2026-07-24 11:53:17.053 | INFO | [BAMOE-CAMEL-DB2-CONNECTOR] DB2 connection closed | caseId=200000000484072
2026-07-24 11:53:17.057 | INFO | [BAMOE-CAMEL-DB2] STEP 3 - DB2 data received | queryId=caseTeam | caseId=200000000484072 | RowsReturned=1
2026-07-24 11:53:17.063 | INFO | [BAMOE-CAMEL-DB2] STEP 4 - JSON Response built and sent to BAMOE | queryId=caseTeam | caseId=200000000484072 | TotalRecords=1
2026-07-24 11:53:17.073 | ERROR | [BAMOE-CAMEL-DB2] Failed to publish to Kafka | Topic=bamoe-event-publish | Reason=Failed to create Producer for endpoint: kafka://bamoe-event-publish?brokers=host.containers.internal%3A9092&deliveryTimeoutMs=5000&requestTimeoutMs=3000&retries=3. Reason: org.apache.kafka.common.KafkaException: Failed to construct kafka producer
2026-07-24 11:53:17.076 | INFO | [BAMOE-CAMEL-DB2] STEP 5 - Published SUCCESS event to Kafka | Topic=bamoe-event-publish | queryId=caseTeam | caseId=200000000484072 | DurationMs=888
2026-07-24 11:53:17.079 | INFO | [BAMOE-CAMEL-DB2] ROUTE COMPLETE | queryId=caseTeam | caseId=200000000484072 | DurationMs=888
2026-07-24 12:50:49.717 | INFO | [BAMOE-CAMEL-DB2] STEP 1 - HTTP POST Request Received from BAMOE | Body={
  "queryId": "caseLookup",
  "params": { "caseId": "200000000483811" }
}
2026-07-24 12:50:49.724 | INFO | [BAMOE-CAMEL-DB2] STEP 1 - Parsed successfully | queryId=caseLookup | caseId=200000000483811
2026-07-24 12:50:49.797 | ERROR | [BAMOE-CAMEL-DB2] Failed to publish to Kafka | Topic=bamoe-event-publish | Reason=Failed to create Producer for endpoint: kafka://bamoe-event-publish?brokers=host.containers.internal%3A9092&deliveryTimeoutMs=5000&requestTimeoutMs=3000&retries=3. Reason: org.apache.kafka.common.KafkaException: Failed to construct kafka producer
2026-07-24 12:50:49.799 | INFO | [BAMOE-CAMEL-DB2] STEP 2 - Kafka REQUEST event published | Topic=bamoe-event-publish | queryId=caseLookup | caseId=200000000483811
2026-07-24 12:50:49.804 | INFO | [BAMOE-CAMEL-DB2] STEP 3 - Calling CamelDb2Connector | queryId=caseLookup | caseId=200000000483811
2026-07-24 12:50:49.806 | INFO | [BAMOE-CAMEL-DB2-CONNECTOR] Opening DB2 connection | caseId=200000000483811 | Query=SELECT cs.CASE_EXTID, pnm.FIRST_NM, pnm.LAST_NM, csp.ROLE_CD FROM CASE cs JOIN CASE_PARTICIPANT csp ON cs.CASE_ID = csp.CASE_ID JOIN PARTICIPANT_NAME pnm ON csp.PRTCP_ID = pnm.PRTCP_ID WHERE csp.ROLE_CD IN ('CUS', 'NCP') AND csp.STAT_CD = 'ACT' AND cs.CASE_EXTID = ? FETCH FIRST 100 ROWS ONLY
2026-07-24 12:50:50.333 | INFO | [BAMOE-CAMEL-DB2-CONNECTOR] DB2 connection acquired | caseId=200000000483811 | AutoCommit=true
2026-07-24 12:50:50.336 | INFO | [BAMOE-CAMEL-DB2-CONNECTOR] Executing DB2 query | caseId=200000000483811 | SQL=SELECT cs.CASE_EXTID, pnm.FIRST_NM, pnm.LAST_NM, csp.ROLE_CD FROM CASE cs JOIN CASE_PARTICIPANT csp ON cs.CASE_ID = csp.CASE_ID JOIN PARTICIPANT_NAME pnm ON csp.PRTCP_ID = pnm.PRTCP_ID WHERE csp.ROLE_CD IN ('CUS', 'NCP') AND csp.STAT_CD = 'ACT' AND cs.CASE_EXTID = ? FETCH FIRST 100 ROWS ONLY
2026-07-24 12:50:50.442 | INFO | [BAMOE-CAMEL-DB2-CONNECTOR] Row mapped | caseId=200000000483811 | Row={CASE_EXTID=200000000483811, FIRST_NM=WILBURN, LAST_NM=CISCO, ROLE_CD=NCP}
2026-07-24 12:50:50.446 | INFO | [BAMOE-CAMEL-DB2-CONNECTOR] Row mapped | caseId=200000000483811 | Row={CASE_EXTID=200000000483811, FIRST_NM=REMEDIOS, LAST_NM=QUESENBERRY, ROLE_CD=CUS}
2026-07-24 12:50:50.543 | INFO | [BAMOE-CAMEL-DB2-CONNECTOR] DB2 query successful | caseId=200000000483811 | RowsReturned=2 | DurationMs=737 | Columns=[CASE_EXTID, FIRST_NM, LAST_NM, ROLE_CD]
2026-07-24 12:50:50.546 | INFO | [BAMOE-CAMEL-DB2-CONNECTOR] DB2 connection closed | caseId=200000000483811
2026-07-24 12:50:50.548 | INFO | [BAMOE-CAMEL-DB2] STEP 3 - DB2 data received | queryId=caseLookup | caseId=200000000483811 | RowsReturned=2
2026-07-24 12:50:50.556 | INFO | [BAMOE-CAMEL-DB2] STEP 4 - JSON Response built and sent to BAMOE | queryId=caseLookup | caseId=200000000483811 | TotalRecords=2
2026-07-24 12:50:50.567 | ERROR | [BAMOE-CAMEL-DB2] Failed to publish to Kafka | Topic=bamoe-event-publish | Reason=Failed to create Producer for endpoint: kafka://bamoe-event-publish?brokers=host.containers.internal%3A9092&deliveryTimeoutMs=5000&requestTimeoutMs=3000&retries=3. Reason: org.apache.kafka.common.KafkaException: Failed to construct kafka producer
2026-07-24 12:50:50.570 | INFO | [BAMOE-CAMEL-DB2] STEP 5 - Published SUCCESS event to Kafka | Topic=bamoe-event-publish | queryId=caseLookup | caseId=200000000483811 | DurationMs=844
2026-07-24 12:50:50.572 | INFO | [BAMOE-CAMEL-DB2] ROUTE COMPLETE | queryId=caseLookup | caseId=200000000483811 | DurationMs=844
2026-07-24 12:51:07.949 | INFO | [BAMOE-CAMEL-DB2] STEP 1 - HTTP POST Request Received from BAMOE | Body={
  "queryId": "caseTeam",
  "params": { "caseId": "200000000483811" }
}
2026-07-24 12:51:07.951 | INFO | [BAMOE-CAMEL-DB2] STEP 1 - Parsed successfully | queryId=caseTeam | caseId=200000000483811
2026-07-24 12:51:07.972 | ERROR | [BAMOE-CAMEL-DB2] Failed to publish to Kafka | Topic=bamoe-event-publish | Reason=Failed to create Producer for endpoint: kafka://bamoe-event-publish?brokers=host.containers.internal%3A9092&deliveryTimeoutMs=5000&requestTimeoutMs=3000&retries=3. Reason: org.apache.kafka.common.KafkaException: Failed to construct kafka producer
2026-07-24 12:51:07.973 | INFO | [BAMOE-CAMEL-DB2] STEP 2 - Kafka REQUEST event published | Topic=bamoe-event-publish | queryId=caseTeam | caseId=200000000483811
2026-07-24 12:51:07.976 | INFO | [BAMOE-CAMEL-DB2] STEP 3 - Calling CamelDb2Connector | queryId=caseTeam | caseId=200000000483811
2026-07-24 12:51:07.978 | INFO | [BAMOE-CAMEL-DB2-CONNECTOR] Opening DB2 connection | caseId=200000000483811 | Query=SELECT cs.CASE_EXTID, cs.CRNT_ASGN_TEAM_ID FROM CASE cs WHERE cs.CASE_EXTID = ?
2026-07-24 12:51:08.472 | INFO | [BAMOE-CAMEL-DB2-CONNECTOR] DB2 connection acquired | caseId=200000000483811 | AutoCommit=true
2026-07-24 12:51:08.475 | INFO | [BAMOE-CAMEL-DB2-CONNECTOR] Executing DB2 query | caseId=200000000483811 | SQL=SELECT cs.CASE_EXTID, cs.CRNT_ASGN_TEAM_ID FROM CASE cs WHERE cs.CASE_EXTID = ?
2026-07-24 12:51:08.576 | INFO | [BAMOE-CAMEL-DB2-CONNECTOR] Row mapped | caseId=200000000483811 | Row={CASE_EXTID=200000000483811, CRNT_ASGN_TEAM_ID=2000002410}
2026-07-24 12:51:08.674 | INFO | [BAMOE-CAMEL-DB2-CONNECTOR] DB2 query successful | caseId=200000000483811 | RowsReturned=1 | DurationMs=696 | Columns=[CASE_EXTID, CRNT_ASGN_TEAM_ID]
2026-07-24 12:51:08.676 | INFO | [BAMOE-CAMEL-DB2-CONNECTOR] DB2 connection closed | caseId=200000000483811
2026-07-24 12:51:08.678 | INFO | [BAMOE-CAMEL-DB2] STEP 3 - DB2 data received | queryId=caseTeam | caseId=200000000483811 | RowsReturned=1
2026-07-24 12:51:08.681 | INFO | [BAMOE-CAMEL-DB2] STEP 4 - JSON Response built and sent to BAMOE | queryId=caseTeam | caseId=200000000483811 | TotalRecords=1
2026-07-24 12:51:08.689 | ERROR | [BAMOE-CAMEL-DB2] Failed to publish to Kafka | Topic=bamoe-event-publish | Reason=Failed to create Producer for endpoint: kafka://bamoe-event-publish?brokers=host.containers.internal%3A9092&deliveryTimeoutMs=5000&requestTimeoutMs=3000&retries=3. Reason: org.apache.kafka.common.KafkaException: Failed to construct kafka producer
2026-07-24 12:51:08.691 | INFO | [BAMOE-CAMEL-DB2] STEP 5 - Published SUCCESS event to Kafka | Topic=bamoe-event-publish | queryId=caseTeam | caseId=200000000483811 | DurationMs=733
2026-07-24 12:51:08.692 | INFO | [BAMOE-CAMEL-DB2] ROUTE COMPLETE | queryId=caseTeam | caseId=200000000483811 | DurationMs=733
2026-07-24 13:34:27.591 | INFO | [BAMOE-CAMEL-DB2] STEP 1 - HTTP POST Request Received from BAMOE | Body={
  "queryId": "caseLookup",
  "params": { "caseId": "200000000483811" }
}
2026-07-24 13:34:27.601 | INFO | [BAMOE-CAMEL-DB2] STEP 1 - Parsed successfully | queryId=caseLookup | caseId=200000000483811
2026-07-24 13:34:27.692 | ERROR | [BAMOE-CAMEL-DB2] Failed to publish to Kafka | Topic=bamoe-event-publish | Reason=Failed to create Producer for endpoint: kafka://bamoe-event-publish?brokers=host.containers.internal%3A9092&deliveryTimeoutMs=5000&requestTimeoutMs=3000&retries=3. Reason: org.apache.kafka.common.KafkaException: Failed to construct kafka producer
2026-07-24 13:34:27.693 | INFO | [BAMOE-CAMEL-DB2] STEP 2 - Kafka REQUEST event published | Topic=bamoe-event-publish | queryId=caseLookup | caseId=200000000483811
2026-07-24 13:34:27.696 | INFO | [BAMOE-CAMEL-DB2] STEP 3 - Calling CamelDb2Connector | queryId=caseLookup | caseId=200000000483811
2026-07-24 13:34:27.697 | INFO | [BAMOE-CAMEL-DB2-CONNECTOR] Opening DB2 connection | caseId=200000000483811 | Query=SELECT cs.CASE_EXTID, pnm.FIRST_NM, pnm.LAST_NM, csp.ROLE_CD FROM CASE cs JOIN CASE_PARTICIPANT csp ON cs.CASE_ID = csp.CASE_ID JOIN PARTICIPANT_NAME pnm ON csp.PRTCP_ID = pnm.PRTCP_ID WHERE csp.ROLE_CD IN ('CUS', 'NCP') AND csp.STAT_CD = 'ACT' AND cs.CASE_EXTID = ? FETCH FIRST 100 ROWS ONLY
2026-07-24 13:34:28.379 | INFO | [BAMOE-CAMEL-DB2-CONNECTOR] DB2 connection acquired | caseId=200000000483811 | AutoCommit=true
2026-07-24 13:34:28.387 | INFO | [BAMOE-CAMEL-DB2-CONNECTOR] Executing DB2 query | caseId=200000000483811 | SQL=SELECT cs.CASE_EXTID, pnm.FIRST_NM, pnm.LAST_NM, csp.ROLE_CD FROM CASE cs JOIN CASE_PARTICIPANT csp ON cs.CASE_ID = csp.CASE_ID JOIN PARTICIPANT_NAME pnm ON csp.PRTCP_ID = pnm.PRTCP_ID WHERE csp.ROLE_CD IN ('CUS', 'NCP') AND csp.STAT_CD = 'ACT' AND cs.CASE_EXTID = ? FETCH FIRST 100 ROWS ONLY
2026-07-24 13:34:28.493 | INFO | [BAMOE-CAMEL-DB2-CONNECTOR] Row mapped | caseId=200000000483811 | Row={CASE_EXTID=200000000483811, FIRST_NM=WILBURN, LAST_NM=CISCO, ROLE_CD=NCP}
2026-07-24 13:34:28.495 | INFO | [BAMOE-CAMEL-DB2-CONNECTOR] Row mapped | caseId=200000000483811 | Row={CASE_EXTID=200000000483811, FIRST_NM=REMEDIOS, LAST_NM=QUESENBERRY, ROLE_CD=CUS}
2026-07-24 13:34:28.581 | INFO | [BAMOE-CAMEL-DB2-CONNECTOR] DB2 query successful | caseId=200000000483811 | RowsReturned=2 | DurationMs=884 | Columns=[CASE_EXTID, FIRST_NM, LAST_NM, ROLE_CD]
2026-07-24 13:34:28.586 | INFO | [BAMOE-CAMEL-DB2-CONNECTOR] DB2 connection closed | caseId=200000000483811
2026-07-24 13:34:28.589 | INFO | [BAMOE-CAMEL-DB2] STEP 3 - DB2 data received | queryId=caseLookup | caseId=200000000483811 | RowsReturned=2
2026-07-24 13:34:28.594 | INFO | [BAMOE-CAMEL-DB2] STEP 4 - JSON Response built and sent to BAMOE | queryId=caseLookup | caseId=200000000483811 | TotalRecords=2
2026-07-24 13:34:28.614 | ERROR | [BAMOE-CAMEL-DB2] Failed to publish to Kafka | Topic=bamoe-event-publish | Reason=Failed to create Producer for endpoint: kafka://bamoe-event-publish?brokers=host.containers.internal%3A9092&deliveryTimeoutMs=5000&requestTimeoutMs=3000&retries=3. Reason: org.apache.kafka.common.KafkaException: Failed to construct kafka producer
2026-07-24 13:34:28.618 | INFO | [BAMOE-CAMEL-DB2] STEP 5 - Published SUCCESS event to Kafka | Topic=bamoe-event-publish | queryId=caseLookup | caseId=200000000483811 | DurationMs=1010
2026-07-24 13:34:28.621 | INFO | [BAMOE-CAMEL-DB2] ROUTE COMPLETE | queryId=caseLookup | caseId=200000000483811 | DurationMs=1010
2026-07-24 13:56:08.424 | INFO | [BAMOE-CAMEL-DB2] STEP 1 - HTTP POST Request Received from BAMOE | Body={
  "queryId": "caseLookup",
  "params": { "caseId": "200000000483811" }
}
2026-07-24 13:56:08.427 | INFO | [BAMOE-CAMEL-DB2] STEP 1 - Parsed successfully | queryId=caseLookup | caseId=200000000483811
2026-07-24 13:56:08.506 | ERROR | [BAMOE-CAMEL-DB2] Failed to publish to Kafka | Topic=bamoe-event-publish | Reason=Failed to create Producer for endpoint: kafka://bamoe-event-publish?brokers=host.containers.internal%3A9092&deliveryTimeoutMs=5000&requestTimeoutMs=3000&retries=3. Reason: org.apache.kafka.common.KafkaException: Failed to construct kafka producer
2026-07-24 13:56:08.515 | INFO | [BAMOE-CAMEL-DB2] STEP 2 - Kafka REQUEST event published | Topic=bamoe-event-publish | queryId=caseLookup | caseId=200000000483811
2026-07-24 13:56:08.519 | INFO | [BAMOE-CAMEL-DB2] STEP 3 - Calling CamelDb2Connector | queryId=caseLookup | caseId=200000000483811
2026-07-24 13:56:08.534 | INFO | [BAMOE-CAMEL-DB2-CONNECTOR] Opening DB2 connection | caseId=200000000483811 | Query=SELECT cs.CASE_EXTID, pnm.FIRST_NM, pnm.LAST_NM, csp.ROLE_CD FROM CASE cs JOIN CASE_PARTICIPANT csp ON cs.CASE_ID = csp.CASE_ID JOIN PARTICIPANT_NAME pnm ON csp.PRTCP_ID = pnm.PRTCP_ID WHERE csp.ROLE_CD IN ('CUS', 'NCP') AND csp.STAT_CD = 'ACT' AND cs.CASE_EXTID = ? FETCH FIRST 100 ROWS ONLY
2026-07-24 13:56:09.038 | INFO | [BAMOE-CAMEL-DB2-CONNECTOR] DB2 connection acquired | caseId=200000000483811 | AutoCommit=true
2026-07-24 13:56:09.041 | INFO | [BAMOE-CAMEL-DB2-CONNECTOR] Executing DB2 query | caseId=200000000483811 | SQL=SELECT cs.CASE_EXTID, pnm.FIRST_NM, pnm.LAST_NM, csp.ROLE_CD FROM CASE cs JOIN CASE_PARTICIPANT csp ON cs.CASE_ID = csp.CASE_ID JOIN PARTICIPANT_NAME pnm ON csp.PRTCP_ID = pnm.PRTCP_ID WHERE csp.ROLE_CD IN ('CUS', 'NCP') AND csp.STAT_CD = 'ACT' AND cs.CASE_EXTID = ? FETCH FIRST 100 ROWS ONLY
2026-07-24 13:56:09.140 | INFO | [BAMOE-CAMEL-DB2-CONNECTOR] Row mapped | caseId=200000000483811 | Row={CASE_EXTID=200000000483811, FIRST_NM=WILBURN, LAST_NM=CISCO, ROLE_CD=NCP}
2026-07-24 13:56:09.143 | INFO | [BAMOE-CAMEL-DB2-CONNECTOR] Row mapped | caseId=200000000483811 | Row={CASE_EXTID=200000000483811, FIRST_NM=REMEDIOS, LAST_NM=QUESENBERRY, ROLE_CD=CUS}
2026-07-24 13:56:09.240 | INFO | [BAMOE-CAMEL-DB2-CONNECTOR] DB2 query successful | caseId=200000000483811 | RowsReturned=2 | DurationMs=706 | Columns=[CASE_EXTID, FIRST_NM, LAST_NM, ROLE_CD]
2026-07-24 13:56:09.243 | INFO | [BAMOE-CAMEL-DB2-CONNECTOR] DB2 connection closed | caseId=200000000483811
2026-07-24 13:56:09.246 | INFO | [BAMOE-CAMEL-DB2] STEP 3 - DB2 data received | queryId=caseLookup | caseId=200000000483811 | RowsReturned=2
2026-07-24 13:56:09.251 | INFO | [BAMOE-CAMEL-DB2] STEP 4 - JSON Response built and sent to BAMOE | queryId=caseLookup | caseId=200000000483811 | TotalRecords=2
2026-07-24 13:56:09.267 | ERROR | [BAMOE-CAMEL-DB2] Failed to publish to Kafka | Topic=bamoe-event-publish | Reason=Failed to create Producer for endpoint: kafka://bamoe-event-publish?brokers=host.containers.internal%3A9092&deliveryTimeoutMs=5000&requestTimeoutMs=3000&retries=3. Reason: org.apache.kafka.common.KafkaException: Failed to construct kafka producer
2026-07-24 13:56:09.274 | INFO | [BAMOE-CAMEL-DB2] STEP 5 - Published SUCCESS event to Kafka | Topic=bamoe-event-publish | queryId=caseLookup | caseId=200000000483811 | DurationMs=830
2026-07-24 13:56:09.287 | INFO | [BAMOE-CAMEL-DB2] ROUTE COMPLETE | queryId=caseLookup | caseId=200000000483811 | DurationMs=830
2026-07-24 13:56:22.422 | INFO | [BAMOE-CAMEL-DB2] STEP 1 - HTTP POST Request Received from BAMOE | Body={
  "queryId": "caseTeam",
  "params": { "caseId": "200000000483811" }
}
2026-07-24 13:56:22.425 | INFO | [BAMOE-CAMEL-DB2] STEP 1 - Parsed successfully | queryId=caseTeam | caseId=200000000483811
2026-07-24 13:56:22.449 | ERROR | [BAMOE-CAMEL-DB2] Failed to publish to Kafka | Topic=bamoe-event-publish | Reason=Failed to create Producer for endpoint: kafka://bamoe-event-publish?brokers=host.containers.internal%3A9092&deliveryTimeoutMs=5000&requestTimeoutMs=3000&retries=3. Reason: org.apache.kafka.common.KafkaException: Failed to construct kafka producer
2026-07-24 13:56:22.452 | INFO | [BAMOE-CAMEL-DB2] STEP 2 - Kafka REQUEST event published | Topic=bamoe-event-publish | queryId=caseTeam | caseId=200000000483811
2026-07-24 13:56:22.454 | INFO | [BAMOE-CAMEL-DB2] STEP 3 - Calling CamelDb2Connector | queryId=caseTeam | caseId=200000000483811
2026-07-24 13:56:22.457 | INFO | [BAMOE-CAMEL-DB2-CONNECTOR] Opening DB2 connection | caseId=200000000483811 | Query=SELECT cs.CASE_EXTID, cs.CRNT_ASGN_TEAM_ID FROM CASE cs WHERE cs.CASE_EXTID = ?
2026-07-24 13:56:22.945 | INFO | [BAMOE-CAMEL-DB2-CONNECTOR] DB2 connection acquired | caseId=200000000483811 | AutoCommit=true
2026-07-24 13:56:22.947 | INFO | [BAMOE-CAMEL-DB2-CONNECTOR] Executing DB2 query | caseId=200000000483811 | SQL=SELECT cs.CASE_EXTID, cs.CRNT_ASGN_TEAM_ID FROM CASE cs WHERE cs.CASE_EXTID = ?
2026-07-24 13:56:23.050 | INFO | [BAMOE-CAMEL-DB2-CONNECTOR] Row mapped | caseId=200000000483811 | Row={CASE_EXTID=200000000483811, CRNT_ASGN_TEAM_ID=2000002410}
2026-07-24 13:56:23.147 | INFO | [BAMOE-CAMEL-DB2-CONNECTOR] DB2 query successful | caseId=200000000483811 | RowsReturned=1 | DurationMs=690 | Columns=[CASE_EXTID, CRNT_ASGN_TEAM_ID]
2026-07-24 13:56:23.150 | INFO | [BAMOE-CAMEL-DB2-CONNECTOR] DB2 connection closed | caseId=200000000483811
2026-07-24 13:56:23.152 | INFO | [BAMOE-CAMEL-DB2] STEP 3 - DB2 data received | queryId=caseTeam | caseId=200000000483811 | RowsReturned=1
2026-07-24 13:56:23.155 | INFO | [BAMOE-CAMEL-DB2] STEP 4 - JSON Response built and sent to BAMOE | queryId=caseTeam | caseId=200000000483811 | TotalRecords=1
2026-07-24 13:56:23.165 | ERROR | [BAMOE-CAMEL-DB2] Failed to publish to Kafka | Topic=bamoe-event-publish | Reason=Failed to create Producer for endpoint: kafka://bamoe-event-publish?brokers=host.containers.internal%3A9092&deliveryTimeoutMs=5000&requestTimeoutMs=3000&retries=3. Reason: org.apache.kafka.common.KafkaException: Failed to construct kafka producer
2026-07-24 13:56:23.167 | INFO | [BAMOE-CAMEL-DB2] STEP 5 - Published SUCCESS event to Kafka | Topic=bamoe-event-publish | queryId=caseTeam | caseId=200000000483811 | DurationMs=734
2026-07-24 13:56:23.169 | INFO | [BAMOE-CAMEL-DB2] ROUTE COMPLETE | queryId=caseTeam | caseId=200000000483811 | DurationMs=734
2026-07-29 11:39:33.313 | INFO | [APP STARTUP] Bouncy Castle provider inserted
2026-07-29 11:39:37.967 | INFO | [BAMOE-CAMEL-DB2-CONNECTOR-CONFIG] Registering caseDb2DataSource bean | Server=vmdevtestdboltp02 | Port=60026 | Database=CSE1DV01 | SSL=false
2026-07-29 11:39:38.182 | INFO | [BAMOE-CAMEL-DB2-CONNECTOR-CONFIG] caseDb2DataSource bean registered successfully
2026-07-29 11:39:38.230 | INFO | [BAMOE-CAMEL-DB2-CONNECTOR] CamelDb2Connector initialized | DataSource=caseDb2DataSource
2026-07-29 11:39:38.241 | INFO | [BAMOE-CAMEL-QUERY-REGISTRY] Query loaded | QueryId=caseTeam
2026-07-29 11:39:38.243 | INFO | [BAMOE-CAMEL-QUERY-REGISTRY] Query loaded | QueryId=caseLookup
2026-07-29 11:39:38.244 | INFO | [BAMOE-CAMEL-QUERY-REGISTRY] Query registry initialized | Source=query-registry.properties | AvailableQueryIds=[caseTeam, caseLookup]
2026-07-29 11:39:39.912 | INFO | [BAMOE-CONNECTION-TESTER] ========================================
2026-07-29 11:39:39.915 | INFO | [BAMOE-CONNECTION-TESTER] Running startup connection tests...
2026-07-29 11:39:39.916 | INFO | [BAMOE-CONNECTION-TESTER] ========================================
2026-07-29 11:39:39.918 | INFO | [BAMOE-CONNECTION-TESTER] [DB2] Testing DB2 connection...
2026-07-29 11:39:40.816 | INFO | [BAMOE-CONNECTION-TESTER] [DB2] Connection opened successfully
2026-07-29 11:39:40.931 | INFO | [BAMOE-CONNECTION-TESTER] [DB2] - DB2 CONNECTION SUCCESS | Ping query returned: 1 | DB2 is reachable and responding
2026-07-29 11:39:41.024 | INFO | [BAMOE-CONNECTION-TESTER] [KAFKA] Testing Kafka connection... | Broker=host.containers.internal:9092
2026-07-29 11:39:41.150 | ERROR | [BAMOE-CONNECTION-TESTER] [KAFKA] - KAFKA BROKER CONNECTION FAILED | Broker=host.containers.internal:9092 | Reason=Failed to create new KafkaAdminClient | Check: broker IP and port in application.properties
2026-07-29 11:39:41.152 | INFO | [BAMOE-CONNECTION-TESTER] ========================================
2026-07-29 11:39:41.155 | INFO | [BAMOE-CONNECTION-TESTER] Connection tests completed.
2026-07-29 11:39:41.158 | INFO | [BAMOE-CONNECTION-TESTER] ========================================
2026-07-29 11:39:41.161 | INFO | [APP READY] Application started - BAMOE Camel route active
2026-07-29 11:39:41.163 | INFO | [APP READY] Listening for BAMOE requests on: POST http://vmdevtestrhelaro01.dcss.gov:8080/bamoe/execute-query
2026-07-29 11:59:41.987 | INFO | [APP STARTUP] Bouncy Castle provider inserted
2026-07-29 11:59:47.495 | INFO | [BAMOE-CAMEL-DB2-CONNECTOR-CONFIG] Registering caseDb2DataSource bean | Server=vmdevtestdboltp02 | Port=60026 | Database=CSE1DV01 | SSL=false
2026-07-29 11:59:47.674 | INFO | [BAMOE-CAMEL-DB2-CONNECTOR-CONFIG] caseDb2DataSource bean registered successfully
2026-07-29 11:59:47.739 | INFO | [BAMOE-CAMEL-DB2-CONNECTOR] CamelDb2Connector initialized | DataSource=caseDb2DataSource
2026-07-29 11:59:47.752 | INFO | [BAMOE-CAMEL-QUERY-REGISTRY] Query loaded | QueryId=caseTeam
2026-07-29 11:59:47.754 | INFO | [BAMOE-CAMEL-QUERY-REGISTRY] Query loaded | QueryId=caseLookup
2026-07-29 11:59:47.756 | INFO | [BAMOE-CAMEL-QUERY-REGISTRY] Query registry initialized | Source=query-registry.properties | AvailableQueryIds=[caseTeam, caseLookup]
2026-07-29 11:59:49.565 | INFO | [BAMOE-CONNECTION-TESTER] ========================================
2026-07-29 11:59:49.569 | INFO | [BAMOE-CONNECTION-TESTER] Running startup connection tests...
2026-07-29 11:59:49.571 | INFO | [BAMOE-CONNECTION-TESTER] ========================================
2026-07-29 11:59:49.572 | INFO | [BAMOE-CONNECTION-TESTER] [DB2] Testing DB2 connection...
2026-07-29 11:59:50.555 | INFO | [BAMOE-CONNECTION-TESTER] [DB2] Connection opened successfully
2026-07-29 11:59:50.653 | INFO | [BAMOE-CONNECTION-TESTER] [DB2] - DB2 CONNECTION SUCCESS | Ping query returned: 1 | DB2 is reachable and responding
2026-07-29 11:59:50.737 | INFO | [BAMOE-CONNECTION-TESTER] [KAFKA] Testing Kafka connection... | Broker=host.containers.internal:9092
2026-07-29 11:59:50.896 | ERROR | [BAMOE-CONNECTION-TESTER] [KAFKA] - KAFKA BROKER CONNECTION FAILED | Broker=host.containers.internal:9092 | Reason=Failed to create new KafkaAdminClient | Check: broker IP and port in application.properties
2026-07-29 11:59:50.899 | INFO | [BAMOE-CONNECTION-TESTER] ========================================
2026-07-29 11:59:50.901 | INFO | [BAMOE-CONNECTION-TESTER] Connection tests completed.
2026-07-29 11:59:50.903 | INFO | [BAMOE-CONNECTION-TESTER] ========================================
2026-07-29 11:59:50.905 | INFO | [APP READY] Application started - BAMOE Camel route active
2026-07-29 11:59:50.907 | INFO | [APP READY] Listening for BAMOE requests on: POST http://vmdevtestrhelaro01.dcss.gov:8080/bamoe/execute-query
2026-07-29 12:03:21.717 | INFO | [APP STARTUP] Bouncy Castle provider inserted
2026-07-29 12:03:26.285 | INFO | [BAMOE-CAMEL-DB2-CONNECTOR-CONFIG] Registering caseDb2DataSource bean | Server=vmdevtestdboltp02 | Port=60026 | Database=CSE1DV01 | SSL=false
2026-07-29 12:03:26.454 | INFO | [BAMOE-CAMEL-DB2-CONNECTOR-CONFIG] caseDb2DataSource bean registered successfully
2026-07-29 12:03:26.515 | INFO | [BAMOE-CAMEL-DB2-CONNECTOR] CamelDb2Connector initialized | DataSource=caseDb2DataSource
2026-07-29 12:03:26.528 | INFO | [BAMOE-CAMEL-QUERY-REGISTRY] Query loaded | QueryId=caseTeam
2026-07-29 12:03:26.529 | INFO | [BAMOE-CAMEL-QUERY-REGISTRY] Query loaded | QueryId=caseLookup
2026-07-29 12:03:26.532 | INFO | [BAMOE-CAMEL-QUERY-REGISTRY] Query registry initialized | Source=query-registry.properties | AvailableQueryIds=[caseTeam, caseLookup]
2026-07-29 12:03:28.388 | INFO | [BAMOE-CONNECTION-TESTER] ========================================
2026-07-29 12:03:28.390 | INFO | [BAMOE-CONNECTION-TESTER] Running startup connection tests...
2026-07-29 12:03:28.394 | INFO | [BAMOE-CONNECTION-TESTER] ========================================
2026-07-29 12:03:28.397 | INFO | [BAMOE-CONNECTION-TESTER] [DB2] Testing DB2 connection...
2026-07-29 12:03:29.263 | INFO | [BAMOE-CONNECTION-TESTER] [DB2] Connection opened successfully
2026-07-29 12:03:29.364 | INFO | [BAMOE-CONNECTION-TESTER] [DB2] - DB2 CONNECTION SUCCESS | Ping query returned: 1 | DB2 is reachable and responding
2026-07-29 12:03:29.449 | INFO | [BAMOE-CONNECTION-TESTER] [KAFKA] Testing Kafka connection... | Broker=localhost:9092
2026-07-29 12:03:34.692 | ERROR | [BAMOE-CONNECTION-TESTER] [KAFKA] - KAFKA BROKER CONNECTION FAILED | Broker=localhost:9092 | Reason=org.apache.kafka.common.errors.TimeoutException: Timed out waiting for a node assignment. Call: listTopics | Check: broker IP and port in application.properties
2026-07-29 12:03:34.695 | INFO | [BAMOE-CONNECTION-TESTER] ========================================
2026-07-29 12:03:34.697 | INFO | [BAMOE-CONNECTION-TESTER] Connection tests completed.
2026-07-29 12:03:34.699 | INFO | [BAMOE-CONNECTION-TESTER] ========================================
2026-07-29 12:03:34.703 | INFO | [APP READY] Application started - BAMOE Camel route active
2026-07-29 12:03:34.706 | INFO | [APP READY] Listening for BAMOE requests on: POST http://vmdevtestrhelaro01.dcss.gov:8080/bamoe/execute-query
2026-07-29 12:04:38.755 | INFO | [APP STARTUP] Bouncy Castle provider inserted
2026-07-29 12:04:43.322 | INFO | [BAMOE-CAMEL-DB2-CONNECTOR-CONFIG] Registering caseDb2DataSource bean | Server=vmdevtestdboltp02 | Port=60026 | Database=CSE1DV01 | SSL=false
2026-07-29 12:04:43.510 | INFO | [BAMOE-CAMEL-DB2-CONNECTOR-CONFIG] caseDb2DataSource bean registered successfully
2026-07-29 12:04:43.578 | INFO | [BAMOE-CAMEL-DB2-CONNECTOR] CamelDb2Connector initialized | DataSource=caseDb2DataSource
2026-07-29 12:04:43.589 | INFO | [BAMOE-CAMEL-QUERY-REGISTRY] Query loaded | QueryId=caseTeam
2026-07-29 12:04:43.591 | INFO | [BAMOE-CAMEL-QUERY-REGISTRY] Query loaded | QueryId=caseLookup
2026-07-29 12:04:43.593 | INFO | [BAMOE-CAMEL-QUERY-REGISTRY] Query registry initialized | Source=query-registry.properties | AvailableQueryIds=[caseTeam, caseLookup]
2026-07-29 12:04:45.191 | INFO | [BAMOE-CONNECTION-TESTER] ========================================
2026-07-29 12:04:45.193 | INFO | [BAMOE-CONNECTION-TESTER] Running startup connection tests...
2026-07-29 12:04:45.196 | INFO | [BAMOE-CONNECTION-TESTER] ========================================
2026-07-29 12:04:45.199 | INFO | [BAMOE-CONNECTION-TESTER] [DB2] Testing DB2 connection...
2026-07-29 12:04:45.976 | INFO | [BAMOE-CONNECTION-TESTER] [DB2] Connection opened successfully
2026-07-29 12:04:46.075 | INFO | [BAMOE-CONNECTION-TESTER] [DB2] - DB2 CONNECTION SUCCESS | Ping query returned: 1 | DB2 is reachable and responding
2026-07-29 12:04:46.158 | INFO | [BAMOE-CONNECTION-TESTER] [KAFKA] Testing Kafka connection... | Broker=host.containers.internal:9092
2026-07-29 12:04:46.238 | ERROR | [BAMOE-CONNECTION-TESTER] [KAFKA] - KAFKA BROKER CONNECTION FAILED | Broker=host.containers.internal:9092 | Reason=Failed to create new KafkaAdminClient | Check: broker IP and port in application.properties
2026-07-29 12:04:46.242 | INFO | [BAMOE-CONNECTION-TESTER] ========================================
2026-07-29 12:04:46.244 | INFO | [BAMOE-CONNECTION-TESTER] Connection tests completed.
2026-07-29 12:04:46.246 | INFO | [BAMOE-CONNECTION-TESTER] ========================================
2026-07-29 12:04:46.248 | INFO | [APP READY] Application started - BAMOE Camel route active
2026-07-29 12:04:46.250 | INFO | [APP READY] Listening for BAMOE requests on: POST http://vmdevtestrhelaro01.dcss.gov:8080/bamoe/execute-query
2026-07-29 12:31:48.511 | INFO | [BAMOE-CAMEL-DB2] STEP 1 - HTTP POST Request Received from BAMOE | Body={"queryId":"caseLookup","params":{"caseId":"200000000483855"}}
2026-07-29 12:31:48.515 | INFO | [BAMOE-CAMEL-DB2] STEP 1 - Parsed successfully | queryId=caseLookup | caseId=200000000483855
2026-07-29 12:31:49.360 | ERROR | [BAMOE-CAMEL-DB2] Failed to publish to Kafka | Topic=bamoe-event-publish | Reason=Failed to create Producer for endpoint: kafka://bamoe-event-publish?brokers=host.containers.internal%3A9092&deliveryTimeoutMs=5000&requestTimeoutMs=3000&retries=3. Reason: org.apache.kafka.common.KafkaException: Failed to construct kafka producer
2026-07-29 12:31:49.363 | INFO | [BAMOE-CAMEL-DB2] STEP 2 - Kafka REQUEST event published | Topic=bamoe-event-publish | queryId=caseLookup | caseId=200000000483855
2026-07-29 12:31:49.369 | INFO | [BAMOE-CAMEL-DB2] STEP 3 - Calling CamelDb2Connector | queryId=caseLookup | caseId=200000000483855
2026-07-29 12:31:49.373 | INFO | [BAMOE-CAMEL-DB2-CONNECTOR] Opening DB2 connection | caseId=200000000483855 | Query=SELECT cs.CASE_EXTID, pnm.FIRST_NM, pnm.LAST_NM, csp.ROLE_CD FROM CASE cs JOIN CASE_PARTICIPANT csp ON cs.CASE_ID = csp.CASE_ID JOIN PARTICIPANT_NAME pnm ON csp.PRTCP_ID = pnm.PRTCP_ID WHERE csp.ROLE_CD IN ('CUS', 'NCP') AND csp.STAT_CD = 'ACT' AND cs.CASE_EXTID = ? FETCH FIRST 100 ROWS ONLY
2026-07-29 12:31:49.842 | INFO | [BAMOE-CAMEL-DB2-CONNECTOR] DB2 connection acquired | caseId=200000000483855 | AutoCommit=true
2026-07-29 12:31:49.845 | INFO | [BAMOE-CAMEL-DB2-CONNECTOR] Executing DB2 query | caseId=200000000483855 | SQL=SELECT cs.CASE_EXTID, pnm.FIRST_NM, pnm.LAST_NM, csp.ROLE_CD FROM CASE cs JOIN CASE_PARTICIPANT csp ON cs.CASE_ID = csp.CASE_ID JOIN PARTICIPANT_NAME pnm ON csp.PRTCP_ID = pnm.PRTCP_ID WHERE csp.ROLE_CD IN ('CUS', 'NCP') AND csp.STAT_CD = 'ACT' AND cs.CASE_EXTID = ? FETCH FIRST 100 ROWS ONLY
2026-07-29 12:31:50.077 | INFO | [BAMOE-CAMEL-DB2-CONNECTOR] Row mapped | caseId=200000000483855 | Row={CASE_EXTID=200000000483855, FIRST_NM=STOKELY, LAST_NM=ADDINGTON, ROLE_CD=NCP}
2026-07-29 12:31:50.079 | INFO | [BAMOE-CAMEL-DB2-CONNECTOR] Row mapped | caseId=200000000483855 | Row={CASE_EXTID=200000000483855, FIRST_NM=WEITZ, LAST_NM=ADDINGTON, ROLE_CD=NCP}
2026-07-29 12:31:50.081 | INFO | [BAMOE-CAMEL-DB2-CONNECTOR] Row mapped | caseId=200000000483855 | Row={CASE_EXTID=200000000483855, FIRST_NM=TERISA, LAST_NM=ADDINGTON, ROLE_CD=CUS}
2026-07-29 12:31:50.082 | INFO | [BAMOE-CAMEL-DB2-CONNECTOR] Row mapped | caseId=200000000483855 | Row={CASE_EXTID=200000000483855, FIRST_NM=TERISA, LAST_NM=DAVIS, ROLE_CD=CUS}
2026-07-29 12:31:50.083 | INFO | [BAMOE-CAMEL-DB2-CONNECTOR] Row mapped | caseId=200000000483855 | Row={CASE_EXTID=200000000483855, FIRST_NM=TERISA, LAST_NM=RABER, ROLE_CD=CUS}
2026-07-29 12:31:50.173 | INFO | [BAMOE-CAMEL-DB2-CONNECTOR] DB2 query successful | caseId=200000000483855 | RowsReturned=5 | DurationMs=795 | Columns=[CASE_EXTID, FIRST_NM, LAST_NM, ROLE_CD]
2026-07-29 12:31:50.176 | INFO | [BAMOE-CAMEL-DB2-CONNECTOR] DB2 connection closed | caseId=200000000483855
2026-07-29 12:31:50.183 | INFO | [BAMOE-CAMEL-DB2] STEP 3 - DB2 data received | queryId=caseLookup | caseId=200000000483855 | RowsReturned=5
2026-07-29 12:31:50.189 | INFO | [BAMOE-CAMEL-DB2] STEP 4 - JSON Response built and sent to BAMOE | queryId=caseLookup | caseId=200000000483855 | TotalRecords=5
2026-07-29 12:31:50.198 | ERROR | [BAMOE-CAMEL-DB2] Failed to publish to Kafka | Topic=bamoe-event-publish | Reason=Failed to create Producer for endpoint: kafka://bamoe-event-publish?brokers=host.containers.internal%3A9092&deliveryTimeoutMs=5000&requestTimeoutMs=3000&retries=3. Reason: org.apache.kafka.common.KafkaException: Failed to construct kafka producer
2026-07-29 12:31:50.205 | INFO | [BAMOE-CAMEL-DB2] STEP 5 - Published SUCCESS event to Kafka | Topic=bamoe-event-publish | queryId=caseLookup | caseId=200000000483855 | DurationMs=1680
2026-07-29 12:31:50.207 | INFO | [BAMOE-CAMEL-DB2] ROUTE COMPLETE | queryId=caseLookup | caseId=200000000483855 | DurationMs=1680
2026-08-04 11:50:27.727 | INFO | [APP STARTUP] Bouncy Castle provider inserted
2026-08-04 11:50:32.147 | INFO | [BAMOE-CAMEL-DB2-CONNECTOR-CONFIG] Registering caseDb2DataSource bean | Server=vmdevtestdboltp02 | Port=60026 | Database=CSE1DV01 | SSL=true
2026-08-04 11:50:32.300 | INFO | [BAMOE-CAMEL-DB2-CONNECTOR-CONFIG] caseDb2DataSource bean registered successfully
2026-08-04 11:50:32.366 | INFO | [BAMOE-CAMEL-DB2-CONNECTOR] CamelDb2Connector initialized | DataSource=caseDb2DataSource
2026-08-04 11:50:32.380 | INFO | [BAMOE-CAMEL-QUERY-REGISTRY] Query loaded | QueryId=caseTeam
2026-08-04 11:50:32.382 | INFO | [BAMOE-CAMEL-QUERY-REGISTRY] Query loaded | QueryId=caseLookup
2026-08-04 11:50:32.384 | INFO | [BAMOE-CAMEL-QUERY-REGISTRY] Query registry initialized | Source=query-registry.properties | AvailableQueryIds=[caseTeam, caseLookup]
2026-08-04 11:50:34.132 | INFO | [BAMOE-CONNECTION-TESTER] ========================================
2026-08-04 11:50:34.134 | INFO | [BAMOE-CONNECTION-TESTER] Running startup connection tests...
2026-08-04 11:50:34.137 | INFO | [BAMOE-CONNECTION-TESTER] ========================================
2026-08-04 11:50:34.138 | INFO | [BAMOE-CONNECTION-TESTER] [DB2] Testing DB2 connection...
2026-08-04 11:50:34.672 | ERROR | [BAMOE-CONNECTION-TESTER] [DB2] - DB2 CONNECTION FAILED | Reason=Unsupported protocolSSL_TLSv2 | Check: server, port, username, password in application.properties
2026-08-04 11:50:34.676 | INFO | [BAMOE-CONNECTION-TESTER] [KAFKA] Testing Kafka connection... | Broker=host.containers.internal:9092
2026-08-04 11:50:34.770 | ERROR | [BAMOE-CONNECTION-TESTER] [KAFKA] - KAFKA BROKER CONNECTION FAILED | Broker=host.containers.internal:9092 | Reason=Failed to create new KafkaAdminClient | Check: broker IP and port in application.properties
2026-08-04 11:50:34.772 | INFO | [BAMOE-CONNECTION-TESTER] ========================================
2026-08-04 11:50:34.774 | INFO | [BAMOE-CONNECTION-TESTER] Connection tests completed.
2026-08-04 11:50:34.776 | INFO | [BAMOE-CONNECTION-TESTER] ========================================
2026-08-04 11:50:34.782 | INFO | [APP READY] Application started - BAMOE Camel route active
2026-08-04 11:50:34.784 | INFO | [APP READY] Listening for BAMOE requests on: POST http://vmdevtestrhelaro01.dcss.gov:8080/bamoe/execute-query
2026-08-04 11:53:31.881 | INFO | [BAMOE-CAMEL-DB2] STEP 1 - HTTP POST Request Received from BAMOE | Body={"queryId":"caseLookup","params":{"caseId":"200000000484072"}}
2026-08-04 11:53:31.883 | INFO | [BAMOE-CAMEL-DB2] STEP 1 - Parsed successfully | queryId=caseLookup | caseId=200000000484072
2026-08-04 11:53:32.588 | ERROR | [BAMOE-CAMEL-DB2] Failed to publish to Kafka | Topic=bamoe-event-publish | Reason=Failed to create Producer for endpoint: kafka://bamoe-event-publish?brokers=host.containers.internal%3A9092&deliveryTimeoutMs=5000&requestTimeoutMs=3000&retries=3. Reason: org.apache.kafka.common.KafkaException: Failed to construct kafka producer
2026-08-04 11:53:32.590 | INFO | [BAMOE-CAMEL-DB2] STEP 2 - Kafka REQUEST event published | Topic=bamoe-event-publish | queryId=caseLookup | caseId=200000000484072
2026-08-04 11:53:32.592 | INFO | [BAMOE-CAMEL-DB2] STEP 3 - Calling CamelDb2Connector | queryId=caseLookup | caseId=200000000484072
2026-08-04 11:53:32.595 | INFO | [BAMOE-CAMEL-DB2-CONNECTOR] Opening DB2 connection | caseId=200000000484072 | Query=SELECT cs.CASE_EXTID, pnm.FIRST_NM, pnm.LAST_NM, csp.ROLE_CD FROM CASE cs JOIN CASE_PARTICIPANT csp ON cs.CASE_ID = csp.CASE_ID JOIN PARTICIPANT_NAME pnm ON csp.PRTCP_ID = pnm.PRTCP_ID WHERE csp.ROLE_CD IN ('CUS', 'NCP') AND csp.STAT_CD = 'ACT' AND cs.CASE_EXTID = ? FETCH FIRST 100 ROWS ONLY
2026-08-04 11:53:32.599 | ERROR | [BAMOE-CAMEL-DB2] ROUTE FAILED | queryId=caseLookup | caseId=200000000484072 | Reason=Unsupported protocolSSL_TLSv2 | DurationMs=716
2026-08-04 11:53:32.607 | ERROR | [BAMOE-CAMEL-DB2] Failed to publish to Kafka | Topic=orch-engine-error-log | Reason=Failed to create Producer for endpoint: kafka://orch-engine-error-log?brokers=host.containers.internal%3A9092&deliveryTimeoutMs=5000&requestTimeoutMs=3000&retries=3. Reason: org.apache.kafka.common.KafkaException: Failed to construct kafka producer
2026-08-04 12:00:18.332 | INFO | [APP STARTUP] Bouncy Castle provider inserted
2026-08-04 12:00:22.517 | INFO | [BAMOE-CAMEL-DB2-CONNECTOR-CONFIG] Registering caseDb2DataSource bean | Server=vmdevtestdboltp02 | Port=60026 | Database=CSE1DV01 | SSL=true
2026-08-04 12:00:22.663 | INFO | [BAMOE-CAMEL-DB2-CONNECTOR-CONFIG] caseDb2DataSource bean registered successfully
2026-08-04 12:00:22.709 | INFO | [BAMOE-CAMEL-DB2-CONNECTOR] CamelDb2Connector initialized | DataSource=caseDb2DataSource
2026-08-04 12:00:22.717 | INFO | [BAMOE-CAMEL-QUERY-REGISTRY] Query loaded | QueryId=caseTeam
2026-08-04 12:00:22.719 | INFO | [BAMOE-CAMEL-QUERY-REGISTRY] Query loaded | QueryId=caseLookup
2026-08-04 12:00:22.720 | INFO | [BAMOE-CAMEL-QUERY-REGISTRY] Query registry initialized | Source=query-registry.properties | AvailableQueryIds=[caseTeam, caseLookup]
2026-08-04 12:00:24.023 | INFO | [BAMOE-CONNECTION-TESTER] ========================================
2026-08-04 12:00:24.025 | INFO | [BAMOE-CONNECTION-TESTER] Running startup connection tests...
2026-08-04 12:00:24.027 | INFO | [BAMOE-CONNECTION-TESTER] ========================================
2026-08-04 12:00:24.029 | INFO | [BAMOE-CONNECTION-TESTER] [DB2] Testing DB2 connection...
2026-08-04 12:00:33.927 | ERROR | [BAMOE-CONNECTION-TESTER] [DB2] - DB2 CONNECTION FAILED | Reason=[jcc][t4][2030][11211][4.33.31] A communication error occurred during operations on the connection's underlying socket, socket input stream,  | Check: server, port, username, password in application.properties
2026-08-04 12:00:33.929 | INFO | [BAMOE-CONNECTION-TESTER] [KAFKA] Testing Kafka connection... | Broker=host.containers.internal:9092
2026-08-04 12:00:34.038 | ERROR | [BAMOE-CONNECTION-TESTER] [KAFKA] - KAFKA BROKER CONNECTION FAILED | Broker=host.containers.internal:9092 | Reason=Failed to create new KafkaAdminClient | Check: broker IP and port in application.properties
2026-08-04 12:00:34.041 | INFO | [BAMOE-CONNECTION-TESTER] ========================================
2026-08-04 12:00:34.045 | INFO | [BAMOE-CONNECTION-TESTER] Connection tests completed.
2026-08-04 12:00:34.047 | INFO | [BAMOE-CONNECTION-TESTER] ========================================
2026-08-04 12:00:34.049 | INFO | [APP READY] Application started - BAMOE Camel route active
2026-08-04 12:00:34.051 | INFO | [APP READY] Listening for BAMOE requests on: POST http://vmdevtestrhelaro01.dcss.gov:8080/bamoe/execute-query
2026-08-04 12:14:47.661 | INFO | [APP STARTUP] Bouncy Castle provider inserted
2026-08-04 12:14:51.573 | INFO | [BAMOE-CAMEL-DB2-CONNECTOR-CONFIG] Registering caseDb2DataSource bean | Server=vmdevtestdboltp02 | Port=60026 | Database=CSE1DV01 | SSL=true
2026-08-04 12:14:51.743 | INFO | [BAMOE-CAMEL-DB2-CONNECTOR-CONFIG] caseDb2DataSource bean registered successfully
2026-08-04 12:14:51.800 | INFO | [BAMOE-CAMEL-DB2-CONNECTOR] CamelDb2Connector initialized | DataSource=caseDb2DataSource
2026-08-04 12:14:51.809 | INFO | [BAMOE-CAMEL-QUERY-REGISTRY] Query loaded | QueryId=caseTeam
2026-08-04 12:14:51.811 | INFO | [BAMOE-CAMEL-QUERY-REGISTRY] Query loaded | QueryId=caseLookup
2026-08-04 12:14:51.813 | INFO | [BAMOE-CAMEL-QUERY-REGISTRY] Query registry initialized | Source=query-registry.properties | AvailableQueryIds=[caseTeam, caseLookup]
2026-08-04 12:14:53.250 | INFO | [BAMOE-CONNECTION-TESTER] ========================================
2026-08-04 12:14:53.252 | INFO | [BAMOE-CONNECTION-TESTER] Running startup connection tests...
2026-08-04 12:14:53.253 | INFO | [BAMOE-CONNECTION-TESTER] ========================================
2026-08-04 12:14:53.255 | INFO | [BAMOE-CONNECTION-TESTER] [DB2] Testing DB2 connection...
2026-08-04 12:15:02.107 | ERROR | [BAMOE-CONNECTION-TESTER] [DB2] - DB2 CONNECTION FAILED | Reason=[jcc][t4][2030][11211][4.33.31] A communication error occurred during operations on the connection's underlying socket, socket input stream,  | Check: server, port, username, password in application.properties
2026-08-04 12:15:02.109 | INFO | [BAMOE-CONNECTION-TESTER] [KAFKA] Testing Kafka connection... | Broker=host.containers.internal:9092
2026-08-04 12:15:02.200 | ERROR | [BAMOE-CONNECTION-TESTER] [KAFKA] - KAFKA BROKER CONNECTION FAILED | Broker=host.containers.internal:9092 | Reason=Failed to create new KafkaAdminClient | Check: broker IP and port in application.properties
2026-08-04 12:15:02.204 | INFO | [BAMOE-CONNECTION-TESTER] ========================================
2026-08-04 12:15:02.206 | INFO | [BAMOE-CONNECTION-TESTER] Connection tests completed.
2026-08-04 12:15:02.208 | INFO | [BAMOE-CONNECTION-TESTER] ========================================
2026-08-04 12:15:02.211 | INFO | [APP READY] Application started - BAMOE Camel route active
2026-08-04 12:15:02.214 | INFO | [APP READY] Listening for BAMOE requests on: POST http://vmdevtestrhelaro01.dcss.gov:8080/bamoe/execute-query
2026-08-04 13:10:34.644 | INFO | [APP STARTUP] Bouncy Castle provider inserted
2026-08-04 13:10:38.113 | INFO | [BAMOE-CAMEL-DB2-CONNECTOR-CONFIG] Registering caseDb2DataSource bean | Server=vmdevtestdboltp02 | Port=60026 | Database=CSE1DV01 | SSL=true
2026-08-04 13:10:38.289 | INFO | [BAMOE-CAMEL-DB2-CONNECTOR-CONFIG] caseDb2DataSource bean registered successfully
2026-08-04 13:10:38.331 | INFO | [BAMOE-CAMEL-DB2-CONNECTOR] CamelDb2Connector initialized | DataSource=caseDb2DataSource
2026-08-04 13:10:38.339 | INFO | [BAMOE-CAMEL-QUERY-REGISTRY] Query loaded | QueryId=caseTeam
2026-08-04 13:10:38.341 | INFO | [BAMOE-CAMEL-QUERY-REGISTRY] Query loaded | QueryId=caseLookup
2026-08-04 13:10:38.343 | INFO | [BAMOE-CAMEL-QUERY-REGISTRY] Query registry initialized | Source=query-registry.properties | AvailableQueryIds=[caseTeam, caseLookup]
2026-08-04 13:10:39.611 | INFO | [BAMOE-CONNECTION-TESTER] ========================================
2026-08-04 13:10:39.614 | INFO | [BAMOE-CONNECTION-TESTER] Running startup connection tests...
2026-08-04 13:10:39.614 | INFO | [BAMOE-CONNECTION-TESTER] ========================================
2026-08-04 13:10:39.616 | INFO | [BAMOE-CONNECTION-TESTER] [DB2] Testing DB2 connection...
2026-08-04 13:10:48.935 | ERROR | [BAMOE-CONNECTION-TESTER] [DB2] - DB2 CONNECTION FAILED | Reason=[jcc][t4][2030][11211][4.33.31] A communication error occurred during operations on the connection's underlying socket, socket input stream,  | Check: server, port, username, password in application.properties
2026-08-04 13:10:48.938 | INFO | [BAMOE-CONNECTION-TESTER] [KAFKA] Testing Kafka connection... | Broker=host.containers.internal:9092
2026-08-04 13:10:49.023 | ERROR | [BAMOE-CONNECTION-TESTER] [KAFKA] - KAFKA BROKER CONNECTION FAILED | Broker=host.containers.internal:9092 | Reason=Failed to create new KafkaAdminClient | Check: broker IP and port in application.properties
2026-08-04 13:10:49.025 | INFO | [BAMOE-CONNECTION-TESTER] ========================================
2026-08-04 13:10:49.027 | INFO | [BAMOE-CONNECTION-TESTER] Connection tests completed.
2026-08-04 13:10:49.028 | INFO | [BAMOE-CONNECTION-TESTER] ========================================
2026-08-04 13:10:49.030 | INFO | [APP READY] Application started - BAMOE Camel route active
2026-08-04 13:10:49.031 | INFO | [APP READY] Listening for BAMOE requests on: POST http://vmdevtestrhelaro01.dcss.gov:8080/bamoe/execute-query
2026-08-04 13:31:44.268 | INFO | [APP STARTUP] Bouncy Castle provider inserted
2026-08-04 13:31:48.648 | INFO | [BAMOE-CAMEL-DB2-CONNECTOR-CONFIG] Registering caseDb2DataSource bean | Server=vmdevtestdboltp02 | Port=60026 | Database=CSE1DV01 | SSL=true | TrustStore=C:/Users/ARagunathan/dcss-truststore.jks
2026-08-04 13:31:48.836 | INFO | [BAMOE-CAMEL-DB2-CONNECTOR-CONFIG] caseDb2DataSource bean registered successfully
2026-08-04 13:31:48.907 | INFO | [BAMOE-CAMEL-DB2-CONNECTOR] CamelDb2Connector initialized | DataSource=caseDb2DataSource
2026-08-04 13:31:48.917 | INFO | [BAMOE-CAMEL-QUERY-REGISTRY] Query loaded | QueryId=caseTeam
2026-08-04 13:31:48.919 | INFO | [BAMOE-CAMEL-QUERY-REGISTRY] Query loaded | QueryId=caseLookup
2026-08-04 13:31:48.925 | INFO | [BAMOE-CAMEL-QUERY-REGISTRY] Query registry initialized | Source=query-registry.properties | AvailableQueryIds=[caseTeam, caseLookup]
2026-08-04 13:31:50.270 | INFO | [BAMOE-CONNECTION-TESTER] ========================================
2026-08-04 13:31:50.271 | INFO | [BAMOE-CONNECTION-TESTER] Running startup connection tests...
2026-08-04 13:31:50.273 | INFO | [BAMOE-CONNECTION-TESTER] ========================================
2026-08-04 13:31:50.274 | INFO | [BAMOE-CONNECTION-TESTER] [DB2] Testing DB2 connection...
2026-08-04 13:31:52.146 | INFO | [BAMOE-CONNECTION-TESTER] [DB2] Connection opened successfully
2026-08-04 13:31:52.253 | INFO | [BAMOE-CONNECTION-TESTER] [DB2] - DB2 CONNECTION SUCCESS | Ping query returned: 1 | DB2 is reachable and responding
2026-08-04 13:31:52.350 | INFO | [BAMOE-CONNECTION-TESTER] [KAFKA] Testing Kafka connection... | Broker=host.containers.internal:9092
2026-08-04 13:31:52.460 | ERROR | [BAMOE-CONNECTION-TESTER] [KAFKA] - KAFKA BROKER CONNECTION FAILED | Broker=host.containers.internal:9092 | Reason=Failed to create new KafkaAdminClient | Check: broker IP and port in application.properties
2026-08-04 13:31:52.462 | INFO | [BAMOE-CONNECTION-TESTER] ========================================
2026-08-04 13:31:52.464 | INFO | [BAMOE-CONNECTION-TESTER] Connection tests completed.
2026-08-04 13:31:52.464 | INFO | [BAMOE-CONNECTION-TESTER] ========================================
2026-08-04 13:31:52.467 | INFO | [APP READY] Application started - BAMOE Camel route active
2026-08-04 13:31:52.467 | INFO | [APP READY] Listening for BAMOE requests on: POST http://vmdevtestrhelaro01.dcss.gov:8080/bamoe/execute-query
2026-08-04 13:32:55.689 | INFO | [BAMOE-CAMEL-DB2] STEP 1 - HTTP POST Request Received from BAMOE | Body={"queryId":"caseLookup","params":{"caseId":"200000000484072"}}
2026-08-04 13:32:55.690 | INFO | [BAMOE-CAMEL-DB2] STEP 1 - Parsed successfully | queryId=caseLookup | caseId=200000000484072
2026-08-04 13:32:56.529 | ERROR | [BAMOE-CAMEL-DB2] Failed to publish to Kafka | Topic=bamoe-event-publish | Reason=Failed to create Producer for endpoint: kafka://bamoe-event-publish?brokers=host.containers.internal%3A9092&deliveryTimeoutMs=5000&requestTimeoutMs=3000&retries=3. Reason: org.apache.kafka.common.KafkaException: Failed to construct kafka producer
2026-08-04 13:32:56.532 | INFO | [BAMOE-CAMEL-DB2] STEP 2 - Kafka REQUEST event published | Topic=bamoe-event-publish | queryId=caseLookup | caseId=200000000484072
2026-08-04 13:32:56.534 | INFO | [BAMOE-CAMEL-DB2] STEP 3 - Calling CamelDb2Connector | queryId=caseLookup | caseId=200000000484072
2026-08-04 13:32:56.535 | INFO | [BAMOE-CAMEL-DB2-CONNECTOR] Opening DB2 connection | caseId=200000000484072 | Query=SELECT cs.CASE_EXTID, pnm.FIRST_NM, pnm.LAST_NM, csp.ROLE_CD FROM CASE cs JOIN CASE_PARTICIPANT csp ON cs.CASE_ID = csp.CASE_ID JOIN PARTICIPANT_NAME pnm ON csp.PRTCP_ID = pnm.PRTCP_ID WHERE csp.ROLE_CD IN ('CUS', 'NCP') AND csp.STAT_CD = 'ACT' AND cs.CASE_EXTID = ? FETCH FIRST 100 ROWS ONLY
2026-08-04 13:32:57.283 | INFO | [BAMOE-CAMEL-DB2-CONNECTOR] DB2 connection acquired | caseId=200000000484072 | AutoCommit=true
2026-08-04 13:32:57.285 | INFO | [BAMOE-CAMEL-DB2-CONNECTOR] Executing DB2 query | caseId=200000000484072 | SQL=SELECT cs.CASE_EXTID, pnm.FIRST_NM, pnm.LAST_NM, csp.ROLE_CD FROM CASE cs JOIN CASE_PARTICIPANT csp ON cs.CASE_ID = csp.CASE_ID JOIN PARTICIPANT_NAME pnm ON csp.PRTCP_ID = pnm.PRTCP_ID WHERE csp.ROLE_CD IN ('CUS', 'NCP') AND csp.STAT_CD = 'ACT' AND cs.CASE_EXTID = ? FETCH FIRST 100 ROWS ONLY
2026-08-04 13:32:57.445 | INFO | [BAMOE-CAMEL-DB2-CONNECTOR] Row mapped | caseId=200000000484072 | Row={CASE_EXTID=200000000484072, FIRST_NM=HELENE, LAST_NM=GLENN, ROLE_CD=CUS}
2026-08-04 13:32:57.447 | INFO | [BAMOE-CAMEL-DB2-CONNECTOR] Row mapped | caseId=200000000484072 | Row={CASE_EXTID=200000000484072, FIRST_NM=HAYDEN, LAST_NM=SHERRELL, ROLE_CD=NCP}
2026-08-04 13:32:57.542 | INFO | [BAMOE-CAMEL-DB2-CONNECTOR] DB2 query successful | caseId=200000000484072 | RowsReturned=2 | DurationMs=1003 | Columns=[CASE_EXTID, FIRST_NM, LAST_NM, ROLE_CD]
2026-08-04 13:32:57.544 | INFO | [BAMOE-CAMEL-DB2-CONNECTOR] DB2 connection closed | caseId=200000000484072
2026-08-04 13:32:57.549 | INFO | [BAMOE-CAMEL-DB2] STEP 3 - DB2 data received | queryId=caseLookup | caseId=200000000484072 | RowsReturned=2
2026-08-04 13:32:57.553 | INFO | [BAMOE-CAMEL-DB2] STEP 4 - JSON Response built and sent to BAMOE | queryId=caseLookup | caseId=200000000484072 | TotalRecords=2
2026-08-04 13:32:57.559 | ERROR | [BAMOE-CAMEL-DB2] Failed to publish to Kafka | Topic=bamoe-event-publish | Reason=Failed to create Producer for endpoint: kafka://bamoe-event-publish?brokers=host.containers.internal%3A9092&deliveryTimeoutMs=5000&requestTimeoutMs=3000&retries=3. Reason: org.apache.kafka.common.KafkaException: Failed to construct kafka producer
2026-08-04 13:32:57.565 | INFO | [BAMOE-CAMEL-DB2] STEP 5 - Published SUCCESS event to Kafka | Topic=bamoe-event-publish | queryId=caseLookup | caseId=200000000484072 | DurationMs=1864
2026-08-04 13:32:57.567 | INFO | [BAMOE-CAMEL-DB2] ROUTE COMPLETE | queryId=caseLookup | caseId=200000000484072 | DurationMs=1864
2026-08-05 13:31:59.122 | INFO | [APP STARTUP] Bouncy Castle provider inserted
2026-08-05 13:54:20.285 | INFO | [APP STARTUP] Bouncy Castle provider inserted
2026-08-05 13:56:09.580 | INFO | [APP STARTUP] Bouncy Castle provider inserted
2026-08-05 13:56:13.255 | INFO | [BAMOE-CAMEL-DB2-CONNECTOR-CONFIG] Registering caseDb2DataSource bean | Server=vmdevtestdboltp02 | Port=60026 | Database=CSE1DV01 | SSL=true | TrustStore=/app/dcss-truststore.jks
2026-08-05 13:56:13.401 | INFO | [BAMOE-CAMEL-DB2-CONNECTOR-CONFIG] caseDb2DataSource bean registered successfully
2026-08-05 13:56:13.453 | INFO | [BAMOE-CAMEL-DB2-CONNECTOR] CamelDb2Connector initialized | DataSource=caseDb2DataSource
2026-08-05 13:56:13.463 | INFO | [BAMOE-CAMEL-QUERY-REGISTRY] Query loaded | QueryId=insertTestLog
2026-08-05 13:56:13.465 | INFO | [BAMOE-CAMEL-QUERY-REGISTRY] Query loaded | QueryId=caseTeam
2026-08-05 13:56:13.465 | INFO | [BAMOE-CAMEL-QUERY-REGISTRY] Query loaded | QueryId=caseLookup
2026-08-05 13:56:13.468 | INFO | [BAMOE-CAMEL-QUERY-REGISTRY] Query registry initialized | Source=query-registry.properties | AvailableQueryIds=[insertTestLog, caseTeam, caseLookup]
2026-08-05 13:56:14.916 | INFO | [BAMOE-CONNECTION-TESTER] ========================================
2026-08-05 13:56:14.918 | INFO | [BAMOE-CONNECTION-TESTER] Running startup connection tests...
2026-08-05 13:56:14.921 | INFO | [BAMOE-CONNECTION-TESTER] ========================================
2026-08-05 13:56:14.923 | INFO | [BAMOE-CONNECTION-TESTER] [DB2] Testing DB2 connection...
2026-08-05 13:56:15.267 | ERROR | [BAMOE-CONNECTION-TESTER] [DB2] - DB2 CONNECTION FAILED | Reason=[jcc][t4][2043][11550][4.33.31] Exception java.io.FileNotFoundException: Error opening socket to server vmdevtestdboltp02/100.64.1.10 on port 60,026 with message: \app\dcss-truststore.jks (The system cannot find the path specified). ERRORCODE=-4499, SQLSTATE=08001 | Check: server, port, username, password in application.properties
2026-08-05 13:56:15.269 | INFO | [BAMOE-CONNECTION-TESTER] [KAFKA] Testing Kafka connection... | Broker=host.containers.internal:9092
2026-08-05 13:56:15.378 | ERROR | [BAMOE-CONNECTION-TESTER] [KAFKA] - KAFKA BROKER CONNECTION FAILED | Broker=host.containers.internal:9092 | Reason=Failed to create new KafkaAdminClient | Check: broker IP and port in application.properties
2026-08-05 13:56:15.381 | INFO | [BAMOE-CONNECTION-TESTER] ========================================
2026-08-05 13:56:15.383 | INFO | [BAMOE-CONNECTION-TESTER] Connection tests completed.
2026-08-05 13:56:15.385 | INFO | [BAMOE-CONNECTION-TESTER] ========================================
2026-08-05 13:56:15.387 | INFO | [APP READY] Application started - BAMOE Camel route active
2026-08-05 13:56:15.388 | INFO | [APP READY] Listening for BAMOE requests on: POST http://vmdevtestrhelaro01.dcss.gov:8080/bamoe/execute-query
2026-08-05 13:57:46.893 | INFO | [BAMOE-CAMEL-DB2-INSERT] STEP 1 - HTTP POST Request Received from BAMOE | Body={
  "queryId": "insertTestLog",
  "params": {
    "caseExtId": "200000000484072",
    "firstNm": "Test",
    "lastNm": "User",
    "roleCd": "CUS",
    "actionType": "TEST_SUBMIT",
    "createdBy": "araghuna",
    "statusCd": "ACTIVE",
    "remarks": "Postman test insert"
  }
}
2026-08-05 13:57:46.896 | INFO | [BAMOE-CAMEL-DB2-INSERT] STEP 1 - Parsed successfully | queryId=insertTestLog | caseExtId=200000000484072
2026-08-05 13:57:47.553 | ERROR | [BAMOE-CAMEL-DB2] Failed to publish to Kafka | Topic=bamoe-event-publish | Reason=Failed to create Producer for endpoint: kafka://bamoe-event-publish?brokers=host.containers.internal%3A9092&deliveryTimeoutMs=5000&requestTimeoutMs=3000&retries=3. Reason: org.apache.kafka.common.KafkaException: Failed to construct kafka producer
2026-08-05 13:57:47.555 | INFO | [BAMOE-CAMEL-DB2-INSERT] STEP 2 - Kafka REQUEST event published | Topic=bamoe-event-publish | queryId=insertTestLog | caseExtId=200000000484072
2026-08-05 13:57:47.558 | INFO | [BAMOE-CAMEL-DB2-INSERT] STEP 3 - Calling CamelDb2Connector | queryId=insertTestLog | caseExtId=200000000484072
2026-08-05 13:57:47.561 | INFO | [BAMOE-CAMEL-DB2-CONNECTOR] Opening DB2 connection for INSERT | Query=INSERT INTO CAMEL_TEST_LOG (CASE_EXTID, FIRST_NM, LAST_NM, ROLE_CD, ACTION_TYPE, CREATED_BY, STATUS_CD, REMARKS) VALUES (?, ?, ?, ?, ?, ?, ?, ?) | Params=[200000000484072, Test, User, CUS, TEST_SUBMIT, araghuna, ACTIVE, Postman test insert]
2026-08-05 13:57:47.566 | ERROR | [BAMOE-CAMEL-DB2-CONNECTOR] DB2 SQL EXCEPTION | caseId=INSERT | SQLState=08001 | ErrorCode=-4499 | DurationMs=4 | Message=[jcc][t4][2043][11550][4.33.31] Exception java.io.FileNotFoundException: Error opening socket to server vmdevtestdboltp02/100.64.1.10 on port 60,026 with message: \app\dcss-truststore.jks (The system cannot find the path specified). ERRORCODE=-4499, SQLSTATE=08001
2026-08-05 13:57:47.578 | ERROR | [BAMOE-CAMEL-DB2-INSERT] ROUTE FAILED | queryId=insertTestLog | Reason=DB2 INSERT failed | SQLState=08001 | ErrorCode=-4499 | Message=[jcc][t4][2043][11550][4.33.31] Exception java.io.FileNotFoundException: Error opening socket to server vmdevtestdboltp02/100.64.1.10 on port 60,026 with message: \app\dcss-truststore.jks (The system cannot find the path specified). ERRORCODE=-4499, SQLSTATE=08001 | DurationMs=683
2026-08-05 13:57:47.595 | ERROR | [BAMOE-CAMEL-DB2] Failed to publish to Kafka | Topic=orch-engine-error-log | Reason=Failed to create Producer for endpoint: kafka://orch-engine-error-log?brokers=host.containers.internal%3A9092&deliveryTimeoutMs=5000&requestTimeoutMs=3000&retries=3. Reason: org.apache.kafka.common.KafkaException: Failed to construct kafka producer
2026-08-05 14:00:55.173 | INFO | [APP STARTUP] Bouncy Castle provider inserted
2026-08-05 14:00:58.791 | INFO | [BAMOE-CAMEL-DB2-CONNECTOR-CONFIG] Registering caseDb2DataSource bean | Server=vmdevtestdboltp02 | Port=60026 | Database=CSE1DV01 | SSL=true | TrustStore=C:/Users/ARagunathan/dcss-truststore.jks
2026-08-05 14:00:58.948 | INFO | [BAMOE-CAMEL-DB2-CONNECTOR-CONFIG] caseDb2DataSource bean registered successfully
2026-08-05 14:00:58.996 | INFO | [BAMOE-CAMEL-DB2-CONNECTOR] CamelDb2Connector initialized | DataSource=caseDb2DataSource
2026-08-05 14:00:59.004 | INFO | [BAMOE-CAMEL-QUERY-REGISTRY] Query loaded | QueryId=insertTestLog
2026-08-05 14:00:59.006 | INFO | [BAMOE-CAMEL-QUERY-REGISTRY] Query loaded | QueryId=caseTeam
2026-08-05 14:00:59.007 | INFO | [BAMOE-CAMEL-QUERY-REGISTRY] Query loaded | QueryId=caseLookup
2026-08-05 14:00:59.009 | INFO | [BAMOE-CAMEL-QUERY-REGISTRY] Query registry initialized | Source=query-registry.properties | AvailableQueryIds=[insertTestLog, caseTeam, caseLookup]
2026-08-05 14:01:00.445 | INFO | [BAMOE-CONNECTION-TESTER] ========================================
2026-08-05 14:01:00.446 | INFO | [BAMOE-CONNECTION-TESTER] Running startup connection tests...
2026-08-05 14:01:00.448 | INFO | [BAMOE-CONNECTION-TESTER] ========================================
2026-08-05 14:01:00.450 | INFO | [BAMOE-CONNECTION-TESTER] [DB2] Testing DB2 connection...
2026-08-05 14:01:02.484 | INFO | [BAMOE-CONNECTION-TESTER] [DB2] Connection opened successfully
2026-08-05 14:01:02.589 | INFO | [BAMOE-CONNECTION-TESTER] [DB2] - DB2 CONNECTION SUCCESS | Ping query returned: 1 | DB2 is reachable and responding
2026-08-05 14:01:02.675 | INFO | [BAMOE-CONNECTION-TESTER] [KAFKA] Testing Kafka connection... | Broker=localhost:9092
2026-08-05 14:01:07.834 | ERROR | [BAMOE-CONNECTION-TESTER] [KAFKA] - KAFKA BROKER CONNECTION FAILED | Broker=localhost:9092 | Reason=org.apache.kafka.common.errors.TimeoutException: Timed out waiting for a node assignment. Call: listTopics | Check: broker IP and port in application.properties
2026-08-05 14:01:07.836 | INFO | [BAMOE-CONNECTION-TESTER] ========================================
2026-08-05 14:01:07.836 | INFO | [BAMOE-CONNECTION-TESTER] Connection tests completed.
2026-08-05 14:01:07.838 | INFO | [BAMOE-CONNECTION-TESTER] ========================================
2026-08-05 14:01:07.840 | INFO | [APP READY] Application started - BAMOE Camel route active
2026-08-05 14:01:07.841 | INFO | [APP READY] Listening for BAMOE requests on: POST http://vmdevtestrhelaro01.dcss.gov:8080/bamoe/execute-query
2026-08-05 14:01:26.943 | INFO | [BAMOE-CAMEL-DB2-INSERT] STEP 1 - HTTP POST Request Received from BAMOE | Body={
  "queryId": "insertTestLog",
  "params": {
    "caseExtId": "200000000484072",
    "firstNm": "Test",
    "lastNm": "User",
    "roleCd": "CUS",
    "actionType": "TEST_SUBMIT",
    "createdBy": "araghuna",
    "statusCd": "ACTIVE",
    "remarks": "Postman test insert"
  }
}
2026-08-05 14:01:26.947 | INFO | [BAMOE-CAMEL-DB2-INSERT] STEP 1 - Parsed successfully | queryId=insertTestLog | caseExtId=200000000484072
2026-08-05 14:02:27.610 | ERROR | [BAMOE-CAMEL-DB2] Failed to publish to Kafka | Topic=bamoe-event-publish | Reason=Exception occurred during execution on the exchange: Exchange[]
2026-08-05 14:02:27.612 | INFO | [BAMOE-CAMEL-DB2-INSERT] STEP 2 - Kafka REQUEST event published | Topic=bamoe-event-publish | queryId=insertTestLog | caseExtId=200000000484072
2026-08-05 14:02:27.614 | INFO | [BAMOE-CAMEL-DB2-INSERT] STEP 3 - Calling CamelDb2Connector | queryId=insertTestLog | caseExtId=200000000484072
2026-08-05 14:02:27.615 | INFO | [BAMOE-CAMEL-DB2-CONNECTOR] Opening DB2 connection for INSERT | Query=INSERT INTO CAMEL_TEST_LOG (CASE_EXTID, FIRST_NM, LAST_NM, ROLE_CD, ACTION_TYPE, CREATED_BY, STATUS_CD, REMARKS) VALUES (?, ?, ?, ?, ?, ?, ?, ?) | Params=[200000000484072, Test, User, CUS, TEST_SUBMIT, araghuna, ACTIVE, Postman test insert]
2026-08-05 14:02:28.361 | INFO | [BAMOE-CAMEL-DB2-CONNECTOR] DB2 connection acquired | AutoCommit=true
2026-08-05 14:02:28.456 | INFO | [BAMOE-CAMEL-DB2-CONNECTOR] Executing DB2 INSERT | SQL=INSERT INTO CAMEL_TEST_LOG (CASE_EXTID, FIRST_NM, LAST_NM, ROLE_CD, ACTION_TYPE, CREATED_BY, STATUS_CD, REMARKS) VALUES (?, ?, ?, ?, ?, ?, ?, ?)
2026-08-05 14:02:28.555 | INFO | [BAMOE-CAMEL-DB2-CONNECTOR] DB2 INSERT successful | RowsInserted=1 | GeneratedLogId=1 | DurationMs=936
2026-08-05 14:02:28.557 | INFO | [BAMOE-CAMEL-DB2-CONNECTOR] DB2 connection closed | caseId=INSERT
2026-08-05 14:02:28.563 | INFO | [BAMOE-CAMEL-DB2-INSERT] STEP 3 - DB2 INSERT complete | queryId=insertTestLog | caseExtId=200000000484072 | GeneratedLogId=1
2026-08-05 14:02:28.565 | INFO | [BAMOE-CAMEL-DB2-INSERT] STEP 4 - JSON Response built and sent to BAMOE | queryId=insertTestLog | caseExtId=200000000484072 | logId=1
2026-08-05 14:03:28.577 | ERROR | [BAMOE-CAMEL-DB2] Failed to publish to Kafka | Topic=bamoe-event-publish | Reason=Exception occurred during execution on the exchange: Exchange[]
2026-08-05 14:03:28.583 | INFO | [BAMOE-CAMEL-DB2-INSERT] STEP 5 - Published SUCCESS event to Kafka | Topic=bamoe-event-publish | queryId=insertTestLog | caseExtId=200000000484072 | DurationMs=61622
2026-08-05 14:03:28.585 | INFO | [BAMOE-CAMEL-DB2-INSERT] ROUTE COMPLETE | queryId=insertTestLog | caseExtId=200000000484072 | DurationMs=61622
2026-08-05 14:04:48.968 | INFO | [BAMOE-CAMEL-DB2] STEP 1 - HTTP POST Request Received from BAMOE | Body={
  "queryId": "caseTeam",
  "params": { "caseId": "200000000483811" }
}
2026-08-05 14:04:48.968 | INFO | [BAMOE-CAMEL-DB2] STEP 1 - Parsed successfully | queryId=caseTeam | caseId=200000000483811
2026-08-05 14:05:48.981 | ERROR | [BAMOE-CAMEL-DB2] Failed to publish to Kafka | Topic=bamoe-event-publish | Reason=Exception occurred during execution on the exchange: Exchange[]
2026-08-05 14:05:48.984 | INFO | [BAMOE-CAMEL-DB2] STEP 2 - Kafka REQUEST event published | Topic=bamoe-event-publish | queryId=caseTeam | caseId=200000000483811
2026-08-05 14:05:48.986 | INFO | [BAMOE-CAMEL-DB2] STEP 3 - Calling CamelDb2Connector | queryId=caseTeam | caseId=200000000483811
2026-08-05 14:05:48.987 | INFO | [BAMOE-CAMEL-DB2-CONNECTOR] Opening DB2 connection | caseId=200000000483811 | Query=SELECT cs.CASE_EXTID, cs.CRNT_ASGN_TEAM_ID FROM CASE cs WHERE cs.CASE_EXTID = ?
2026-08-05 14:05:49.664 | INFO | [BAMOE-CAMEL-DB2-CONNECTOR] DB2 connection acquired | caseId=200000000483811 | AutoCommit=true
2026-08-05 14:05:49.666 | INFO | [BAMOE-CAMEL-DB2-CONNECTOR] Executing DB2 query | caseId=200000000483811 | SQL=SELECT cs.CASE_EXTID, cs.CRNT_ASGN_TEAM_ID FROM CASE cs WHERE cs.CASE_EXTID = ?
2026-08-05 14:05:49.758 | INFO | [BAMOE-CAMEL-DB2-CONNECTOR] Row mapped | caseId=200000000483811 | Row={CASE_EXTID=200000000483811, CRNT_ASGN_TEAM_ID=2000002410}
2026-08-05 14:05:49.842 | INFO | [BAMOE-CAMEL-DB2-CONNECTOR] DB2 query successful | caseId=200000000483811 | RowsReturned=1 | DurationMs=853 | Columns=[CASE_EXTID, CRNT_ASGN_TEAM_ID]
2026-08-05 14:05:49.847 | INFO | [BAMOE-CAMEL-DB2-CONNECTOR] DB2 connection closed | caseId=200000000483811
2026-08-05 14:05:49.850 | INFO | [BAMOE-CAMEL-DB2] STEP 3 - DB2 data received | queryId=caseTeam | caseId=200000000483811 | RowsReturned=1
2026-08-05 14:05:49.851 | INFO | [BAMOE-CAMEL-DB2] STEP 4 - JSON Response built and sent to BAMOE | queryId=caseTeam | caseId=200000000483811 | TotalRecords=1
2026-08-05 14:06:49.856 | ERROR | [BAMOE-CAMEL-DB2] Failed to publish to Kafka | Topic=bamoe-event-publish | Reason=Exception occurred during execution on the exchange: Exchange[]
2026-08-05 14:06:49.859 | INFO | [BAMOE-CAMEL-DB2] STEP 5 - Published SUCCESS event to Kafka | Topic=bamoe-event-publish | queryId=caseTeam | caseId=200000000483811 | DurationMs=60884
2026-08-05 14:06:49.861 | INFO | [BAMOE-CAMEL-DB2] ROUTE COMPLETE | queryId=caseTeam | caseId=200000000483811 | DurationMs=60884
2026-08-05 14:07:49.718 | INFO | [BAMOE-CAMEL-DB2] STEP 1 - HTTP POST Request Received from BAMOE | Body={
  "queryId": "caseLookup",
  "params": { "caseId": "200000000483811" }
}
2026-08-05 14:07:49.719 | INFO | [BAMOE-CAMEL-DB2] STEP 1 - Parsed successfully | queryId=caseLookup | caseId=200000000483811
2026-08-05 14:08:49.735 | ERROR | [BAMOE-CAMEL-DB2] Failed to publish to Kafka | Topic=bamoe-event-publish | Reason=Exception occurred during execution on the exchange: Exchange[]
2026-08-05 14:08:49.736 | INFO | [BAMOE-CAMEL-DB2] STEP 2 - Kafka REQUEST event published | Topic=bamoe-event-publish | queryId=caseLookup | caseId=200000000483811
2026-08-05 14:08:49.737 | INFO | [BAMOE-CAMEL-DB2] STEP 3 - Calling CamelDb2Connector | queryId=caseLookup | caseId=200000000483811
2026-08-05 14:08:49.739 | INFO | [BAMOE-CAMEL-DB2-CONNECTOR] Opening DB2 connection | caseId=200000000483811 | Query=SELECT cs.CASE_EXTID, pnm.FIRST_NM, pnm.LAST_NM, csp.ROLE_CD FROM CASE cs JOIN CASE_PARTICIPANT csp ON cs.CASE_ID = csp.CASE_ID JOIN PARTICIPANT_NAME pnm ON csp.PRTCP_ID = pnm.PRTCP_ID WHERE csp.ROLE_CD IN ('CUS', 'NCP') AND csp.STAT_CD = 'ACT' AND cs.CASE_EXTID = ? FETCH FIRST 100 ROWS ONLY
2026-08-05 14:08:50.424 | INFO | [BAMOE-CAMEL-DB2-CONNECTOR] DB2 connection acquired | caseId=200000000483811 | AutoCommit=true
2026-08-05 14:08:50.426 | INFO | [BAMOE-CAMEL-DB2-CONNECTOR] Executing DB2 query | caseId=200000000483811 | SQL=SELECT cs.CASE_EXTID, pnm.FIRST_NM, pnm.LAST_NM, csp.ROLE_CD FROM CASE cs JOIN CASE_PARTICIPANT csp ON cs.CASE_ID = csp.CASE_ID JOIN PARTICIPANT_NAME pnm ON csp.PRTCP_ID = pnm.PRTCP_ID WHERE csp.ROLE_CD IN ('CUS', 'NCP') AND csp.STAT_CD = 'ACT' AND cs.CASE_EXTID = ? FETCH FIRST 100 ROWS ONLY
2026-08-05 14:08:50.512 | INFO | [BAMOE-CAMEL-DB2-CONNECTOR] Row mapped | caseId=200000000483811 | Row={CASE_EXTID=200000000483811, FIRST_NM=WILBURN, LAST_NM=CISCO, ROLE_CD=NCP}
2026-08-05 14:08:50.514 | INFO | [BAMOE-CAMEL-DB2-CONNECTOR] Row mapped | caseId=200000000483811 | Row={CASE_EXTID=200000000483811, FIRST_NM=REMEDIOS, LAST_NM=QUESENBERRY, ROLE_CD=CUS}
2026-08-05 14:08:50.598 | INFO | [BAMOE-CAMEL-DB2-CONNECTOR] DB2 query successful | caseId=200000000483811 | RowsReturned=2 | DurationMs=859 | Columns=[CASE_EXTID, FIRST_NM, LAST_NM, ROLE_CD]
2026-08-05 14:08:50.600 | INFO | [BAMOE-CAMEL-DB2-CONNECTOR] DB2 connection closed | caseId=200000000483811
2026-08-05 14:08:50.602 | INFO | [BAMOE-CAMEL-DB2] STEP 3 - DB2 data received | queryId=caseLookup | caseId=200000000483811 | RowsReturned=2
2026-08-05 14:08:50.603 | INFO | [BAMOE-CAMEL-DB2] STEP 4 - JSON Response built and sent to BAMOE | queryId=caseLookup | caseId=200000000483811 | TotalRecords=2
2026-08-05 14:09:50.610 | ERROR | [BAMOE-CAMEL-DB2] Failed to publish to Kafka | Topic=bamoe-event-publish | Reason=Exception occurred during execution on the exchange: Exchange[]
2026-08-05 14:09:50.611 | INFO | [BAMOE-CAMEL-DB2] STEP 5 - Published SUCCESS event to Kafka | Topic=bamoe-event-publish | queryId=caseLookup | caseId=200000000483811 | DurationMs=60886
2026-08-05 14:09:50.613 | INFO | [BAMOE-CAMEL-DB2] ROUTE COMPLETE | queryId=caseLookup | caseId=200000000483811 | DurationMs=60886
2026-08-05 16:42:35.113 | INFO | [APP STARTUP] Bouncy Castle provider inserted
2026-08-05 16:42:39.177 | INFO | [BAMOE-CAMEL-DB2-CONNECTOR-CONFIG] Registering caseDb2DataSource bean | Server=vmdevtestdboltp02 | Port=60026 | Database=CSE1DV01 | SSL=true | TrustStore=C:/Users/ARagunathan/dcss-truststore.jks
2026-08-05 16:42:39.342 | INFO | [BAMOE-CAMEL-DB2-CONNECTOR-CONFIG] caseDb2DataSource bean registered successfully
2026-08-05 16:42:39.394 | INFO | [BAMOE-CAMEL-DB2-CONNECTOR] CamelDb2Connector initialized | DataSource=caseDb2DataSource
2026-08-05 16:42:39.405 | INFO | [BAMOE-CAMEL-QUERY-REGISTRY] Query loaded | QueryId=insertTestLog
2026-08-05 16:42:39.406 | INFO | [BAMOE-CAMEL-QUERY-REGISTRY] Query loaded | QueryId=caseTeam
2026-08-05 16:42:39.408 | INFO | [BAMOE-CAMEL-QUERY-REGISTRY] Query loaded | QueryId=caseLookup
2026-08-05 16:42:39.410 | INFO | [BAMOE-CAMEL-QUERY-REGISTRY] Query registry initialized | Source=query-registry.properties | AvailableQueryIds=[insertTestLog, caseTeam, caseLookup]
2026-08-05 16:42:41.019 | INFO | [BAMOE-CONNECTION-TESTER] ========================================
2026-08-05 16:42:41.023 | INFO | [BAMOE-CONNECTION-TESTER] Running startup connection tests...
2026-08-05 16:42:41.025 | INFO | [BAMOE-CONNECTION-TESTER] ========================================
2026-08-05 16:42:41.025 | INFO | [BAMOE-CONNECTION-TESTER] [DB2] Testing DB2 connection...
2026-08-05 16:42:42.980 | INFO | [BAMOE-CONNECTION-TESTER] [DB2] Connection opened successfully
2026-08-05 16:42:43.079 | INFO | [BAMOE-CONNECTION-TESTER] [DB2] - DB2 CONNECTION SUCCESS | Ping query returned: 1 | DB2 is reachable and responding
2026-08-05 16:42:43.168 | INFO | [BAMOE-CONNECTION-TESTER] [KAFKA] Testing Kafka connection... | Broker=localhost:9092
2026-08-05 16:42:48.327 | ERROR | [BAMOE-CONNECTION-TESTER] [KAFKA] - KAFKA BROKER CONNECTION FAILED | Broker=localhost:9092 | Reason=org.apache.kafka.common.errors.TimeoutException: Timed out waiting for a node assignment. Call: listTopics | Check: broker IP and port in application.properties
2026-08-05 16:42:48.328 | INFO | [BAMOE-CONNECTION-TESTER] ========================================
2026-08-05 16:42:48.331 | INFO | [BAMOE-CONNECTION-TESTER] Connection tests completed.
2026-08-05 16:42:48.332 | INFO | [BAMOE-CONNECTION-TESTER] ========================================
2026-08-05 16:42:48.334 | INFO | [APP READY] Application started - BAMOE Camel route active
2026-08-05 16:42:48.335 | INFO | [APP READY] Listening for BAMOE requests on: POST http://vmdevtestrhelaro01.dcss.gov:8080/bamoe/execute-query
2026-08-05 16:43:24.016 | INFO | [BAMOE-CAMEL-DB2] STEP 1 - HTTP POST Request Received from BAMOE | Body={
  "queryId": "caseLookup",
  "params": { "caseId": "200000000483811" }
}
2026-08-05 16:43:24.019 | INFO | [BAMOE-CAMEL-DB2] STEP 1 - Parsed successfully | queryId=caseLookup | caseId=200000000483811
2026-08-05 16:43:27.651 | ERROR | [BAMOE-CAMEL-DB2] Failed to publish to Kafka | Topic=bamoe-event-publish | Reason=Exception occurred during execution on the exchange: Exchange[]
2026-08-05 16:43:27.653 | INFO | [BAMOE-CAMEL-DB2] STEP 2 - Kafka REQUEST event published | Topic=bamoe-event-publish | queryId=caseLookup | caseId=200000000483811
2026-08-05 16:43:27.656 | INFO | [BAMOE-CAMEL-DB2] STEP 3 - Calling CamelDb2Connector | queryId=caseLookup | caseId=200000000483811
2026-08-05 16:43:27.657 | INFO | [BAMOE-CAMEL-DB2-CONNECTOR] Opening DB2 connection | caseId=200000000483811 | Query=SELECT cs.CASE_EXTID, pnm.FIRST_NM, pnm.LAST_NM, csp.ROLE_CD FROM CASE cs JOIN CASE_PARTICIPANT csp ON cs.CASE_ID = csp.CASE_ID JOIN PARTICIPANT_NAME pnm ON csp.PRTCP_ID = pnm.PRTCP_ID WHERE csp.ROLE_CD IN ('CUS', 'NCP') AND csp.STAT_CD = 'ACT' AND cs.CASE_EXTID = ? FETCH FIRST 100 ROWS ONLY
2026-08-05 16:43:28.399 | INFO | [BAMOE-CAMEL-DB2-CONNECTOR] DB2 connection acquired | caseId=200000000483811 | AutoCommit=true
2026-08-05 16:43:28.402 | INFO | [BAMOE-CAMEL-DB2-CONNECTOR] Executing DB2 query | caseId=200000000483811 | SQL=SELECT cs.CASE_EXTID, pnm.FIRST_NM, pnm.LAST_NM, csp.ROLE_CD FROM CASE cs JOIN CASE_PARTICIPANT csp ON cs.CASE_ID = csp.CASE_ID JOIN PARTICIPANT_NAME pnm ON csp.PRTCP_ID = pnm.PRTCP_ID WHERE csp.ROLE_CD IN ('CUS', 'NCP') AND csp.STAT_CD = 'ACT' AND cs.CASE_EXTID = ? FETCH FIRST 100 ROWS ONLY
2026-08-05 16:43:28.493 | INFO | [BAMOE-CAMEL-DB2-CONNECTOR] Row mapped | caseId=200000000483811 | Row={CASE_EXTID=200000000483811, FIRST_NM=WILBURN, LAST_NM=CISCO, ROLE_CD=NCP}
2026-08-05 16:43:28.495 | INFO | [BAMOE-CAMEL-DB2-CONNECTOR] Row mapped | caseId=200000000483811 | Row={CASE_EXTID=200000000483811, FIRST_NM=REMEDIOS, LAST_NM=QUESENBERRY, ROLE_CD=CUS}
2026-08-05 16:43:28.582 | INFO | [BAMOE-CAMEL-DB2-CONNECTOR] DB2 query successful | caseId=200000000483811 | RowsReturned=2 | DurationMs=922 | Columns=[CASE_EXTID, FIRST_NM, LAST_NM, ROLE_CD]
2026-08-05 16:43:28.586 | INFO | [BAMOE-CAMEL-DB2-CONNECTOR] DB2 connection closed | caseId=200000000483811
2026-08-05 16:43:28.591 | INFO | [BAMOE-CAMEL-DB2] STEP 3 - DB2 data received | queryId=caseLookup | caseId=200000000483811 | RowsReturned=2
2026-08-05 16:43:28.597 | INFO | [BAMOE-CAMEL-DB2] STEP 4 - JSON Response built and sent to BAMOE | queryId=caseLookup | caseId=200000000483811 | TotalRecords=2
2026-08-05 16:43:31.614 | ERROR | [BAMOE-CAMEL-DB2] Failed to publish to Kafka | Topic=bamoe-event-publish | Reason=Exception occurred during execution on the exchange: Exchange[]
2026-08-05 16:43:31.619 | INFO | [BAMOE-CAMEL-DB2] STEP 5 - Published SUCCESS event to Kafka | Topic=bamoe-event-publish | queryId=caseLookup | caseId=200000000483811 | DurationMs=4582
2026-08-05 16:43:31.621 | INFO | [BAMOE-CAMEL-DB2] ROUTE COMPLETE | queryId=caseLookup | caseId=200000000483811 | DurationMs=4582
2026-08-06 09:14:19.177 | INFO | [APP STARTUP] Bouncy Castle provider inserted
2026-08-06 09:14:22.636 | INFO | [BAMOE-CAMEL-DB2-CONNECTOR-CONFIG] Registering caseDb2DataSource bean | Server=vmdevtestdboltp02 | Port=60026 | Database=CSE1DV01 | SSL=true | TrustStore=C:/Users/ARagunathan/dcss-truststore.jks
2026-08-06 09:14:22.814 | INFO | [BAMOE-CAMEL-DB2-CONNECTOR-CONFIG] caseDb2DataSource bean registered successfully
2026-08-06 09:14:22.890 | INFO | [BAMOE-CAMEL-DB2-CONNECTOR] CamelDb2Connector initialized | DataSource=caseDb2DataSource
2026-08-06 09:14:22.901 | INFO | [BAMOE-CAMEL-QUERY-REGISTRY] Query loaded | QueryId=insertTestLog
2026-08-06 09:14:22.903 | INFO | [BAMOE-CAMEL-QUERY-REGISTRY] Query loaded | QueryId=caseTeam
2026-08-06 09:14:22.905 | INFO | [BAMOE-CAMEL-QUERY-REGISTRY] Query loaded | QueryId=caseLookup
2026-08-06 09:14:22.907 | INFO | [BAMOE-CAMEL-QUERY-REGISTRY] Query registry initialized | Source=query-registry.properties | AvailableQueryIds=[insertTestLog, caseTeam, caseLookup]
2026-08-06 09:14:24.632 | INFO | [BAMOE-CONNECTION-TESTER] Running startup connection tests...
2026-08-06 09:14:24.634 | INFO | [BAMOE-CONNECTION-TESTER] ========================================
2026-08-06 09:14:24.640 | INFO | [BAMOE-CONNECTION-TESTER] [DB2] Testing DB2 connection...
2026-08-06 09:14:26.713 | INFO | [BAMOE-CONNECTION-TESTER] [DB2] Connection opened successfully
2026-08-06 09:14:26.819 | INFO | [BAMOE-CONNECTION-TESTER] [DB2] - DB2 CONNECTION SUCCESS | Ping query returned: 1 | DB2 is reachable and responding
2026-08-06 09:14:26.914 | INFO | [BAMOE-CONNECTION-TESTER] [KAFKA] Testing Kafka connection... | Broker=localhost:9092
2026-08-06 09:14:32.090 | ERROR | [BAMOE-CONNECTION-TESTER] [KAFKA] - KAFKA BROKER CONNECTION FAILED | Broker=localhost:9092 | Reason=org.apache.kafka.common.errors.TimeoutException: Timed out waiting for a node assignment. Call: listTopics | Check: broker IP and port in application.properties
2026-08-06 09:14:32.092 | INFO | [BAMOE-CONNECTION-TESTER] ========================================
2026-08-06 09:14:32.092 | INFO | [BAMOE-CONNECTION-TESTER] Connection tests completed.
2026-08-06 09:14:32.094 | INFO | [BAMOE-CONNECTION-TESTER] ========================================
2026-08-06 09:14:32.098 | INFO | [APP READY] Application started - BAMOE Camel route active
2026-08-06 09:14:32.100 | INFO | [APP READY] Listening for BAMOE requests on: POST http://vmdevtestrhelaro01.dcss.gov:8080/bamoe/execute-query
2026-08-06 09:32:36.685 | INFO | [BAMOE-CAMEL-DB2] STEP 1 - HTTP POST Request Received from BAMOE | Body={"queryId":"caseLookup","params":{"caseId":"0370017718398"}}
2026-08-06 09:32:36.693 | INFO | [BAMOE-CAMEL-DB2] STEP 1 - Parsed successfully | queryId=caseLookup | caseId=0370017718398
2026-08-06 09:32:40.392 | ERROR | [BAMOE-CAMEL-DB2] Failed to publish to Kafka | Topic=bamoe-event-publish | Reason=Exception occurred during execution on the exchange: Exchange[]
2026-08-06 09:32:40.394 | INFO | [BAMOE-CAMEL-DB2] STEP 2 - Kafka REQUEST event published | Topic=bamoe-event-publish | queryId=caseLookup | caseId=0370017718398
2026-08-06 09:32:40.397 | INFO | [BAMOE-CAMEL-DB2] STEP 3 - Calling CamelDb2Connector | queryId=caseLookup | caseId=0370017718398
2026-08-06 09:32:40.399 | INFO | [BAMOE-CAMEL-DB2-CONNECTOR] Opening DB2 connection | caseId=0370017718398 | Query=SELECT cs.CASE_EXTID, pnm.FIRST_NM, pnm.LAST_NM, csp.ROLE_CD FROM CASE cs JOIN CASE_PARTICIPANT csp ON cs.CASE_ID = csp.CASE_ID JOIN PARTICIPANT_NAME pnm ON csp.PRTCP_ID = pnm.PRTCP_ID WHERE csp.ROLE_CD IN ('CUS', 'NCP') AND csp.STAT_CD = 'ACT' AND cs.CASE_EXTID = ? FETCH FIRST 100 ROWS ONLY
2026-08-06 09:32:41.099 | INFO | [BAMOE-CAMEL-DB2-CONNECTOR] DB2 connection acquired | caseId=0370017718398 | AutoCommit=true
2026-08-06 09:32:41.103 | INFO | [BAMOE-CAMEL-DB2-CONNECTOR] Executing DB2 query | caseId=0370017718398 | SQL=SELECT cs.CASE_EXTID, pnm.FIRST_NM, pnm.LAST_NM, csp.ROLE_CD FROM CASE cs JOIN CASE_PARTICIPANT csp ON cs.CASE_ID = csp.CASE_ID JOIN PARTICIPANT_NAME pnm ON csp.PRTCP_ID = pnm.PRTCP_ID WHERE csp.ROLE_CD IN ('CUS', 'NCP') AND csp.STAT_CD = 'ACT' AND cs.CASE_EXTID = ? FETCH FIRST 100 ROWS ONLY
2026-08-06 09:32:41.210 | INFO | [BAMOE-CAMEL-DB2-CONNECTOR] Row mapped | caseId=0370017718398 | Row={CASE_EXTID=0370017718398, FIRST_NM=ANNELIESE, LAST_NM=CHISOLM, ROLE_CD=CUS}
2026-08-06 09:32:41.214 | INFO | [BAMOE-CAMEL-DB2-CONNECTOR] Row mapped | caseId=0370017718398 | Row={CASE_EXTID=0370017718398, FIRST_NM=MEAGHAN, LAST_NM=CHISOLM, ROLE_CD=CUS}
2026-08-06 09:32:41.214 | INFO | [BAMOE-CAMEL-DB2-CONNECTOR] Row mapped | caseId=0370017718398 | Row={CASE_EXTID=0370017718398, FIRST_NM=MEAGHAN, LAST_NM=GLEASON, ROLE_CD=CUS}
2026-08-06 09:32:41.216 | INFO | [BAMOE-CAMEL-DB2-CONNECTOR] Row mapped | caseId=0370017718398 | Row={CASE_EXTID=0370017718398, FIRST_NM=YOLONDA, LAST_NM=ROMO, ROLE_CD=CUS}
2026-08-06 09:32:41.218 | INFO | [BAMOE-CAMEL-DB2-CONNECTOR] Row mapped | caseId=0370017718398 | Row={CASE_EXTID=0370017718398, FIRST_NM=MEAGHAN, LAST_NM=WECHSLER, ROLE_CD=CUS}
2026-08-06 09:32:41.218 | INFO | [BAMOE-CAMEL-DB2-CONNECTOR] Row mapped | caseId=0370017718398 | Row={CASE_EXTID=0370017718398, FIRST_NM=HUCK, LAST_NM=WECHSLER, ROLE_CD=NCP}
2026-08-06 09:32:41.220 | INFO | [BAMOE-CAMEL-DB2-CONNECTOR] Row mapped | caseId=0370017718398 | Row={CASE_EXTID=0370017718398, FIRST_NM=PAT, LAST_NM=WECHSLER, ROLE_CD=NCP}
2026-08-06 09:32:41.220 | INFO | [BAMOE-CAMEL-DB2-CONNECTOR] Row mapped | caseId=0370017718398 | Row={CASE_EXTID=0370017718398, FIRST_NM=PAT, LAST_NM=WECHSLER, ROLE_CD=NCP}
2026-08-06 09:32:41.308 | INFO | [BAMOE-CAMEL-DB2-CONNECTOR] DB2 query successful | caseId=0370017718398 | RowsReturned=8 | DurationMs=904 | Columns=[CASE_EXTID, FIRST_NM, LAST_NM, ROLE_CD]
2026-08-06 09:32:41.310 | INFO | [BAMOE-CAMEL-DB2-CONNECTOR] DB2 connection closed | caseId=0370017718398
2026-08-06 09:32:41.316 | INFO | [BAMOE-CAMEL-DB2] STEP 3 - DB2 data received | queryId=caseLookup | caseId=0370017718398 | RowsReturned=8
2026-08-06 09:32:41.322 | INFO | [BAMOE-CAMEL-DB2] STEP 4 - JSON Response built and sent to BAMOE | queryId=caseLookup | caseId=0370017718398 | TotalRecords=8
2026-08-06 09:32:44.334 | ERROR | [BAMOE-CAMEL-DB2] Failed to publish to Kafka | Topic=bamoe-event-publish | Reason=Exception occurred during execution on the exchange: Exchange[]
2026-08-06 09:32:44.341 | INFO | [BAMOE-CAMEL-DB2] STEP 5 - Published SUCCESS event to Kafka | Topic=bamoe-event-publish | queryId=caseLookup | caseId=0370017718398 | DurationMs=4639
2026-08-06 09:32:44.344 | INFO | [BAMOE-CAMEL-DB2] ROUTE COMPLETE | queryId=caseLookup | caseId=0370017718398 | DurationMs=4639
2026-08-10 16:42:46.984 | INFO | [APP STARTUP] Bouncy Castle provider inserted
2026-08-10 16:42:51.064 | INFO | [BAMOE-CAMEL-DB2-CONNECTOR-CONFIG] Registering caseDb2DataSource bean | Server=vmdevtestdboltp02 | Port=60026 | Database=CSE1DV01 | SSL=true | TrustStore=/app/dcss-truststore.jks
2026-08-10 16:42:51.232 | INFO | [BAMOE-CAMEL-DB2-CONNECTOR-CONFIG] caseDb2DataSource bean registered successfully
2026-08-10 16:42:51.297 | INFO | [CREDENTIALS-CONFIG] DB2 credentials loaded from file: C:/bamoe-dev/db2-credentials.properties
2026-08-10 16:42:51.303 | INFO | [BAMOE-CAMEL-DB2-CONNECTOR] CamelDb2Connector initialized | DataSource=caseDb2DataSource
2026-08-10 16:42:51.311 | INFO | [BAMOE-CAMEL-QUERY-REGISTRY] Query loaded | QueryId=insertTestLog
2026-08-10 16:42:51.313 | INFO | [BAMOE-CAMEL-QUERY-REGISTRY] Query loaded | QueryId=caseTeam
2026-08-10 16:42:51.315 | INFO | [BAMOE-CAMEL-QUERY-REGISTRY] Query loaded | QueryId=caseLookup
2026-08-10 16:42:51.318 | INFO | [BAMOE-CAMEL-QUERY-REGISTRY] Query registry initialized | Source=query-registry.properties | AvailableQueryIds=[insertTestLog, caseTeam, caseLookup]
2026-08-10 16:43:28.125 | INFO | [APP STARTUP] Bouncy Castle provider inserted
2026-08-10 16:43:31.975 | INFO | [BAMOE-CAMEL-DB2-CONNECTOR-CONFIG] Registering caseDb2DataSource bean | Server=vmdevtestdboltp02 | Port=60026 | Database=CSE1DV01 | SSL=true | TrustStore=/app/dcss-truststore.jks
2026-08-10 16:43:32.157 | INFO | [BAMOE-CAMEL-DB2-CONNECTOR-CONFIG] caseDb2DataSource bean registered successfully
2026-08-10 16:43:32.207 | INFO | [CREDENTIALS-CONFIG] DB2 credentials loaded from file: C:/bamoe-dev/db2-credentials.properties
2026-08-10 16:43:32.211 | INFO | [BAMOE-CAMEL-DB2-CONNECTOR] CamelDb2Connector initialized | DataSource=caseDb2DataSource
2026-08-10 16:43:32.219 | INFO | [BAMOE-CAMEL-QUERY-REGISTRY] Query loaded | QueryId=insertTestLog
2026-08-10 16:43:32.219 | INFO | [BAMOE-CAMEL-QUERY-REGISTRY] Query loaded | QueryId=caseTeam
2026-08-10 16:43:32.221 | INFO | [BAMOE-CAMEL-QUERY-REGISTRY] Query loaded | QueryId=caseLookup
2026-08-10 16:43:32.223 | INFO | [BAMOE-CAMEL-QUERY-REGISTRY] Query registry initialized | Source=query-registry.properties | AvailableQueryIds=[insertTestLog, caseTeam, caseLookup]
2026-08-10 16:43:59.518 | INFO | [APP STARTUP] Bouncy Castle provider inserted
2026-08-10 16:44:03.567 | INFO | [BAMOE-CAMEL-DB2-CONNECTOR-CONFIG] Registering caseDb2DataSource bean | Server=vmdevtestdboltp02 | Port=60026 | Database=CSE1DV01 | SSL=true | TrustStore=/app/dcss-truststore.jks
2026-08-10 16:44:03.781 | INFO | [BAMOE-CAMEL-DB2-CONNECTOR-CONFIG] caseDb2DataSource bean registered successfully
2026-08-10 16:44:03.833 | INFO | [CREDENTIALS-CONFIG] DB2 credentials loaded from file: C:/bamoe-dev/db2-credentials.properties
2026-08-10 16:44:03.837 | INFO | [BAMOE-CAMEL-DB2-CONNECTOR] CamelDb2Connector initialized | DataSource=caseDb2DataSource
2026-08-10 16:44:03.845 | INFO | [BAMOE-CAMEL-QUERY-REGISTRY] Query loaded | QueryId=insertTestLog
2026-08-10 16:44:03.850 | INFO | [BAMOE-CAMEL-QUERY-REGISTRY] Query loaded | QueryId=caseTeam
2026-08-10 16:44:03.852 | INFO | [BAMOE-CAMEL-QUERY-REGISTRY] Query loaded | QueryId=caseLookup
2026-08-10 16:44:03.854 | INFO | [BAMOE-CAMEL-QUERY-REGISTRY] Query registry initialized | Source=query-registry.properties | AvailableQueryIds=[insertTestLog, caseTeam, caseLookup]
2026-08-10 16:50:23.666 | INFO | [APP STARTUP] Bouncy Castle provider inserted
2026-08-10 16:50:27.769 | INFO | [CREDENTIALS-CONFIG] DB2 credentials loaded from file: C:/bamoe-dev/db2-credentials.properties
2026-08-10 16:50:27.784 | INFO | [BAMOE-CAMEL-DB2-CONNECTOR-CONFIG] Registering caseDb2DataSource bean | Server=vmdevtestdboltp02 | Port=60026 | Database=CSE1DV01 | SSL=true | TrustStore=C:/Users/ARagunathan/dcss-truststore.jks
2026-08-10 16:50:28.032 | INFO | [BAMOE-CAMEL-DB2-CONNECTOR-CONFIG] caseDb2DataSource bean registered successfully
2026-08-10 16:50:28.111 | INFO | [BAMOE-CAMEL-DB2-CONNECTOR] CamelDb2Connector initialized | DataSource=caseDb2DataSource
2026-08-10 16:50:28.119 | INFO | [BAMOE-CAMEL-QUERY-REGISTRY] Query loaded | QueryId=insertTestLog
2026-08-10 16:50:28.121 | INFO | [BAMOE-CAMEL-QUERY-REGISTRY] Query loaded | QueryId=caseTeam
2026-08-10 16:50:28.123 | INFO | [BAMOE-CAMEL-QUERY-REGISTRY] Query loaded | QueryId=caseLookup
2026-08-10 16:50:28.125 | INFO | [BAMOE-CAMEL-QUERY-REGISTRY] Query registry initialized | Source=query-registry.properties | AvailableQueryIds=[insertTestLog, caseTeam, caseLookup]
2026-08-10 17:07:50.375 | INFO | [APP STARTUP] Bouncy Castle provider inserted
2026-08-10 17:07:54.963 | INFO | [CREDENTIALS-CONFIG] DB2 credentials loaded from file: C:/bamoe-dev/db2-credentials.properties
2026-08-10 17:07:54.990 | INFO | [BAMOE-CAMEL-DB2-CONNECTOR-CONFIG] Registering caseDb2DataSource bean | Server=vmdevtestdboltp02 | Port=60026 | Database=CSE1DV01 | SSL=true | TrustStore=C:/Users/ARagunathan/dcss-truststore.jks
2026-08-10 17:07:55.229 | INFO | [BAMOE-CAMEL-DB2-CONNECTOR-CONFIG] caseDb2DataSource bean registered successfully
2026-08-10 17:07:55.285 | INFO | [BAMOE-CAMEL-DB2-CONNECTOR] CamelDb2Connector initialized | DataSource=caseDb2DataSource
2026-08-10 17:07:55.292 | INFO | [BAMOE-CAMEL-QUERY-REGISTRY] Query loaded | QueryId=insertTestLog
2026-08-10 17:07:55.294 | INFO | [BAMOE-CAMEL-QUERY-REGISTRY] Query loaded | QueryId=caseTeam
2026-08-10 17:07:55.296 | INFO | [BAMOE-CAMEL-QUERY-REGISTRY] Query loaded | QueryId=caseLookup
2026-08-10 17:07:55.299 | INFO | [BAMOE-CAMEL-QUERY-REGISTRY] Query registry initialized | Source=query-registry.properties | AvailableQueryIds=[insertTestLog, caseTeam, caseLookup]
2026-08-10 17:07:56.795 | INFO | [BAMOE-CONNECTION-TESTER] ========================================
2026-08-10 17:07:56.797 | INFO | [BAMOE-CONNECTION-TESTER] Running startup connection tests...
2026-08-10 17:07:56.799 | INFO | [BAMOE-CONNECTION-TESTER] ========================================
2026-08-10 17:07:56.801 | INFO | [BAMOE-CONNECTION-TESTER] [DB2] Testing DB2 connection...
2026-08-10 17:07:58.873 | INFO | [BAMOE-CONNECTION-TESTER] [DB2] Connection opened successfully
2026-08-10 17:07:58.979 | INFO | [BAMOE-CONNECTION-TESTER] [DB2] - DB2 CONNECTION SUCCESS | Ping query returned: 1 | DB2 is reachable and responding
2026-08-10 17:07:59.072 | INFO | [BAMOE-CONNECTION-TESTER] [KAFKA] Testing Kafka connection... | Broker=host.containers.internal:9092
2026-08-10 17:07:59.157 | ERROR | [BAMOE-CONNECTION-TESTER] [KAFKA] - KAFKA BROKER CONNECTION FAILED | Broker=host.containers.internal:9092 | Reason=Failed to create new KafkaAdminClient | Check: broker IP and port in application.properties
2026-08-10 17:07:59.159 | INFO | [BAMOE-CONNECTION-TESTER] ========================================
2026-08-10 17:07:59.161 | INFO | [BAMOE-CONNECTION-TESTER] Connection tests completed.
2026-08-10 17:07:59.163 | INFO | [BAMOE-CONNECTION-TESTER] ========================================
2026-08-10 17:07:59.166 | INFO | [APP READY] Application started - BAMOE Camel route active
2026-08-10 17:07:59.166 | INFO | [APP READY] Listening for BAMOE requests on: POST http://vmdevtestrhelaro01.dcss.gov:8080/bamoe/execute-query
2026-08-10 17:08:28.585 | INFO | [BAMOE-CAMEL-DB2] STEP 1 - HTTP POST Request Received from BAMOE | Body={"queryId":"caseLookup","params":{"caseId":"200000000484072"}}
2026-08-10 17:08:28.587 | INFO | [BAMOE-CAMEL-DB2] STEP 1 - Parsed successfully | queryId=caseLookup | caseId=200000000484072
2026-08-10 17:08:29.266 | ERROR | [BAMOE-CAMEL-DB2] Failed to publish to Kafka | Topic=bamoe-event-publish | Reason=Failed to create Producer for endpoint: kafka://bamoe-event-publish?brokers=host.containers.internal%3A9092&deliveryTimeoutMs=5000&maxBlockMs=3000&requestTimeoutMs=3000&retries=3. Reason: org.apache.kafka.common.KafkaException: Failed to construct kafka producer
2026-08-10 17:08:29.269 | INFO | [BAMOE-CAMEL-DB2] STEP 2 - Kafka REQUEST event published | Topic=bamoe-event-publish | queryId=caseLookup | caseId=200000000484072
2026-08-10 17:08:29.270 | INFO | [BAMOE-CAMEL-DB2] STEP 3 - Calling CamelDb2Connector | queryId=caseLookup | caseId=200000000484072
2026-08-10 17:08:29.274 | INFO | [BAMOE-CAMEL-DB2-CONNECTOR] Opening DB2 connection | caseId=200000000484072 | Query=SELECT cs.CASE_EXTID, pnm.FIRST_NM, pnm.LAST_NM, csp.ROLE_CD FROM CASE cs JOIN CASE_PARTICIPANT csp ON cs.CASE_ID = csp.CASE_ID JOIN PARTICIPANT_NAME pnm ON csp.PRTCP_ID = pnm.PRTCP_ID WHERE csp.ROLE_CD IN ('CUS', 'NCP') AND csp.STAT_CD = 'ACT' AND cs.CASE_EXTID = ? FETCH FIRST 100 ROWS ONLY
2026-08-10 17:08:29.993 | INFO | [BAMOE-CAMEL-DB2-CONNECTOR] DB2 connection acquired | caseId=200000000484072 | AutoCommit=true
2026-08-10 17:08:29.995 | INFO | [BAMOE-CAMEL-DB2-CONNECTOR] Executing DB2 query | caseId=200000000484072 | SQL=SELECT cs.CASE_EXTID, pnm.FIRST_NM, pnm.LAST_NM, csp.ROLE_CD FROM CASE cs JOIN CASE_PARTICIPANT csp ON cs.CASE_ID = csp.CASE_ID JOIN PARTICIPANT_NAME pnm ON csp.PRTCP_ID = pnm.PRTCP_ID WHERE csp.ROLE_CD IN ('CUS', 'NCP') AND csp.STAT_CD = 'ACT' AND cs.CASE_EXTID = ? FETCH FIRST 100 ROWS ONLY
2026-08-10 17:08:30.170 | INFO | [BAMOE-CAMEL-DB2-CONNECTOR] Row mapped | caseId=200000000484072 | Row={CASE_EXTID=200000000484072, FIRST_NM=HELENE, LAST_NM=GLENN, ROLE_CD=CUS}
2026-08-10 17:08:30.172 | INFO | [BAMOE-CAMEL-DB2-CONNECTOR] Row mapped | caseId=200000000484072 | Row={CASE_EXTID=200000000484072, FIRST_NM=HAYDEN, LAST_NM=SHERRELL, ROLE_CD=NCP}
2026-08-10 17:08:30.265 | INFO | [BAMOE-CAMEL-DB2-CONNECTOR] DB2 query successful | caseId=200000000484072 | RowsReturned=2 | DurationMs=987 | Columns=[CASE_EXTID, FIRST_NM, LAST_NM, ROLE_CD]
2026-08-10 17:08:30.270 | INFO | [BAMOE-CAMEL-DB2-CONNECTOR] DB2 connection closed | caseId=200000000484072
2026-08-10 17:08:30.276 | INFO | [BAMOE-CAMEL-DB2] STEP 3 - DB2 data received | queryId=caseLookup | caseId=200000000484072 | RowsReturned=2
2026-08-10 17:08:30.281 | INFO | [BAMOE-CAMEL-DB2] STEP 4 - JSON Response built and sent to BAMOE | queryId=caseLookup | caseId=200000000484072 | TotalRecords=2
2026-08-10 17:08:30.291 | ERROR | [BAMOE-CAMEL-DB2] Failed to publish to Kafka | Topic=bamoe-event-publish | Reason=Failed to create Producer for endpoint: kafka://bamoe-event-publish?brokers=host.containers.internal%3A9092&deliveryTimeoutMs=5000&maxBlockMs=3000&requestTimeoutMs=3000&retries=3. Reason: org.apache.kafka.common.KafkaException: Failed to construct kafka producer
2026-08-10 17:08:30.296 | INFO | [BAMOE-CAMEL-DB2] STEP 5 - Published SUCCESS event to Kafka | Topic=bamoe-event-publish | queryId=caseLookup | caseId=200000000484072 | DurationMs=1697
2026-08-10 17:08:30.300 | INFO | [BAMOE-CAMEL-DB2] ROUTE COMPLETE | queryId=caseLookup | caseId=200000000484072 | DurationMs=1697
2026-08-14 16:01:56.742 | INFO | [APP STARTUP] Bouncy Castle provider inserted
2026-08-14 16:02:01.863 | INFO | [CREDENTIALS-CONFIG] DB2 credentials loaded from file: C:/bamoe-dev/db2-credentials.properties
2026-08-14 16:02:01.900 | INFO | [BAMOE-CAMEL-DB2-CONNECTOR-CONFIG] Registering caseDb2DataSource bean | Server=vmdevtestdboltp02 | Port=60026 | Database=CSE1DV01 | SSL=true | TrustStore=C:/Users/ARagunathan/dcss-truststore.jks
2026-08-14 16:02:02.207 | INFO | [BAMOE-CAMEL-DB2-CONNECTOR-CONFIG] caseDb2DataSource bean registered successfully
2026-08-14 16:02:02.304 | INFO | [BAMOE-CAMEL-DB2-CONNECTOR] CamelDb2Connector initialized | DataSource=caseDb2DataSource
2026-08-14 16:02:02.314 | INFO | [BAMOE-CAMEL-QUERY-REGISTRY] Query loaded | QueryId=insertTestLog
2026-08-14 16:02:02.319 | INFO | [BAMOE-CAMEL-QUERY-REGISTRY] Query loaded | QueryId=insertMonthlyIncome
2026-08-14 16:02:02.321 | INFO | [BAMOE-CAMEL-QUERY-REGISTRY] Query loaded | QueryId=caseTeam
2026-08-14 16:02:02.323 | INFO | [BAMOE-CAMEL-QUERY-REGISTRY] Query loaded | QueryId=caseLookup
2026-08-14 16:02:02.326 | INFO | [BAMOE-CAMEL-QUERY-REGISTRY] Query registry initialized | Source=query-registry.properties | AvailableQueryIds=[insertTestLog, insertMonthlyIncome, caseTeam, caseLookup]
2026-08-14 16:02:04.562 | INFO | [BAMOE-CONNECTION-TESTER] ========================================
2026-08-14 16:02:04.564 | INFO | [BAMOE-CONNECTION-TESTER] Running startup connection tests...
2026-08-14 16:02:04.566 | INFO | [BAMOE-CONNECTION-TESTER] ========================================
2026-08-14 16:02:04.567 | INFO | [BAMOE-CONNECTION-TESTER] [DB2] Testing DB2 connection...
2026-08-14 16:02:07.033 | INFO | [BAMOE-CONNECTION-TESTER] [DB2] Connection opened successfully
2026-08-14 16:02:07.149 | INFO | [BAMOE-CONNECTION-TESTER] [DB2] - DB2 CONNECTION SUCCESS | Ping query returned: 1 | DB2 is reachable and responding
2026-08-14 16:02:07.242 | INFO | [BAMOE-CONNECTION-TESTER] [KAFKA] Testing Kafka connection... | Broker=host.containers.internal:9092
2026-08-14 16:02:07.375 | ERROR | [BAMOE-CONNECTION-TESTER] [KAFKA] - KAFKA BROKER CONNECTION FAILED | Broker=host.containers.internal:9092 | Reason=Failed to create new KafkaAdminClient | Check: broker IP and port in application.properties
2026-08-14 16:02:07.377 | INFO | [BAMOE-CONNECTION-TESTER] ========================================
2026-08-14 16:02:07.381 | INFO | [BAMOE-CONNECTION-TESTER] Connection tests completed.
2026-08-14 16:02:07.383 | INFO | [BAMOE-CONNECTION-TESTER] ========================================
2026-08-14 16:02:07.387 | INFO | [APP READY] Application started - BAMOE Camel route active
2026-08-14 16:02:07.387 | INFO | [APP READY] Listening for BAMOE requests on: POST http://vmdevtestrhelaro01.dcss.gov:8080/bamoe/execute-query
2026-08-14 16:03:59.337 | INFO | [BAMOE-CAMEL-DB2-INSERT] STEP 1 - HTTP POST Request Received from BAMOE | Body={
  "queryId": "insertMonthlyIncome",
  "params": {
    "PRSUM_INC_IND": "Y",
    "ERN_INC_FREQ_CD": "M",
    "ERN_INC_AMT": 5000.00,
    "HOURS_PER_WEEK_NUM": 40,
    "MIN_WAGE_CD": "N",
    "YR_TO_DT_AMT": 60000.00,
    "START_DT": "2026-01-01",
    "END_DT": "2026-12-31",
    "IMPUTED_INCOME_CD": "N",
    "CREATED_BY": "araghuna"
  }
}
2026-08-14 16:03:59.358 | INFO | [BAMOE-CAMEL-DB2-INSERT] STEP 1 - Parsed successfully | queryId=insertMonthlyIncome | caseExtId=null
2026-08-14 16:04:00.459 | ERROR | [BAMOE-CAMEL-DB2] Failed to publish to Kafka | Topic=bamoe-event-publish | Reason=Failed to create Producer for endpoint: kafka://bamoe-event-publish?brokers=host.containers.internal%3A9092&deliveryTimeoutMs=5000&maxBlockMs=3000&requestTimeoutMs=3000&retries=3. Reason: org.apache.kafka.common.KafkaException: Failed to construct kafka producer
2026-08-14 16:04:00.461 | INFO | [BAMOE-CAMEL-DB2-INSERT] STEP 2 - Kafka REQUEST event published | Topic=bamoe-event-publish | queryId=insertMonthlyIncome | caseExtId=null
2026-08-14 16:04:00.464 | INFO | [BAMOE-CAMEL-DB2-INSERT] STEP 3 - Calling CamelDb2Connector | queryId=insertMonthlyIncome | caseExtId=null
2026-08-14 16:04:00.466 | INFO | [BAMOE-CAMEL-DB2-CONNECTOR] Opening DB2 connection for INSERT | Query=INSERT INTO CSE1DV01.ARAGHUNA.GUIDELINE_CALCULATION_MONTHLY_INCOME (PRSUM_INC_IND, ERN_INC_FREQ_CD, ERN_INC_AMT, HOURS_PER_WEEK_NUM, MIN_WAGE_CD, YR_TO_DT_AMT, START_DT, END_DT, IMPUTED_INCOME_CD, CREATED_BY, CREATED_DATE, LAST_UPDATED) VALUES (?, ?, ?, ?, ?, ?, ?, ?, ?, ?, CURRENT TIMESTAMP, CURRENT TIMESTAMP) | Params=[, , , , , , , ]
2026-08-14 16:04:01.200 | INFO | [BAMOE-CAMEL-DB2-CONNECTOR] DB2 connection acquired | AutoCommit=true
2026-08-14 16:04:01.506 | ERROR | [BAMOE-CAMEL-DB2-CONNECTOR] DB2 SQL EXCEPTION | caseId=INSERT | SQLState=42703 | ErrorCode=-206 | DurationMs=852 | Message="CREATED_BY" is not valid in the context where it is used.. SQLCODE=-206, SQLSTATE=42703, DRIVER=4.33.31
2026-08-14 16:04:01.512 | INFO | [BAMOE-CAMEL-DB2-CONNECTOR] DB2 connection closed | caseId=INSERT
2026-08-14 16:04:01.516 | ERROR | [BAMOE-CAMEL-DB2-INSERT] ROUTE FAILED | queryId=insertMonthlyIncome | Reason=DB2 INSERT failed | SQLState=42703 | ErrorCode=-206 | Message="CREATED_BY" is not valid in the context where it is used.. SQLCODE=-206, SQLSTATE=42703, DRIVER=4.33.31 | DurationMs=2176
2026-08-14 16:04:01.527 | ERROR | [BAMOE-CAMEL-DB2] Failed to publish to Kafka | Topic=orch-engine-error-log | Reason=Failed to create Producer for endpoint: kafka://orch-engine-error-log?brokers=host.containers.internal%3A9092&deliveryTimeoutMs=5000&maxBlockMs=3000&requestTimeoutMs=3000&retries=3. Reason: org.apache.kafka.common.KafkaException: Failed to construct kafka producer
2026-08-14 17:08:33.893 | INFO | [APP STARTUP] Bouncy Castle provider inserted
2026-08-14 17:08:39.553 | INFO | [CREDENTIALS-CONFIG] DB2 credentials loaded from file: C:/bamoe-dev/db2-credentials.properties
2026-08-14 17:08:39.574 | INFO | [BAMOE-CAMEL-DB2-CONNECTOR-CONFIG] Registering caseDb2DataSource bean | Server=vmdevtestdboltp02 | Port=60026 | Database=CSE1DV01 | SSL=true | TrustStore=C:/Users/ARagunathan/dcss-truststore.jks
2026-08-14 17:08:39.875 | INFO | [BAMOE-CAMEL-DB2-CONNECTOR-CONFIG] caseDb2DataSource bean registered successfully
2026-08-14 17:08:39.925 | INFO | [BAMOE-CAMEL-DB2-CONNECTOR] CamelDb2Connector initialized | DataSource=caseDb2DataSource
2026-08-14 17:08:39.933 | INFO | [BAMOE-CAMEL-QUERY-REGISTRY] Query loaded | QueryId=insertTestLog
2026-08-14 17:08:39.935 | INFO | [BAMOE-CAMEL-QUERY-REGISTRY] Query loaded | QueryId=insertMonthlyIncome
2026-08-14 17:08:39.937 | INFO | [BAMOE-CAMEL-QUERY-REGISTRY] Query loaded | QueryId=caseTeam
2026-08-14 17:08:39.937 | INFO | [BAMOE-CAMEL-QUERY-REGISTRY] Query loaded | QueryId=caseLookup
2026-08-14 17:08:39.939 | INFO | [BAMOE-CAMEL-QUERY-REGISTRY] Query registry initialized | Source=query-registry.properties | AvailableQueryIds=[insertTestLog, insertMonthlyIncome, caseTeam, caseLookup]
2026-08-14 17:08:41.777 | INFO | [BAMOE-CONNECTION-TESTER] ========================================
2026-08-14 17:08:41.781 | INFO | [BAMOE-CONNECTION-TESTER] Running startup connection tests...
2026-08-14 17:08:41.783 | INFO | [BAMOE-CONNECTION-TESTER] ========================================
2026-08-14 17:08:41.789 | INFO | [BAMOE-CONNECTION-TESTER] [DB2] Testing DB2 connection...
2026-08-14 17:08:44.544 | INFO | [BAMOE-CONNECTION-TESTER] [DB2] Connection opened successfully
2026-08-14 17:08:44.653 | INFO | [BAMOE-CONNECTION-TESTER] [DB2] - DB2 CONNECTION SUCCESS | Ping query returned: 1 | DB2 is reachable and responding
2026-08-14 17:08:44.748 | INFO | [BAMOE-CONNECTION-TESTER] [KAFKA] Testing Kafka connection... | Broker=host.containers.internal:9092
2026-08-14 17:08:44.987 | ERROR | [BAMOE-CONNECTION-TESTER] [KAFKA] - KAFKA BROKER CONNECTION FAILED | Broker=host.containers.internal:9092 | Reason=Failed to create new KafkaAdminClient | Check: broker IP and port in application.properties
2026-08-14 17:08:44.988 | INFO | [BAMOE-CONNECTION-TESTER] ========================================
2026-08-14 17:08:44.993 | INFO | [BAMOE-CONNECTION-TESTER] Connection tests completed.
2026-08-14 17:08:44.997 | INFO | [BAMOE-CONNECTION-TESTER] ========================================
2026-08-14 17:08:45.001 | INFO | [APP READY] Application started - BAMOE Camel route active
2026-08-14 17:08:45.014 | INFO | [APP READY] Listening for BAMOE requests on: POST http://vmdevtestrhelaro01.dcss.gov:8080/bamoe/execute-query
2026-08-14 17:09:54.231 | INFO | [BAMOE-CAMEL-DB2-INSERT] STEP 1 - HTTP POST Request Received from BAMOE | Body={
  "queryId": "insertMonthlyIncome",
  "params": {
    "MO_NET_DISP_INC_AMT": 4500.00,
    "MO_GROSS_INC_AMT": 5000.00,
    "FED_TAX_LIABL_AMT": 300.00,
    "ST_TAX_LIABL_AMT": 150.00,
    "ROW_VERS_ID": 1,
    "FICA_AMT": 382.50,
    "CASDI_AMT": 45.00,
    "SELF_EMPL_TAX_AMT": 0.00,
    "MO_TAX_GROSS_INC_AMT": 5000.00,
    "MO_NON_TAX_GROSS_INC_AMT": 0.00,
    "MO_FED_ADJ_GROSS_INC_AMT": 4700.00,
    "MO_FED_TAX_INC_AMT": 4400.00,
    "ROW_CREAT_USER": "araghuna",
    "ROW_UPDATE_USER": "araghuna"
  }
}
2026-08-14 17:09:54.236 | INFO | [BAMOE-CAMEL-DB2-INSERT] STEP 1 - Parsed successfully | queryId=insertMonthlyIncome | caseExtId=null
2026-08-14 17:09:55.051 | ERROR | [BAMOE-CAMEL-DB2] Failed to publish to Kafka | Topic=bamoe-event-publish | Reason=Failed to create Producer for endpoint: kafka://bamoe-event-publish?brokers=host.containers.internal%3A9092&deliveryTimeoutMs=5000&maxBlockMs=3000&requestTimeoutMs=3000&retries=3. Reason: org.apache.kafka.common.KafkaException: Failed to construct kafka producer
2026-08-14 17:09:55.055 | INFO | [BAMOE-CAMEL-DB2-INSERT] STEP 2 - Kafka REQUEST event published | Topic=bamoe-event-publish | queryId=insertMonthlyIncome | caseExtId=null
2026-08-14 17:09:55.058 | INFO | [BAMOE-CAMEL-DB2-INSERT] STEP 3 - Calling CamelDb2Connector | queryId=insertMonthlyIncome | caseExtId=null
2026-08-14 17:09:55.062 | INFO | [BAMOE-CAMEL-DB2-CONNECTOR] Opening DB2 connection for INSERT | Query=INSERT INTO CSE1DV01.ARAGHUNA.GUIDELINE_CALCULATION_MONTHLY_INCOME_RESULT (MO_NET_DISP_INC_AMT, MO_GROSS_INC_AMT, FED_TAX_LIABL_AMT, ST_TAX_LIABL_AMT, ROW_VERS_ID, FICA_AMT, CASDI_AMT, SELF_EMPL_TAX_AMT, MO_TAX_GROSS_INC_AMT, MO_NON_TAX_GROSS_INC_AMT, MO_FED_ADJ_GROSS_INC_AMT, MO_FED_TAX_INC_AMT, ROW_CREAT_USER, ROW_CREAT_TS, ROW_UPDATE_USER, ROW_UPDATE_TS) VALUES (?, ?, ?, ?, ?, ?, ?, ?, ?, ?, ?, ?, ?, CURRENT TIMESTAMP, ?, CURRENT TIMESTAMP) | Params=[, , , , , , , ]
2026-08-14 17:09:55.904 | INFO | [BAMOE-CAMEL-DB2-CONNECTOR] DB2 connection acquired | AutoCommit=true
2026-08-14 17:09:56.014 | INFO | [BAMOE-CAMEL-DB2-CONNECTOR] Executing DB2 INSERT | SQL=INSERT INTO CSE1DV01.ARAGHUNA.GUIDELINE_CALCULATION_MONTHLY_INCOME_RESULT (MO_NET_DISP_INC_AMT, MO_GROSS_INC_AMT, FED_TAX_LIABL_AMT, ST_TAX_LIABL_AMT, ROW_VERS_ID, FICA_AMT, CASDI_AMT, SELF_EMPL_TAX_AMT, MO_TAX_GROSS_INC_AMT, MO_NON_TAX_GROSS_INC_AMT, MO_FED_ADJ_GROSS_INC_AMT, MO_FED_TAX_INC_AMT, ROW_CREAT_USER, ROW_CREAT_TS, ROW_UPDATE_USER, ROW_UPDATE_TS) VALUES (?, ?, ?, ?, ?, ?, ?, ?, ?, ?, ?, ?, ?, CURRENT TIMESTAMP, ?, CURRENT TIMESTAMP)
2026-08-14 17:09:56.298 | ERROR | [BAMOE-CAMEL-DB2-CONNECTOR] DB2 SQL EXCEPTION | caseId=INSERT | SQLState=07001 | ErrorCode=-313 | DurationMs=1051 | Message=The number of variables in the EXECUTE statement, the number of variables in the OPEN statement, or the number of arguments in an OPEN statement for a parameterized cursor is not equal to the number of values required.. SQLCODE=-313, SQLSTATE=07001, DRIVER=4.33.31
2026-08-14 17:09:56.395 | INFO | [BAMOE-CAMEL-DB2-CONNECTOR] DB2 connection closed | caseId=INSERT
2026-08-14 17:09:56.403 | ERROR | [BAMOE-CAMEL-DB2-INSERT] ROUTE FAILED | queryId=insertMonthlyIncome | Reason=DB2 INSERT failed | SQLState=07001 | ErrorCode=-313 | Message=The number of variables in the EXECUTE statement, the number of variables in the OPEN statement, or the number of arguments in an OPEN statement for a parameterized cursor is not equal to the number of values required.. SQLCODE=-313, SQLSTATE=07001, DRIVER=4.33.31 | DurationMs=2166
2026-08-14 17:09:56.416 | ERROR | [BAMOE-CAMEL-DB2] Failed to publish to Kafka | Topic=orch-engine-error-log | Reason=Failed to create Producer for endpoint: kafka://orch-engine-error-log?brokers=host.containers.internal%3A9092&deliveryTimeoutMs=5000&maxBlockMs=3000&requestTimeoutMs=3000&retries=3. Reason: org.apache.kafka.common.KafkaException: Failed to construct kafka producer
2026-08-14 17:13:52.194 | INFO | [APP STARTUP] Bouncy Castle provider inserted
2026-08-14 17:13:56.897 | INFO | [CREDENTIALS-CONFIG] DB2 credentials loaded from file: C:/bamoe-dev/db2-credentials.properties
2026-08-14 17:13:56.927 | INFO | [BAMOE-CAMEL-DB2-CONNECTOR-CONFIG] Registering caseDb2DataSource bean | Server=vmdevtestdboltp02 | Port=60026 | Database=CSE1DV01 | SSL=true | TrustStore=C:/Users/ARagunathan/dcss-truststore.jks
2026-08-14 17:13:57.182 | INFO | [BAMOE-CAMEL-DB2-CONNECTOR-CONFIG] caseDb2DataSource bean registered successfully
2026-08-14 17:13:57.262 | INFO | [BAMOE-CAMEL-DB2-CONNECTOR] CamelDb2Connector initialized | DataSource=caseDb2DataSource
2026-08-14 17:13:57.270 | INFO | [BAMOE-CAMEL-QUERY-REGISTRY] Query loaded | QueryId=insertTestLog
2026-08-14 17:13:57.272 | INFO | [BAMOE-CAMEL-QUERY-REGISTRY] Query loaded | QueryId=insertMonthlyIncome
2026-08-14 17:13:57.274 | INFO | [BAMOE-CAMEL-QUERY-REGISTRY] Query loaded | QueryId=caseTeam
2026-08-14 17:13:57.274 | INFO | [BAMOE-CAMEL-QUERY-REGISTRY] Query loaded | QueryId=caseLookup
2026-08-14 17:13:57.276 | INFO | [BAMOE-CAMEL-QUERY-REGISTRY] Query registry initialized | Source=query-registry.properties | AvailableQueryIds=[insertTestLog, insertMonthlyIncome, caseTeam, caseLookup]
2026-08-14 17:13:59.408 | INFO | [BAMOE-CONNECTION-TESTER] ========================================
2026-08-14 17:13:59.410 | INFO | [BAMOE-CONNECTION-TESTER] Running startup connection tests...
2026-08-14 17:13:59.414 | INFO | [BAMOE-CONNECTION-TESTER] ========================================
2026-08-14 17:13:59.420 | INFO | [BAMOE-CONNECTION-TESTER] [DB2] Testing DB2 connection...
2026-08-14 17:14:02.110 | INFO | [BAMOE-CONNECTION-TESTER] [DB2] Connection opened successfully
2026-08-14 17:14:02.221 | INFO | [BAMOE-CONNECTION-TESTER] [DB2] - DB2 CONNECTION SUCCESS | Ping query returned: 1 | DB2 is reachable and responding
2026-08-14 17:14:02.316 | INFO | [BAMOE-CONNECTION-TESTER] [KAFKA] Testing Kafka connection... | Broker=host.containers.internal:9092
2026-08-14 17:14:02.463 | ERROR | [BAMOE-CONNECTION-TESTER] [KAFKA] - KAFKA BROKER CONNECTION FAILED | Broker=host.containers.internal:9092 | Reason=Failed to create new KafkaAdminClient | Check: broker IP and port in application.properties
2026-08-14 17:14:02.465 | INFO | [BAMOE-CONNECTION-TESTER] ========================================
2026-08-14 17:14:02.469 | INFO | [BAMOE-CONNECTION-TESTER] Connection tests completed.
2026-08-14 17:14:02.474 | INFO | [BAMOE-CONNECTION-TESTER] ========================================
2026-08-14 17:14:02.475 | INFO | [APP READY] Application started - BAMOE Camel route active
2026-08-14 17:14:02.479 | INFO | [APP READY] Listening for BAMOE requests on: POST http://vmdevtestrhelaro01.dcss.gov:8080/bamoe/execute-query
2026-08-14 17:14:31.785 | INFO | [BAMOE-CAMEL-DB2-INSERT] STEP 1 - HTTP POST Request Received from BAMOE | Body={
  "queryId": "insertMonthlyIncome",
  "params": {
    "MO_NET_DISP_INC_AMT": 4500.00,
    "MO_GROSS_INC_AMT": 5000.00,
    "FED_TAX_LIABL_AMT": 300.00,
    "ST_TAX_LIABL_AMT": 150.00,
    "ROW_VERS_ID": 1,
    "FICA_AMT": 382.50,
    "CASDI_AMT": 45.00,
    "SELF_EMPL_TAX_AMT": 0.00,
    "MO_TAX_GROSS_INC_AMT": 5000.00,
    "MO_NON_TAX_GROSS_INC_AMT": 0.00,
    "MO_FED_ADJ_GROSS_INC_AMT": 4700.00,
    "MO_FED_TAX_INC_AMT": 4400.00,
    "ROW_CREAT_USER": "araghuna",
    "ROW_UPDATE_USER": "araghuna"
  }
}
2026-08-14 17:14:31.789 | INFO | [BAMOE-CAMEL-DB2-INSERT] STEP 1 - Parsed successfully | queryId=insertMonthlyIncome | caseExtId=null
2026-08-14 17:14:32.886 | ERROR | [BAMOE-CAMEL-DB2] Failed to publish to Kafka | Topic=bamoe-event-publish | Reason=Failed to create Producer for endpoint: kafka://bamoe-event-publish?brokers=host.containers.internal%3A9092&deliveryTimeoutMs=5000&maxBlockMs=3000&requestTimeoutMs=3000&retries=3. Reason: org.apache.kafka.common.KafkaException: Failed to construct kafka producer
2026-08-14 17:14:32.889 | INFO | [BAMOE-CAMEL-DB2-INSERT] STEP 2 - Kafka REQUEST event published | Topic=bamoe-event-publish | queryId=insertMonthlyIncome | caseExtId=null
2026-08-14 17:14:32.891 | INFO | [BAMOE-CAMEL-DB2-INSERT] STEP 3 - Calling CamelDb2Connector | queryId=insertMonthlyIncome | caseExtId=null
2026-08-14 17:14:32.893 | INFO | [BAMOE-CAMEL-DB2-CONNECTOR] Opening DB2 connection for INSERT | Query=INSERT INTO CSE1DV01.ARAGHUNA.GUIDELINE_CALCULATION_MONTHLY_INCOME_RESULT (MO_NET_DISP_INC_AMT, MO_GROSS_INC_AMT, FED_TAX_LIABL_AMT, ST_TAX_LIABL_AMT, ROW_VERS_ID, FICA_AMT, CASDI_AMT, SELF_EMPL_TAX_AMT, MO_TAX_GROSS_INC_AMT, MO_NON_TAX_GROSS_INC_AMT, MO_FED_ADJ_GROSS_INC_AMT, MO_FED_TAX_INC_AMT, ROW_CREAT_USER, ROW_UPDATE_USER, ROW_CREAT_TS, ROW_UPDATE_TS) VALUES (?, ?, ?, ?, ?, ?, ?, ?, ?, ?, ?, ?, ?, ?, CURRENT TIMESTAMP, CURRENT TIMESTAMP) | Params=[, , , , , , , ]
2026-08-14 17:14:33.834 | INFO | [BAMOE-CAMEL-DB2-CONNECTOR] DB2 connection acquired | AutoCommit=true
2026-08-14 17:14:33.932 | INFO | [BAMOE-CAMEL-DB2-CONNECTOR] Executing DB2 INSERT | SQL=INSERT INTO CSE1DV01.ARAGHUNA.GUIDELINE_CALCULATION_MONTHLY_INCOME_RESULT (MO_NET_DISP_INC_AMT, MO_GROSS_INC_AMT, FED_TAX_LIABL_AMT, ST_TAX_LIABL_AMT, ROW_VERS_ID, FICA_AMT, CASDI_AMT, SELF_EMPL_TAX_AMT, MO_TAX_GROSS_INC_AMT, MO_NON_TAX_GROSS_INC_AMT, MO_FED_ADJ_GROSS_INC_AMT, MO_FED_TAX_INC_AMT, ROW_CREAT_USER, ROW_UPDATE_USER, ROW_CREAT_TS, ROW_UPDATE_TS) VALUES (?, ?, ?, ?, ?, ?, ?, ?, ?, ?, ?, ?, ?, ?, CURRENT TIMESTAMP, CURRENT TIMESTAMP)
2026-08-14 17:14:34.212 | ERROR | [BAMOE-CAMEL-DB2-CONNECTOR] DB2 SQL EXCEPTION | caseId=INSERT | SQLState=07001 | ErrorCode=-313 | DurationMs=1134 | Message=The number of variables in the EXECUTE statement, the number of variables in the OPEN statement, or the number of arguments in an OPEN statement for a parameterized cursor is not equal to the number of values required.. SQLCODE=-313, SQLSTATE=07001, DRIVER=4.33.31
2026-08-14 17:14:34.307 | INFO | [BAMOE-CAMEL-DB2-CONNECTOR] DB2 connection closed | caseId=INSERT
2026-08-14 17:14:34.313 | ERROR | [BAMOE-CAMEL-DB2-INSERT] ROUTE FAILED | queryId=insertMonthlyIncome | Reason=DB2 INSERT failed | SQLState=07001 | ErrorCode=-313 | Message=The number of variables in the EXECUTE statement, the number of variables in the OPEN statement, or the number of arguments in an OPEN statement for a parameterized cursor is not equal to the number of values required.. SQLCODE=-313, SQLSTATE=07001, DRIVER=4.33.31 | DurationMs=2525
2026-08-14 17:14:34.333 | ERROR | [BAMOE-CAMEL-DB2] Failed to publish to Kafka | Topic=orch-engine-error-log | Reason=Failed to create Producer for endpoint: kafka://orch-engine-error-log?brokers=host.containers.internal%3A9092&deliveryTimeoutMs=5000&maxBlockMs=3000&requestTimeoutMs=3000&retries=3. Reason: org.apache.kafka.common.KafkaException: Failed to construct kafka producer
2026-08-16 12:00:54.247 | INFO | [APP STARTUP] Bouncy Castle provider inserted
2026-08-16 12:00:58.220 | INFO | [CREDENTIALS-CONFIG] DB2 credentials loaded from file: C:/bamoe-dev/db2-credentials.properties
2026-08-16 12:00:58.235 | INFO | [BAMOE-CAMEL-DB2-CONNECTOR-CONFIG] Registering caseDb2DataSource bean | Server=vmdevtestdboltp02 | Port=60026 | Database=CSE1DV01 | SSL=true | TrustStore=C:/Users/ARagunathan/dcss-truststore.jks
2026-08-16 12:00:58.503 | INFO | [BAMOE-CAMEL-DB2-CONNECTOR-CONFIG] caseDb2DataSource bean registered successfully
2026-08-16 12:00:58.544 | INFO | [BAMOE-CAMEL-DB2-CONNECTOR] CamelDb2Connector initialized | DataSource=caseDb2DataSource
2026-08-16 12:00:58.552 | INFO | [BAMOE-CAMEL-QUERY-REGISTRY] Query loaded | QueryId=insertTestLog
2026-08-16 12:00:58.554 | INFO | [BAMOE-CAMEL-QUERY-REGISTRY] Query loaded | QueryId=insertMonthlyIncome
2026-08-16 12:00:58.556 | INFO | [BAMOE-CAMEL-QUERY-REGISTRY] Query loaded | QueryId=caseTeam
2026-08-16 12:00:58.558 | INFO | [BAMOE-CAMEL-QUERY-REGISTRY] Query loaded | QueryId=caseLookup
2026-08-16 12:00:58.560 | INFO | [BAMOE-CAMEL-QUERY-REGISTRY] Query registry initialized | Source=query-registry.properties | AvailableQueryIds=[insertTestLog, insertMonthlyIncome, caseTeam, caseLookup]
2026-08-16 12:01:00.462 | INFO | [BAMOE-CONNECTION-TESTER] ========================================
2026-08-16 12:01:00.463 | INFO | [BAMOE-CONNECTION-TESTER] Running startup connection tests...
2026-08-16 12:01:00.465 | INFO | [BAMOE-CONNECTION-TESTER] ========================================
2026-08-16 12:01:00.466 | INFO | [BAMOE-CONNECTION-TESTER] [DB2] Testing DB2 connection...
2026-08-16 12:01:02.746 | INFO | [BAMOE-CONNECTION-TESTER] [DB2] Connection opened successfully
2026-08-16 12:01:02.845 | INFO | [BAMOE-CONNECTION-TESTER] [DB2] - DB2 CONNECTION SUCCESS | Ping query returned: 1 | DB2 is reachable and responding
2026-08-16 12:01:02.931 | INFO | [BAMOE-CONNECTION-TESTER] [KAFKA] Testing Kafka connection... | Broker=host.containers.internal:9092
2026-08-16 12:01:03.068 | ERROR | [BAMOE-CONNECTION-TESTER] [KAFKA] - KAFKA BROKER CONNECTION FAILED | Broker=host.containers.internal:9092 | Reason=Failed to create new KafkaAdminClient | Check: broker IP and port in application.properties
2026-08-16 12:01:03.070 | INFO | [BAMOE-CONNECTION-TESTER] ========================================
2026-08-16 12:01:03.073 | INFO | [BAMOE-CONNECTION-TESTER] Connection tests completed.
2026-08-16 12:01:03.075 | INFO | [BAMOE-CONNECTION-TESTER] ========================================
2026-08-16 12:01:03.077 | INFO | [APP READY] Application started - BAMOE Camel route active
2026-08-16 12:01:03.077 | INFO | [APP READY] Listening for BAMOE requests on: POST http://vmdevtestrhelaro01.dcss.gov:8080/bamoe/execute-query
2026-08-16 12:01:23.063 | INFO | [BAMOE-CAMEL-DB2-INSERT] STEP 1 - HTTP POST Request Received from BAMOE | Body={
  "queryId": "insertMonthlyIncome",
  "paramList": [
    4500.00,
    5000.00,
    300.00,
    150.00,
    1,
    382.50,
    45.00,
    0.00,
    5000.00,
    0.00,
    4700.00,
    4400.00,
    "araghuna",
    "araghuna"
  ]
}
2026-08-16 12:01:23.065 | ERROR | [BAMOE-CAMEL-DB2] Validation error | queryId=insertMonthlyIncome | caseId=UNKNOWN | Message=Missing params field in request body.
2026-08-16 12:01:23.779 | ERROR | [BAMOE-CAMEL-DB2] Failed to publish to Kafka | Topic=orch-engine-error-log | Reason=Failed to create Producer for endpoint: kafka://orch-engine-error-log?brokers=host.containers.internal%3A9092&deliveryTimeoutMs=5000&maxBlockMs=3000&requestTimeoutMs=3000&retries=3. Reason: org.apache.kafka.common.KafkaException: Failed to construct kafka producer
2026-08-16 12:16:20.708 | INFO | [APP STARTUP] Bouncy Castle provider inserted
2026-08-16 12:16:26.852 | INFO | [CREDENTIALS-CONFIG] DB2 credentials loaded from file: C:/bamoe-dev/db2-credentials.properties
2026-08-16 12:16:26.866 | INFO | [BAMOE-CAMEL-DB2-CONNECTOR-CONFIG] Registering caseDb2DataSource bean | Server=vmdevtestdboltp02 | Port=60026 | Database=CSE1DV01 | SSL=true | TrustStore=C:/Users/ARagunathan/dcss-truststore.jks
2026-08-16 12:16:27.104 | INFO | [BAMOE-CAMEL-DB2-CONNECTOR-CONFIG] caseDb2DataSource bean registered successfully
2026-08-16 12:16:27.155 | INFO | [BAMOE-CAMEL-DB2-CONNECTOR] CamelDb2Connector initialized | DataSource=caseDb2DataSource
2026-08-16 12:16:27.163 | INFO | [BAMOE-CAMEL-QUERY-REGISTRY] Query loaded | QueryId=insertTestLog
2026-08-16 12:16:27.163 | INFO | [BAMOE-CAMEL-QUERY-REGISTRY] Query loaded | QueryId=insertMonthlyIncome
2026-08-16 12:16:27.165 | INFO | [BAMOE-CAMEL-QUERY-REGISTRY] Query loaded | QueryId=caseTeam
2026-08-16 12:16:27.167 | INFO | [BAMOE-CAMEL-QUERY-REGISTRY] Query loaded | QueryId=caseLookup
2026-08-16 12:16:27.169 | INFO | [BAMOE-CAMEL-QUERY-REGISTRY] Query registry initialized | Source=query-registry.properties | AvailableQueryIds=[insertTestLog, insertMonthlyIncome, caseTeam, caseLookup]
2026-08-16 12:16:28.712 | INFO | [BAMOE-CONNECTION-TESTER] ========================================
2026-08-16 12:16:28.714 | INFO | [BAMOE-CONNECTION-TESTER] Running startup connection tests...
2026-08-16 12:16:28.716 | INFO | [BAMOE-CONNECTION-TESTER] ========================================
2026-08-16 12:16:28.718 | INFO | [BAMOE-CONNECTION-TESTER] [DB2] Testing DB2 connection...
2026-08-16 12:16:30.747 | INFO | [BAMOE-CONNECTION-TESTER] [DB2] Connection opened successfully
2026-08-16 12:16:30.850 | INFO | [BAMOE-CONNECTION-TESTER] [DB2] - DB2 CONNECTION SUCCESS | Ping query returned: 1 | DB2 is reachable and responding
2026-08-16 12:16:30.936 | INFO | [BAMOE-CONNECTION-TESTER] [KAFKA] Testing Kafka connection... | Broker=host.containers.internal:9092
2026-08-16 12:16:31.030 | ERROR | [BAMOE-CONNECTION-TESTER] [KAFKA] - KAFKA BROKER CONNECTION FAILED | Broker=host.containers.internal:9092 | Reason=Failed to create new KafkaAdminClient | Check: broker IP and port in application.properties
2026-08-16 12:16:31.032 | INFO | [BAMOE-CONNECTION-TESTER] ========================================
2026-08-16 12:16:31.034 | INFO | [BAMOE-CONNECTION-TESTER] Connection tests completed.
2026-08-16 12:16:31.036 | INFO | [BAMOE-CONNECTION-TESTER] ========================================
2026-08-16 12:16:31.038 | INFO | [APP READY] Application started - BAMOE Camel route active
2026-08-16 12:16:31.040 | INFO | [APP READY] Listening for BAMOE requests on: POST http://vmdevtestrhelaro01.dcss.gov:8080/bamoe/execute-query
2026-08-16 13:13:53.630 | INFO | [BAMOE-CAMEL-DB2-INSERT] STEP 1 - HTTP POST Request Received from BAMOE | Body={
  "queryId": "insertMonthlyIncome",
  "params": {
    "GDELN_CALC_MO_INC_RSLT_ID": 2,
    "MO_NET_DISP_INC_AMT": 4500.00,
    "MO_GROSS_INC_AMT": 5000.00,
    "FED_TAX_LIABL_AMT": 300.00,
    "ST_TAX_LIABL_AMT": 150.00,
    "ROW_VERS_ID": 1,
    "FICA_AMT": 382.50,
    "CASDI_AMT": 45.00,
    "SELF_EMPL_TAX_AMT": 0.00,
    "MO_TAX_GROSS_INC_AMT": 5000.00,
    "MO_NON_TAX_GROSS_INC_AMT": 0.00,
    "MO_FED_ADJ_GROSS_INC_AMT": 4700.00,
    "MO_FED_TAX_INC_AMT": 4400.00,
    "ROW_CREAT_USER": "araghuna",
    "ROW_UPDATE_USER": "araghuna"
  }
}
2026-08-16 13:13:53.633 | INFO | [BAMOE-CAMEL-DB2-INSERT] STEP 1 - Parsed successfully | queryId=insertMonthlyIncome | caseExtId=null
2026-08-16 13:13:54.319 | ERROR | [BAMOE-CAMEL-DB2] Failed to publish to Kafka | Topic=bamoe-event-publish | Reason=Failed to create Producer for endpoint: kafka://bamoe-event-publish?brokers=host.containers.internal%3A9092&deliveryTimeoutMs=5000&maxBlockMs=3000&requestTimeoutMs=3000&retries=3. Reason: org.apache.kafka.common.KafkaException: Failed to construct kafka producer
2026-08-16 13:13:54.322 | INFO | [BAMOE-CAMEL-DB2-INSERT] STEP 2 - Kafka REQUEST event published | Topic=bamoe-event-publish | queryId=insertMonthlyIncome | caseExtId=null
2026-08-16 13:13:54.324 | INFO | [BAMOE-CAMEL-DB2-INSERT] STEP 3 - Calling CamelDb2Connector | queryId=insertMonthlyIncome | caseExtId=null
2026-08-16 13:13:54.334 | INFO | [BAMOE-CAMEL-DB2-CONNECTOR] Opening DB2 connection for INSERT | Query=INSERT INTO CSE1DV01.ARAGHUNA.GUIDELINE_CALCULATION_MONTHLY_INCOME_RESULT (GDELN_CALC_MO_INC_RSLT_ID, MO_NET_DISP_INC_AMT, MO_GROSS_INC_AMT, FED_TAX_LIABL_AMT, ST_TAX_LIABL_AMT, ROW_VERS_ID, FICA_AMT, CASDI_AMT, SELF_EMPL_TAX_AMT, MO_TAX_GROSS_INC_AMT, MO_NON_TAX_GROSS_INC_AMT, MO_FED_ADJ_GROSS_INC_AMT, MO_FED_TAX_INC_AMT, ROW_CREAT_USER, ROW_UPDATE_USER, ROW_CREAT_TS, ROW_UPDATE_TS) VALUES (?, ?, ?, ?, ?, ?, ?, ?, ?, ?, ?, ?, ?, ?, ?, CURRENT TIMESTAMP, CURRENT TIMESTAMP) | Params=[, , , , , , , ]
2026-08-16 13:13:55.175 | INFO | [BAMOE-CAMEL-DB2-CONNECTOR] DB2 connection acquired | AutoCommit=true
2026-08-16 13:13:55.271 | INFO | [BAMOE-CAMEL-DB2-CONNECTOR] Executing DB2 INSERT | SQL=INSERT INTO CSE1DV01.ARAGHUNA.GUIDELINE_CALCULATION_MONTHLY_INCOME_RESULT (GDELN_CALC_MO_INC_RSLT_ID, MO_NET_DISP_INC_AMT, MO_GROSS_INC_AMT, FED_TAX_LIABL_AMT, ST_TAX_LIABL_AMT, ROW_VERS_ID, FICA_AMT, CASDI_AMT, SELF_EMPL_TAX_AMT, MO_TAX_GROSS_INC_AMT, MO_NON_TAX_GROSS_INC_AMT, MO_FED_ADJ_GROSS_INC_AMT, MO_FED_TAX_INC_AMT, ROW_CREAT_USER, ROW_UPDATE_USER, ROW_CREAT_TS, ROW_UPDATE_TS) VALUES (?, ?, ?, ?, ?, ?, ?, ?, ?, ?, ?, ?, ?, ?, ?, CURRENT TIMESTAMP, CURRENT TIMESTAMP)
2026-08-16 13:13:55.553 | ERROR | [BAMOE-CAMEL-DB2-CONNECTOR] DB2 SQL EXCEPTION | caseId=INSERT | SQLState=07001 | ErrorCode=-313 | DurationMs=1034 | Message=The number of variables in the EXECUTE statement, the number of variables in the OPEN statement, or the number of arguments in an OPEN statement for a parameterized cursor is not equal to the number of values required.. SQLCODE=-313, SQLSTATE=07001, DRIVER=4.33.31
2026-08-16 13:13:55.647 | INFO | [BAMOE-CAMEL-DB2-CONNECTOR] DB2 connection closed | caseId=INSERT
2026-08-16 13:13:55.652 | ERROR | [BAMOE-CAMEL-DB2-INSERT] ROUTE FAILED | queryId=insertMonthlyIncome | Reason=DB2 INSERT failed | SQLState=07001 | ErrorCode=-313 | Message=The number of variables in the EXECUTE statement, the number of variables in the OPEN statement, or the number of arguments in an OPEN statement for a parameterized cursor is not equal to the number of values required.. SQLCODE=-313, SQLSTATE=07001, DRIVER=4.33.31 | DurationMs=2020
2026-08-16 13:13:55.664 | ERROR | [BAMOE-CAMEL-DB2] Failed to publish to Kafka | Topic=orch-engine-error-log | Reason=Failed to create Producer for endpoint: kafka://orch-engine-error-log?brokers=host.containers.internal%3A9092&deliveryTimeoutMs=5000&maxBlockMs=3000&requestTimeoutMs=3000&retries=3. Reason: org.apache.kafka.common.KafkaException: Failed to construct kafka producer
2026-08-16 13:57:58.816 | INFO | [APP STARTUP] Bouncy Castle provider inserted
2026-08-16 13:58:03.035 | INFO | [CREDENTIALS-CONFIG] DB2 credentials loaded from file: C:/bamoe-dev/db2-credentials.properties
2026-08-16 13:58:03.049 | INFO | [BAMOE-CAMEL-DB2-CONNECTOR-CONFIG] Registering caseDb2DataSource bean | Server=vmdevtestdboltp02 | Port=60026 | Database=CSE1DV01 | SSL=true | TrustStore=C:/Users/ARagunathan/dcss-truststore.jks
2026-08-16 13:58:03.250 | INFO | [BAMOE-CAMEL-DB2-CONNECTOR-CONFIG] caseDb2DataSource bean registered successfully
2026-08-16 13:58:03.298 | INFO | [BAMOE-CAMEL-DB2-CONNECTOR] CamelDb2Connector initialized | DataSource=caseDb2DataSource
2026-08-16 13:58:03.304 | INFO | [BAMOE-CAMEL-QUERY-REGISTRY] Query loaded | QueryId=insertTestLog
2026-08-16 13:58:03.304 | INFO | [BAMOE-CAMEL-QUERY-REGISTRY] Query loaded | QueryId=insertMonthlyIncome
2026-08-16 13:58:03.306 | INFO | [BAMOE-CAMEL-QUERY-REGISTRY] Query loaded | QueryId=caseTeam
2026-08-16 13:58:03.307 | INFO | [BAMOE-CAMEL-QUERY-REGISTRY] Query loaded | QueryId=caseLookup
2026-08-16 13:58:03.309 | INFO | [BAMOE-CAMEL-QUERY-REGISTRY] Query registry initialized | Source=query-registry.properties | AvailableQueryIds=[insertTestLog, insertMonthlyIncome, caseTeam, caseLookup]
2026-08-16 13:58:04.698 | INFO | [BAMOE-CONNECTION-TESTER] ========================================
2026-08-16 13:58:04.701 | INFO | [BAMOE-CONNECTION-TESTER] Running startup connection tests...
2026-08-16 13:58:04.703 | INFO | [BAMOE-CONNECTION-TESTER] ========================================
2026-08-16 13:58:04.706 | INFO | [BAMOE-CONNECTION-TESTER] [DB2] Testing DB2 connection...
2026-08-16 13:58:06.909 | INFO | [BAMOE-CONNECTION-TESTER] [DB2] Connection opened successfully
2026-08-16 13:58:07.014 | INFO | [BAMOE-CONNECTION-TESTER] [DB2] - DB2 CONNECTION SUCCESS | Ping query returned: 1 | DB2 is reachable and responding
2026-08-16 13:58:07.106 | INFO | [BAMOE-CONNECTION-TESTER] [KAFKA] Testing Kafka connection... | Broker=host.containers.internal:9092
2026-08-16 13:58:07.219 | ERROR | [BAMOE-CONNECTION-TESTER] [KAFKA] - KAFKA BROKER CONNECTION FAILED | Broker=host.containers.internal:9092 | Reason=Failed to create new KafkaAdminClient | Check: broker IP and port in application.properties
2026-08-16 13:58:07.221 | INFO | [BAMOE-CONNECTION-TESTER] ========================================
2026-08-16 13:58:07.223 | INFO | [BAMOE-CONNECTION-TESTER] Connection tests completed.
2026-08-16 13:58:07.225 | INFO | [BAMOE-CONNECTION-TESTER] ========================================
2026-08-16 13:58:07.227 | INFO | [APP READY] Application started - BAMOE Camel route active
2026-08-16 13:58:07.229 | INFO | [APP READY] Listening for BAMOE requests on: POST http://vmdevtestrhelaro01.dcss.gov:8080/bamoe/execute-query
2026-08-16 13:59:00.425 | INFO | [BAMOE-CAMEL-DB2-INSERT] STEP 1 - HTTP POST Request Received from BAMOE | Body={
  "queryId": "insertMonthlyIncome",
  "params": {
    "GDELN_CALC_MO_INC_RSLT_ID": 3,
    "MO_NET_DISP_INC_AMT": 4500.00,
    "MO_GROSS_INC_AMT": 5000.00,
    "FED_TAX_LIABL_AMT": 300.00,
    "ST_TAX_LIABL_AMT": 150.00,
    "ROW_VERS_ID": 1,
    "FICA_AMT": 382.50,
    "CASDI_AMT": 45.00,
    "SELF_EMPL_TAX_AMT": 0.00,
    "MO_TAX_GROSS_INC_AMT": 5000.00,
    "MO_NON_TAX_GROSS_INC_AMT": 0.00,
    "MO_FED_ADJ_GROSS_INC_AMT": 4700.00,
    "MO_FED_TAX_INC_AMT": 4400.00,
    "ROW_CREAT_USER": "araghuna",
    "ROW_UPDATE_USER": "araghuna",
    "ROW_CREAT_TS": "2026-08-14 17:00:00",
    "ROW_UPDATE_TS": "2026-08-14 17:00:00"
  }
}
2026-08-16 13:59:00.427 | INFO | [BAMOE-CAMEL-DB2-INSERT] STEP 1 - Parsed successfully | queryId=insertMonthlyIncome | caseExtId=null
2026-08-16 13:59:01.037 | ERROR | [BAMOE-CAMEL-DB2] Failed to publish to Kafka | Topic=bamoe-event-publish | Reason=Failed to create Producer for endpoint: kafka://bamoe-event-publish?brokers=host.containers.internal%3A9092&deliveryTimeoutMs=5000&maxBlockMs=3000&requestTimeoutMs=3000&retries=3. Reason: org.apache.kafka.common.KafkaException: Failed to construct kafka producer
2026-08-16 13:59:01.041 | INFO | [BAMOE-CAMEL-DB2-INSERT] STEP 2 - Kafka REQUEST event published | Topic=bamoe-event-publish | queryId=insertMonthlyIncome | caseExtId=null
2026-08-16 13:59:01.047 | INFO | [BAMOE-CAMEL-DB2-INSERT] STEP 3 - Calling CamelDb2Connector | queryId=insertMonthlyIncome | caseExtId=null
2026-08-16 13:59:01.051 | INFO | [BAMOE-CAMEL-DB2-CONNECTOR] Opening DB2 connection for INSERT | Query=INSERT INTO CSE1DV01.ARAGHUNA.GUIDELINE_CALCULATION_MONTHLY_INCOME_RESULT (GDELN_CALC_MO_INC_RSLT_ID, MO_NET_DISP_INC_AMT, MO_GROSS_INC_AMT, FED_TAX_LIABL_AMT, ST_TAX_LIABL_AMT, ROW_VERS_ID, FICA_AMT, CASDI_AMT, SELF_EMPL_TAX_AMT, MO_TAX_GROSS_INC_AMT, MO_NON_TAX_GROSS_INC_AMT, MO_FED_ADJ_GROSS_INC_AMT, MO_FED_TAX_INC_AMT, ROW_CREAT_USER, ROW_UPDATE_USER, ROW_CREAT_TS, ROW_UPDATE_TS) VALUES (?, ?, ?, ?, ?, ?, ?, ?, ?, ?, ?, ?, ?, ?, ?, ?, ?) | Params=[, , , , , , , ]
2026-08-16 13:59:01.811 | INFO | [BAMOE-CAMEL-DB2-CONNECTOR] DB2 connection acquired | AutoCommit=true
2026-08-16 13:59:01.906 | INFO | [BAMOE-CAMEL-DB2-CONNECTOR] Executing DB2 INSERT | SQL=INSERT INTO CSE1DV01.ARAGHUNA.GUIDELINE_CALCULATION_MONTHLY_INCOME_RESULT (GDELN_CALC_MO_INC_RSLT_ID, MO_NET_DISP_INC_AMT, MO_GROSS_INC_AMT, FED_TAX_LIABL_AMT, ST_TAX_LIABL_AMT, ROW_VERS_ID, FICA_AMT, CASDI_AMT, SELF_EMPL_TAX_AMT, MO_TAX_GROSS_INC_AMT, MO_NON_TAX_GROSS_INC_AMT, MO_FED_ADJ_GROSS_INC_AMT, MO_FED_TAX_INC_AMT, ROW_CREAT_USER, ROW_UPDATE_USER, ROW_CREAT_TS, ROW_UPDATE_TS) VALUES (?, ?, ?, ?, ?, ?, ?, ?, ?, ?, ?, ?, ?, ?, ?, ?, ?)
2026-08-16 13:59:02.182 | ERROR | [BAMOE-CAMEL-DB2-CONNECTOR] DB2 SQL EXCEPTION | caseId=INSERT | SQLState=07001 | ErrorCode=-313 | DurationMs=950 | Message=The number of variables in the EXECUTE statement, the number of variables in the OPEN statement, or the number of arguments in an OPEN statement for a parameterized cursor is not equal to the number of values required.. SQLCODE=-313, SQLSTATE=07001, DRIVER=4.33.31
2026-08-16 13:59:02.277 | INFO | [BAMOE-CAMEL-DB2-CONNECTOR] DB2 connection closed | caseId=INSERT
2026-08-16 13:59:02.284 | ERROR | [BAMOE-CAMEL-DB2-INSERT] ROUTE FAILED | queryId=insertMonthlyIncome | Reason=DB2 INSERT failed | SQLState=07001 | ErrorCode=-313 | Message=The number of variables in the EXECUTE statement, the number of variables in the OPEN statement, or the number of arguments in an OPEN statement for a parameterized cursor is not equal to the number of values required.. SQLCODE=-313, SQLSTATE=07001, DRIVER=4.33.31 | DurationMs=1854
2026-08-16 13:59:02.295 | ERROR | [BAMOE-CAMEL-DB2] Failed to publish to Kafka | Topic=orch-engine-error-log | Reason=Failed to create Producer for endpoint: kafka://orch-engine-error-log?brokers=host.containers.internal%3A9092&deliveryTimeoutMs=5000&maxBlockMs=3000&requestTimeoutMs=3000&retries=3. Reason: org.apache.kafka.common.KafkaException: Failed to construct kafka producer
2026-08-16 15:14:55.122 | INFO | [APP STARTUP] Bouncy Castle provider inserted
2026-08-16 15:14:59.925 | INFO | [CREDENTIALS-CONFIG] DB2 credentials loaded from file: C:/bamoe-dev/db2-credentials.properties
2026-08-16 15:15:00.014 | INFO | [BAMOE-CAMEL-DB2-CONNECTOR-CONFIG] Registering caseDb2DataSource bean | Server=vmdevtestdboltp02 | Port=60026 | Database=CSE1DV01 | SSL=true | TrustStore=C:/Users/ARagunathan/dcss-truststore.jks
2026-08-16 15:15:00.583 | INFO | [BAMOE-CAMEL-DB2-CONNECTOR-CONFIG] caseDb2DataSource bean registered successfully
2026-08-16 15:15:00.661 | INFO | [BAMOE-CAMEL-DB2-CONNECTOR] CamelDb2Connector initialized | DataSource=caseDb2DataSource
2026-08-16 15:15:00.675 | INFO | [BAMOE-CAMEL-QUERY-REGISTRY] Query loaded | QueryId=insertTestLog
2026-08-16 15:15:00.679 | INFO | [BAMOE-CAMEL-QUERY-REGISTRY] Query loaded | QueryId=insertMonthlyIncome
2026-08-16 15:15:00.681 | INFO | [BAMOE-CAMEL-QUERY-REGISTRY] Query loaded | QueryId=caseTeam
2026-08-16 15:15:00.682 | INFO | [BAMOE-CAMEL-QUERY-REGISTRY] Query loaded | QueryId=caseLookup
2026-08-16 15:15:00.684 | INFO | [BAMOE-CAMEL-QUERY-REGISTRY] Query registry initialized | Source=query-registry.properties | AvailableQueryIds=[insertTestLog, insertMonthlyIncome, caseTeam, caseLookup]
2026-08-16 15:15:02.622 | INFO | [BAMOE-CONNECTION-TESTER] ========================================
2026-08-16 15:15:02.623 | INFO | [BAMOE-CONNECTION-TESTER] Running startup connection tests...
2026-08-16 15:15:02.625 | INFO | [BAMOE-CONNECTION-TESTER] ========================================
2026-08-16 15:15:02.627 | INFO | [BAMOE-CONNECTION-TESTER] [DB2] Testing DB2 connection...
2026-08-16 15:15:04.785 | INFO | [BAMOE-CONNECTION-TESTER] [DB2] Connection opened successfully
2026-08-16 15:15:04.894 | INFO | [BAMOE-CONNECTION-TESTER] [DB2] - DB2 CONNECTION SUCCESS | Ping query returned: 1 | DB2 is reachable and responding
2026-08-16 15:15:04.986 | INFO | [BAMOE-CONNECTION-TESTER] [KAFKA] Testing Kafka connection... | Broker=host.containers.internal:9092
2026-08-16 15:15:05.094 | ERROR | [BAMOE-CONNECTION-TESTER] [KAFKA] - KAFKA BROKER CONNECTION FAILED | Broker=host.containers.internal:9092 | Reason=Failed to create new KafkaAdminClient | Check: broker IP and port in application.properties
2026-08-16 15:15:05.096 | INFO | [BAMOE-CONNECTION-TESTER] ========================================
2026-08-16 15:15:05.096 | INFO | [BAMOE-CONNECTION-TESTER] Connection tests completed.
2026-08-16 15:15:05.098 | INFO | [BAMOE-CONNECTION-TESTER] ========================================
2026-08-16 15:15:05.102 | INFO | [APP READY] Application started - BAMOE Camel route active
2026-08-16 15:15:05.102 | INFO | [APP READY] Listening for BAMOE requests on: POST http://vmdevtestrhelaro01.dcss.gov:8080/bamoe/execute-query
2026-08-16 15:15:41.429 | INFO | [BAMOE-CAMEL-DB2-INSERT] STEP 1 - HTTP POST Request Received | Body={
  "queryId": "insertMonthlyIncome",
  "params": {
    "GDELN_CALC_MO_INC_RSLT_ID": 3,
    "MO_NET_DISP_INC_AMT": 4500.00,
    "MO_GROSS_INC_AMT": 5000.00,
    "FED_TAX_LIABL_AMT": 300.00,
    "ST_TAX_LIABL_AMT": 150.00,
    "ROW_VERS_ID": 1,
    "FICA_AMT": 382.50,
    "CASDI_AMT": 45.00,
    "SELF_EMPL_TAX_AMT": 0.00,
    "MO_TAX_GROSS_INC_AMT": 5000.00,
    "MO_NON_TAX_GROSS_INC_AMT": 0.00,
    "MO_FED_ADJ_GROSS_INC_AMT": 4700.00,
    "MO_FED_TAX_INC_AMT": 4400.00,
    "ROW_CREAT_USER": "araghuna",
    "ROW_UPDATE_USER": "araghuna",
    "ROW_CREAT_TS": "2026-08-14 17:00:00",
    "ROW_UPDATE_TS": "2026-08-14 17:00:00"
  }
}
2026-08-16 15:15:41.512 | INFO | [BAMOE-CAMEL-DB2-INSERT] STEP 1 - Parsed successfully | queryId=insertMonthlyIncome | ParameterCount=17
2026-08-16 15:15:42.176 | ERROR | [BAMOE-CAMEL-DB2] Failed to publish to Kafka | Topic=bamoe-event-publish | Reason=Failed to create Producer for endpoint: kafka://bamoe-event-publish?brokers=host.containers.internal%3A9092&deliveryTimeoutMs=5000&maxBlockMs=3000&requestTimeoutMs=3000&retries=3. Reason: org.apache.kafka.common.KafkaException: Failed to construct kafka producer
2026-08-16 15:15:42.178 | INFO | [BAMOE-CAMEL-DB2-INSERT] STEP 2 - Kafka REQUEST event published | Topic=bamoe-event-publish | queryId=insertMonthlyIncome
2026-08-16 15:15:42.189 | INFO | [BAMOE-CAMEL-DB2-INSERT] STEP 3 - Calling CamelDb2Connector | queryId=insertMonthlyIncome
2026-08-16 15:15:42.194 | INFO | [BAMOE-CAMEL-DB2-CONNECTOR] Opening DB2 connection for INSERT | SQL=INSERT INTO CSE1DV01.ARAGHUNA.GUIDELINE_CALCULATION_MONTHLY_INCOME_RESULT (GDELN_CALC_MO_INC_RSLT_ID, MO_NET_DISP_INC_AMT, MO_GROSS_INC_AMT, FED_TAX_LIABL_AMT, ST_TAX_LIABL_AMT, ROW_VERS_ID, FICA_AMT, CASDI_AMT, SELF_EMPL_TAX_AMT, MO_TAX_GROSS_INC_AMT, MO_NON_TAX_GROSS_INC_AMT, MO_FED_ADJ_GROSS_INC_AMT, MO_FED_TAX_INC_AMT, ROW_CREAT_USER, ROW_UPDATE_USER, ROW_CREAT_TS, ROW_UPDATE_TS) VALUES (?, ?, ?, ?, ?, ?, ?, ?, ?, ?, ?, ?, ?, ?, ?, ?, ?) | ParameterCount=17
2026-08-16 15:15:42.901 | INFO | [BAMOE-CAMEL-DB2-CONNECTOR] DB2 connection acquired | AutoCommit=true
2026-08-16 15:15:42.906 | INFO | [BAMOE-CAMEL-DB2-CONNECTOR] INSERT parameter bound | Position=1 | Column=GDELN_CALC_MO_INC_RSLT_ID | JavaType=Integer
2026-08-16 15:15:42.908 | INFO | [BAMOE-CAMEL-DB2-CONNECTOR] INSERT parameter bound | Position=2 | Column=MO_NET_DISP_INC_AMT | JavaType=Double
2026-08-16 15:15:42.909 | INFO | [BAMOE-CAMEL-DB2-CONNECTOR] INSERT parameter bound | Position=3 | Column=MO_GROSS_INC_AMT | JavaType=Double
2026-08-16 15:15:42.910 | INFO | [BAMOE-CAMEL-DB2-CONNECTOR] INSERT parameter bound | Position=4 | Column=FED_TAX_LIABL_AMT | JavaType=Double
2026-08-16 15:15:42.911 | INFO | [BAMOE-CAMEL-DB2-CONNECTOR] INSERT parameter bound | Position=5 | Column=ST_TAX_LIABL_AMT | JavaType=Double
2026-08-16 15:15:42.912 | INFO | [BAMOE-CAMEL-DB2-CONNECTOR] INSERT parameter bound | Position=6 | Column=ROW_VERS_ID | JavaType=Integer
2026-08-16 15:15:42.913 | INFO | [BAMOE-CAMEL-DB2-CONNECTOR] INSERT parameter bound | Position=7 | Column=FICA_AMT | JavaType=Double
2026-08-16 15:15:42.914 | INFO | [BAMOE-CAMEL-DB2-CONNECTOR] INSERT parameter bound | Position=8 | Column=CASDI_AMT | JavaType=Double
2026-08-16 15:15:42.915 | INFO | [BAMOE-CAMEL-DB2-CONNECTOR] INSERT parameter bound | Position=9 | Column=SELF_EMPL_TAX_AMT | JavaType=Double
2026-08-16 15:15:42.917 | INFO | [BAMOE-CAMEL-DB2-CONNECTOR] INSERT parameter bound | Position=10 | Column=MO_TAX_GROSS_INC_AMT | JavaType=Double
2026-08-16 15:15:42.918 | INFO | [BAMOE-CAMEL-DB2-CONNECTOR] INSERT parameter bound | Position=11 | Column=MO_NON_TAX_GROSS_INC_AMT | JavaType=Double
2026-08-16 15:15:42.920 | INFO | [BAMOE-CAMEL-DB2-CONNECTOR] INSERT parameter bound | Position=12 | Column=MO_FED_ADJ_GROSS_INC_AMT | JavaType=Double
2026-08-16 15:15:42.921 | INFO | [BAMOE-CAMEL-DB2-CONNECTOR] INSERT parameter bound | Position=13 | Column=MO_FED_TAX_INC_AMT | JavaType=Double
2026-08-16 15:15:42.923 | INFO | [BAMOE-CAMEL-DB2-CONNECTOR] INSERT parameter bound | Position=14 | Column=ROW_CREAT_USER | JavaType=String
2026-08-16 15:15:42.924 | INFO | [BAMOE-CAMEL-DB2-CONNECTOR] INSERT parameter bound | Position=15 | Column=ROW_UPDATE_USER | JavaType=String
2026-08-16 15:15:42.925 | INFO | [BAMOE-CAMEL-DB2-CONNECTOR] INSERT parameter bound | Position=16 | Column=ROW_CREAT_TS | JavaType=String
2026-08-16 15:15:42.926 | INFO | [BAMOE-CAMEL-DB2-CONNECTOR] INSERT parameter bound | Position=17 | Column=ROW_UPDATE_TS | JavaType=String
2026-08-16 15:15:42.927 | INFO | [BAMOE-CAMEL-DB2-CONNECTOR] Executing DB2 INSERT | SQL=INSERT INTO CSE1DV01.ARAGHUNA.GUIDELINE_CALCULATION_MONTHLY_INCOME_RESULT (GDELN_CALC_MO_INC_RSLT_ID, MO_NET_DISP_INC_AMT, MO_GROSS_INC_AMT, FED_TAX_LIABL_AMT, ST_TAX_LIABL_AMT, ROW_VERS_ID, FICA_AMT, CASDI_AMT, SELF_EMPL_TAX_AMT, MO_TAX_GROSS_INC_AMT, MO_NON_TAX_GROSS_INC_AMT, MO_FED_ADJ_GROSS_INC_AMT, MO_FED_TAX_INC_AMT, ROW_CREAT_USER, ROW_UPDATE_USER, ROW_CREAT_TS, ROW_UPDATE_TS) VALUES (?, ?, ?, ?, ?, ?, ?, ?, ?, ?, ?, ?, ?, ?, ?, ?, ?)
2026-08-16 15:15:43.024 | INFO | [BAMOE-CAMEL-DB2-CONNECTOR] DB2 INSERT successful | RowsInserted=1 | DurationMs=829
2026-08-16 15:15:43.026 | INFO | [BAMOE-CAMEL-DB2-CONNECTOR] DB2 connection closed | Operation=INSERT
2026-08-16 15:15:43.028 | INFO | [BAMOE-CAMEL-DB2-INSERT] STEP 3 - DB2 INSERT complete | queryId=insertMonthlyIncome | RowsInserted=1
2026-08-16 15:15:43.029 | INFO | [BAMOE-CAMEL-DB2-INSERT] STEP 4 - JSON Response built | queryId=insertMonthlyIncome | RowsInserted=1
2026-08-16 15:15:43.038 | ERROR | [BAMOE-CAMEL-DB2] Failed to publish to Kafka | Topic=bamoe-event-publish | Reason=Failed to create Producer for endpoint: kafka://bamoe-event-publish?brokers=host.containers.internal%3A9092&deliveryTimeoutMs=5000&maxBlockMs=3000&requestTimeoutMs=3000&retries=3. Reason: org.apache.kafka.common.KafkaException: Failed to construct kafka producer
2026-08-16 15:15:43.044 | INFO | [BAMOE-CAMEL-DB2-INSERT] STEP 5 - Published SUCCESS event to Kafka | Topic=bamoe-event-publish | queryId=insertMonthlyIncome | RowsInserted=1 | DurationMs=1601
2026-08-16 15:15:43.047 | INFO | [BAMOE-CAMEL-DB2-INSERT] ROUTE COMPLETE | queryId=insertMonthlyIncome | DurationMs=1601
2026-08-16 15:27:17.078 | INFO | [BAMOE-CAMEL-DB2-INSERT] STEP 1 - HTTP POST Request Received | Body={
  "queryId": "insertTestLog",
  "params": {
    "CASE_EXTID": "CASE-TEST-001",
    "FIRST_NM": "John",
    "LAST_NM": "Smith",
    "ROLE_CD": "CUS",
    "ACTION_TYPE": "INSERT",
    "CREATED_BY": "araghuna",
    "STATUS_CD": "ACT",
    "REMARKS": "Test insert from Postman"
  }
}
2026-08-16 15:27:17.083 | INFO | [BAMOE-CAMEL-DB2-INSERT] STEP 1 - Parsed successfully | queryId=insertTestLog | ParameterCount=8
2026-08-16 15:27:17.168 | ERROR | [BAMOE-CAMEL-DB2] Failed to publish to Kafka | Topic=bamoe-event-publish | Reason=Failed to create Producer for endpoint: kafka://bamoe-event-publish?brokers=host.containers.internal%3A9092&deliveryTimeoutMs=5000&maxBlockMs=3000&requestTimeoutMs=3000&retries=3. Reason: org.apache.kafka.common.KafkaException: Failed to construct kafka producer
2026-08-16 15:27:17.171 | INFO | [BAMOE-CAMEL-DB2-INSERT] STEP 2 - Kafka REQUEST event published | Topic=bamoe-event-publish | queryId=insertTestLog
2026-08-16 15:27:17.173 | INFO | [BAMOE-CAMEL-DB2-INSERT] STEP 3 - Calling CamelDb2Connector | queryId=insertTestLog
2026-08-16 15:27:17.176 | INFO | [BAMOE-CAMEL-DB2-CONNECTOR] Opening DB2 connection for INSERT | SQL=INSERT INTO CAMEL_TEST_LOG (CASE_EXTID, FIRST_NM, LAST_NM, ROLE_CD, ACTION_TYPE, CREATED_BY, STATUS_CD, REMARKS) VALUES (?, ?, ?, ?, ?, ?, ?, ?) | ParameterCount=8
2026-08-16 15:27:17.876 | INFO | [BAMOE-CAMEL-DB2-CONNECTOR] DB2 connection acquired | AutoCommit=true
2026-08-16 15:27:17.884 | INFO | [BAMOE-CAMEL-DB2-CONNECTOR] INSERT parameter bound | Position=1 | Column=CASE_EXTID | JavaType=String
2026-08-16 15:27:17.903 | INFO | [BAMOE-CAMEL-DB2-CONNECTOR] INSERT parameter bound | Position=2 | Column=FIRST_NM | JavaType=String
2026-08-16 15:27:17.913 | INFO | [BAMOE-CAMEL-DB2-CONNECTOR] INSERT parameter bound | Position=3 | Column=LAST_NM | JavaType=String
2026-08-16 15:27:17.952 | INFO | [BAMOE-CAMEL-DB2-CONNECTOR] INSERT parameter bound | Position=4 | Column=ROLE_CD | JavaType=String
2026-08-16 15:27:17.980 | INFO | [BAMOE-CAMEL-DB2-CONNECTOR] INSERT parameter bound | Position=5 | Column=ACTION_TYPE | JavaType=String
2026-08-16 15:27:17.992 | INFO | [BAMOE-CAMEL-DB2-CONNECTOR] INSERT parameter bound | Position=6 | Column=CREATED_BY | JavaType=String
2026-08-16 15:27:18.003 | INFO | [BAMOE-CAMEL-DB2-CONNECTOR] INSERT parameter bound | Position=7 | Column=STATUS_CD | JavaType=String
2026-08-16 15:27:18.017 | INFO | [BAMOE-CAMEL-DB2-CONNECTOR] INSERT parameter bound | Position=8 | Column=REMARKS | JavaType=String
2026-08-16 15:27:18.033 | INFO | [BAMOE-CAMEL-DB2-CONNECTOR] Executing DB2 INSERT | SQL=INSERT INTO CAMEL_TEST_LOG (CASE_EXTID, FIRST_NM, LAST_NM, ROLE_CD, ACTION_TYPE, CREATED_BY, STATUS_CD, REMARKS) VALUES (?, ?, ?, ?, ?, ?, ?, ?)
2026-08-16 15:27:18.139 | INFO | [BAMOE-CAMEL-DB2-CONNECTOR] DB2 INSERT successful | RowsInserted=1 | DurationMs=963
2026-08-16 15:27:18.141 | INFO | [BAMOE-CAMEL-DB2-CONNECTOR] DB2 connection closed | Operation=INSERT
2026-08-16 15:27:18.144 | INFO | [BAMOE-CAMEL-DB2-INSERT] STEP 3 - DB2 INSERT complete | queryId=insertTestLog | RowsInserted=1
2026-08-16 15:27:18.146 | INFO | [BAMOE-CAMEL-DB2-INSERT] STEP 4 - JSON Response built | queryId=insertTestLog | RowsInserted=1
2026-08-16 15:27:18.183 | ERROR | [BAMOE-CAMEL-DB2] Failed to publish to Kafka | Topic=bamoe-event-publish | Reason=Failed to create Producer for endpoint: kafka://bamoe-event-publish?brokers=host.containers.internal%3A9092&deliveryTimeoutMs=5000&maxBlockMs=3000&requestTimeoutMs=3000&retries=3. Reason: org.apache.kafka.common.KafkaException: Failed to construct kafka producer
2026-08-16 15:27:18.190 | INFO | [BAMOE-CAMEL-DB2-INSERT] STEP 5 - Published SUCCESS event to Kafka | Topic=bamoe-event-publish | queryId=insertTestLog | RowsInserted=1 | DurationMs=1068
2026-08-16 15:27:18.195 | INFO | [BAMOE-CAMEL-DB2-INSERT] ROUTE COMPLETE | queryId=insertTestLog | DurationMs=1068
2026-08-17 14:57:20.023 | INFO | [APP STARTUP] Bouncy Castle provider inserted
2026-08-17 14:57:24.119 | INFO | [CREDENTIALS-CONFIG] DB2 credentials loaded from file: C:/bamoe-dev/db2-credentials.properties
2026-08-17 14:57:24.135 | INFO | [BAMOE-CAMEL-DB2-CONNECTOR-CONFIG] Registering caseDb2DataSource bean | Server=vmdevtestdboltp02 | Port=60026 | Database=CSE1DV01 | SSL=true | TrustStore=C:/Users/ARagunathan/dcss-truststore.jks
2026-08-17 14:57:24.330 | INFO | [BAMOE-CAMEL-DB2-CONNECTOR-CONFIG] caseDb2DataSource bean registered successfully
2026-08-17 14:57:24.374 | INFO | [BAMOE-CAMEL-DB2-CONNECTOR] CamelDb2Connector initialized | DataSource=caseDb2DataSource
2026-08-17 14:57:24.379 | INFO | [BAMOE-CAMEL-QUERY-REGISTRY] Query loaded | QueryId=insertTestLog
2026-08-17 14:57:24.381 | INFO | [BAMOE-CAMEL-QUERY-REGISTRY] Query loaded | QueryId=GCinsertGuidelineCalculationTaxInformation
2026-08-17 14:57:24.382 | INFO | [BAMOE-CAMEL-QUERY-REGISTRY] Query loaded | QueryId=GCinsertMonthlyIncome
2026-08-17 14:57:24.383 | INFO | [BAMOE-CAMEL-QUERY-REGISTRY] Query loaded | QueryId=insertMonthlyIncome
2026-08-17 14:57:24.384 | INFO | [BAMOE-CAMEL-QUERY-REGISTRY] Query loaded | QueryId=caseTeam
2026-08-17 14:57:24.386 | INFO | [BAMOE-CAMEL-QUERY-REGISTRY] Query loaded | QueryId=GCinsertCaseParticipantGuidelineCalculation
2026-08-17 14:57:24.387 | INFO | [BAMOE-CAMEL-QUERY-REGISTRY] Query loaded | QueryId=GCinsertMonthlyDeduction
2026-08-17 14:57:24.389 | INFO | [BAMOE-CAMEL-QUERY-REGISTRY] Query loaded | QueryId=caseLookup
2026-08-17 14:57:24.390 | INFO | [BAMOE-CAMEL-QUERY-REGISTRY] Query loaded | QueryId=GCinsertMonthlyIncomeResult
2026-08-17 14:57:24.391 | INFO | [BAMOE-CAMEL-QUERY-REGISTRY] Query loaded | QueryId=GCinsertGuidelineCalculation
2026-08-17 14:57:24.393 | INFO | [BAMOE-CAMEL-QUERY-REGISTRY] Query registry initialized | Source=query-registry.properties | AvailableQueryIds=[insertTestLog, GCinsertGuidelineCalculationTaxInformation, GCinsertMonthlyIncome, insertMonthlyIncome, caseTeam, GCinsertCaseParticipantGuidelineCalculation, GCinsertMonthlyDeduction, caseLookup, GCinsertMonthlyIncomeResult, GCinsertGuidelineCalculation]
2026-08-17 14:57:25.726 | INFO | [BAMOE-CONNECTION-TESTER] ========================================
2026-08-17 14:57:25.727 | INFO | [BAMOE-CONNECTION-TESTER] Running startup connection tests...
2026-08-17 14:57:25.729 | INFO | [BAMOE-CONNECTION-TESTER] ========================================
2026-08-17 14:57:25.730 | INFO | [BAMOE-CONNECTION-TESTER] [DB2] Testing DB2 connection...
2026-08-17 14:57:29.988 | ERROR | [BAMOE-CONNECTION-TESTER] [DB2] - DB2 CONNECTION FAILED | Reason=[jcc][t4][2013][11249][4.33.31] Connection authorization failure occurred.  Reason: User ID or Password invalid. ERRORCODE=-4214, SQLSTATE=28000 | Check: server, port, username, password in application.properties
2026-08-17 14:57:29.997 | INFO | [BAMOE-CONNECTION-TESTER] [KAFKA] Testing Kafka connection... | Broker=host.containers.internal:9092
2026-08-17 14:57:30.090 | ERROR | [BAMOE-CONNECTION-TESTER] [KAFKA] - KAFKA BROKER CONNECTION FAILED | Broker=host.containers.internal:9092 | Reason=Failed to create new KafkaAdminClient | Check: broker IP and port in application.properties
2026-08-17 14:57:30.091 | INFO | [BAMOE-CONNECTION-TESTER] ========================================
2026-08-17 14:57:30.093 | INFO | [BAMOE-CONNECTION-TESTER] Connection tests completed.
2026-08-17 14:57:30.095 | INFO | [BAMOE-CONNECTION-TESTER] ========================================
2026-08-17 14:57:30.096 | INFO | [APP READY] Application started - BAMOE Camel route active
2026-08-17 14:57:30.097 | INFO | [APP READY] Listening for BAMOE requests on: POST http://vmdevtestrhelaro01.dcss.gov:8080/bamoe/execute-query
2026-08-17 14:58:21.673 | INFO | [APP STARTUP] Bouncy Castle provider inserted
2026-08-17 14:58:25.051 | INFO | [CREDENTIALS-CONFIG] DB2 credentials loaded from file: C:/bamoe-dev/db2-credentials.properties
2026-08-17 14:58:25.065 | INFO | [BAMOE-CAMEL-DB2-CONNECTOR-CONFIG] Registering caseDb2DataSource bean | Server=vmdevtestdboltp02 | Port=60026 | Database=CSE1DV01 | SSL=true | TrustStore=C:/Users/ARagunathan/dcss-truststore.jks
2026-08-17 14:58:25.263 | INFO | [BAMOE-CAMEL-DB2-CONNECTOR-CONFIG] caseDb2DataSource bean registered successfully
2026-08-17 14:58:25.308 | INFO | [BAMOE-CAMEL-DB2-CONNECTOR] CamelDb2Connector initialized | DataSource=caseDb2DataSource
2026-08-17 14:58:25.315 | INFO | [BAMOE-CAMEL-QUERY-REGISTRY] Query loaded | QueryId=insertTestLog
2026-08-17 14:58:25.316 | INFO | [BAMOE-CAMEL-QUERY-REGISTRY] Query loaded | QueryId=GCinsertGuidelineCalculationTaxInformation
2026-08-17 14:58:25.319 | INFO | [BAMOE-CAMEL-QUERY-REGISTRY] Query loaded | QueryId=GCinsertMonthlyIncome
2026-08-17 14:58:25.321 | INFO | [BAMOE-CAMEL-QUERY-REGISTRY] Query loaded | QueryId=insertMonthlyIncome
2026-08-17 14:58:25.322 | INFO | [BAMOE-CAMEL-QUERY-REGISTRY] Query loaded | QueryId=caseTeam
2026-08-17 14:58:25.323 | INFO | [BAMOE-CAMEL-QUERY-REGISTRY] Query loaded | QueryId=GCinsertCaseParticipantGuidelineCalculation
2026-08-17 14:58:25.325 | INFO | [BAMOE-CAMEL-QUERY-REGISTRY] Query loaded | QueryId=GCinsertMonthlyDeduction
2026-08-17 14:58:25.326 | INFO | [BAMOE-CAMEL-QUERY-REGISTRY] Query loaded | QueryId=caseLookup
2026-08-17 14:58:25.327 | INFO | [BAMOE-CAMEL-QUERY-REGISTRY] Query loaded | QueryId=GCinsertMonthlyIncomeResult
2026-08-17 14:58:25.328 | INFO | [BAMOE-CAMEL-QUERY-REGISTRY] Query loaded | QueryId=GCinsertGuidelineCalculation
2026-08-17 14:58:25.329 | INFO | [BAMOE-CAMEL-QUERY-REGISTRY] Query registry initialized | Source=query-registry.properties | AvailableQueryIds=[insertTestLog, GCinsertGuidelineCalculationTaxInformation, GCinsertMonthlyIncome, insertMonthlyIncome, caseTeam, GCinsertCaseParticipantGuidelineCalculation, GCinsertMonthlyDeduction, caseLookup, GCinsertMonthlyIncomeResult, GCinsertGuidelineCalculation]
2026-08-17 14:58:26.746 | INFO | [BAMOE-CONNECTION-TESTER] ========================================
2026-08-17 14:58:26.748 | INFO | [BAMOE-CONNECTION-TESTER] Running startup connection tests...
2026-08-17 14:58:26.749 | INFO | [BAMOE-CONNECTION-TESTER] ========================================
2026-08-17 14:58:26.751 | INFO | [BAMOE-CONNECTION-TESTER] [DB2] Testing DB2 connection...
2026-08-17 14:58:28.891 | INFO | [BAMOE-CONNECTION-TESTER] [DB2] Connection opened successfully
2026-08-17 14:58:28.990 | INFO | [BAMOE-CONNECTION-TESTER] [DB2] - DB2 CONNECTION SUCCESS | Ping query returned: 1 | DB2 is reachable and responding
2026-08-17 14:58:29.075 | INFO | [BAMOE-CONNECTION-TESTER] [KAFKA] Testing Kafka connection... | Broker=host.containers.internal:9092
2026-08-17 14:58:29.154 | ERROR | [BAMOE-CONNECTION-TESTER] [KAFKA] - KAFKA BROKER CONNECTION FAILED | Broker=host.containers.internal:9092 | Reason=Failed to create new KafkaAdminClient | Check: broker IP and port in application.properties
2026-08-17 14:58:29.155 | INFO | [BAMOE-CONNECTION-TESTER] ========================================
2026-08-17 14:58:29.157 | INFO | [BAMOE-CONNECTION-TESTER] Connection tests completed.
2026-08-17 14:58:29.157 | INFO | [BAMOE-CONNECTION-TESTER] ========================================
2026-08-17 14:58:29.159 | INFO | [APP READY] Application started - BAMOE Camel route active
2026-08-17 14:58:29.160 | INFO | [APP READY] Listening for BAMOE requests on: POST http://vmdevtestrhelaro01.dcss.gov:8080/bamoe/execute-query
2026-08-17 14:59:17.085 | INFO | [BAMOE-CAMEL-DB2-INSERT] STEP 1 - HTTP POST Request Received | Body={
  "queryId": "GCinsertGuidelineCalculation",
  "params": {
    "ROW_VERS_ID": 1,
    "INC_TAX_YR": 2026,
    "STAT_CD": "ACT",
    "RESULT_TYPE": "CALC",
    "RSN_TXT": "Initial calculation",
    "SHOW_MAX_RSLTS_IND": "Y",
    "TIME_WITH_NCP_SAME_IND": "N",
    "ROW_CREAT_USER": "araghuna",
    "ROW_CREAT_TS": "2026-08-17 12:30:00"
  }
}
2026-08-17 14:59:17.158 | INFO | [BAMOE-CAMEL-DB2-INSERT] STEP 1 - Parsed successfully | queryId=GCinsertGuidelineCalculation | ParameterCount=9
2026-08-17 14:59:17.816 | ERROR | [BAMOE-CAMEL-DB2] Failed to publish to Kafka | Topic=bamoe-event-publish | Reason=Failed to create Producer for endpoint: kafka://bamoe-event-publish?brokers=host.containers.internal%3A9092&deliveryTimeoutMs=5000&maxBlockMs=3000&requestTimeoutMs=3000&retries=3. Reason: org.apache.kafka.common.KafkaException: Failed to construct kafka producer
2026-08-17 14:59:17.825 | INFO | [BAMOE-CAMEL-DB2-INSERT] STEP 2 - Kafka REQUEST event published | Topic=bamoe-event-publish | queryId=GCinsertGuidelineCalculation
2026-08-17 14:59:17.827 | INFO | [BAMOE-CAMEL-DB2-INSERT] STEP 3 - Calling CamelDb2Connector | queryId=GCinsertGuidelineCalculation
2026-08-17 14:59:17.829 | INFO | [BAMOE-CAMEL-DB2-CONNECTOR] Opening DB2 connection for INSERT | SQL=INSERT INTO CSE1DV01.ARAGHUNA.GUIDELINE_CALCULATION (ROW_VERS_ID, INC_TAX_YR, STAT_CD, RESULT_TYPE, RSN_TXT, SHOW_MAX_RSLTS_IND, TIME_WITH_NCP_SAME_IND, ROW_CREAT_USER, ROW_CREAT_TS) VALUES (?, ?, ?, ?, ?, ?, ?, ?, ?) | ParameterCount=9
2026-08-17 14:59:18.612 | INFO | [BAMOE-CAMEL-DB2-CONNECTOR] DB2 connection acquired | AutoCommit=true
2026-08-17 14:59:18.616 | INFO | [BAMOE-CAMEL-DB2-CONNECTOR] INSERT parameter bound | Position=1 | Column=ROW_VERS_ID | JavaType=Integer
2026-08-17 14:59:18.618 | INFO | [BAMOE-CAMEL-DB2-CONNECTOR] INSERT parameter bound | Position=2 | Column=INC_TAX_YR | JavaType=Integer
2026-08-17 14:59:18.619 | INFO | [BAMOE-CAMEL-DB2-CONNECTOR] INSERT parameter bound | Position=3 | Column=STAT_CD | JavaType=String
2026-08-17 14:59:18.621 | INFO | [BAMOE-CAMEL-DB2-CONNECTOR] INSERT parameter bound | Position=4 | Column=RESULT_TYPE | JavaType=String
2026-08-17 14:59:18.622 | INFO | [BAMOE-CAMEL-DB2-CONNECTOR] INSERT parameter bound | Position=5 | Column=RSN_TXT | JavaType=String
2026-08-17 14:59:18.623 | INFO | [BAMOE-CAMEL-DB2-CONNECTOR] INSERT parameter bound | Position=6 | Column=SHOW_MAX_RSLTS_IND | JavaType=String
2026-08-17 14:59:18.625 | INFO | [BAMOE-CAMEL-DB2-CONNECTOR] INSERT parameter bound | Position=7 | Column=TIME_WITH_NCP_SAME_IND | JavaType=String
2026-08-17 14:59:18.626 | INFO | [BAMOE-CAMEL-DB2-CONNECTOR] INSERT parameter bound | Position=8 | Column=ROW_CREAT_USER | JavaType=String
2026-08-17 14:59:18.628 | INFO | [BAMOE-CAMEL-DB2-CONNECTOR] INSERT parameter bound | Position=9 | Column=ROW_CREAT_TS | JavaType=String
2026-08-17 14:59:18.630 | INFO | [BAMOE-CAMEL-DB2-CONNECTOR] Executing DB2 INSERT | SQL=INSERT INTO CSE1DV01.ARAGHUNA.GUIDELINE_CALCULATION (ROW_VERS_ID, INC_TAX_YR, STAT_CD, RESULT_TYPE, RSN_TXT, SHOW_MAX_RSLTS_IND, TIME_WITH_NCP_SAME_IND, ROW_CREAT_USER, ROW_CREAT_TS) VALUES (?, ?, ?, ?, ?, ?, ?, ?, ?)
2026-08-17 14:59:18.790 | ERROR | [BAMOE-CAMEL-DB2-CONNECTOR] DB2 SQL EXCEPTION | Operation=INSERT | SQLState=42815 | ErrorCode=-4461 | DurationMs=952 | Message=[jcc][1091][10404][4.33.31] Invalid data conversion: Parameter instance Y is invalid for the requested conversion. ERRORCODE=-4461, SQLSTATE=42815
2026-08-17 14:59:18.796 | INFO | [BAMOE-CAMEL-DB2-CONNECTOR] DB2 connection closed | Operation=INSERT
2026-08-17 14:59:18.800 | ERROR | [BAMOE-CAMEL-DB2-INSERT] ROUTE FAILED | queryId=GCinsertGuidelineCalculation | Reason=DB2 INSERT failed | SQLState=42815 | ErrorCode=-4461 | Message=[jcc][1091][10404][4.33.31] Invalid data conversion: Parameter instance Y is invalid for the requested conversion. ERRORCODE=-4461, SQLSTATE=42815 | DurationMs=1712
2026-08-17 14:59:18.809 | ERROR | [BAMOE-CAMEL-DB2] Failed to publish to Kafka | Topic=orch-engine-error-log | Reason=Failed to create Producer for endpoint: kafka://orch-engine-error-log?brokers=host.containers.internal%3A9092&deliveryTimeoutMs=5000&maxBlockMs=3000&requestTimeoutMs=3000&retries=3. Reason: org.apache.kafka.common.KafkaException: Failed to construct kafka producer
2026-08-17 15:06:56.705 | INFO | [APP STARTUP] Bouncy Castle provider inserted
2026-08-17 15:07:00.091 | INFO | [CREDENTIALS-CONFIG] DB2 credentials loaded from file: C:/bamoe-dev/db2-credentials.properties
2026-08-17 15:07:00.105 | INFO | [BAMOE-CAMEL-DB2-CONNECTOR-CONFIG] Registering caseDb2DataSource bean | Server=vmdevtestdboltp02 | Port=60026 | Database=CSE1DV01 | SSL=true | TrustStore=C:/Users/ARagunathan/dcss-truststore.jks
2026-08-17 15:07:00.292 | INFO | [BAMOE-CAMEL-DB2-CONNECTOR-CONFIG] caseDb2DataSource bean registered successfully
2026-08-17 15:07:00.336 | INFO | [BAMOE-CAMEL-DB2-CONNECTOR] CamelDb2Connector initialized | DataSource=caseDb2DataSource
2026-08-17 15:07:00.343 | INFO | [BAMOE-CAMEL-QUERY-REGISTRY] Query loaded | QueryId=insertTestLog
2026-08-17 15:07:00.344 | INFO | [BAMOE-CAMEL-QUERY-REGISTRY] Query loaded | QueryId=GCinsertGuidelineCalculationTaxInformation
2026-08-17 15:07:00.345 | INFO | [BAMOE-CAMEL-QUERY-REGISTRY] Query loaded | QueryId=GCinsertMonthlyIncome
2026-08-17 15:07:00.347 | INFO | [BAMOE-CAMEL-QUERY-REGISTRY] Query loaded | QueryId=insertMonthlyIncome
2026-08-17 15:07:00.348 | INFO | [BAMOE-CAMEL-QUERY-REGISTRY] Query loaded | QueryId=caseTeam
2026-08-17 15:07:00.349 | INFO | [BAMOE-CAMEL-QUERY-REGISTRY] Query loaded | QueryId=GCinsertCaseParticipantGuidelineCalculation
2026-08-17 15:07:00.350 | INFO | [BAMOE-CAMEL-QUERY-REGISTRY] Query loaded | QueryId=GCinsertMonthlyDeduction
2026-08-17 15:07:00.352 | INFO | [BAMOE-CAMEL-QUERY-REGISTRY] Query loaded | QueryId=caseLookup
2026-08-17 15:07:00.354 | INFO | [BAMOE-CAMEL-QUERY-REGISTRY] Query loaded | QueryId=GCinsertMonthlyIncomeResult
2026-08-17 15:07:00.355 | INFO | [BAMOE-CAMEL-QUERY-REGISTRY] Query loaded | QueryId=GCinsertGuidelineCalculation
2026-08-17 15:07:00.356 | INFO | [BAMOE-CAMEL-QUERY-REGISTRY] Query registry initialized | Source=query-registry.properties | AvailableQueryIds=[insertTestLog, GCinsertGuidelineCalculationTaxInformation, GCinsertMonthlyIncome, insertMonthlyIncome, caseTeam, GCinsertCaseParticipantGuidelineCalculation, GCinsertMonthlyDeduction, caseLookup, GCinsertMonthlyIncomeResult, GCinsertGuidelineCalculation]
2026-08-17 15:07:01.851 | INFO | [BAMOE-CONNECTION-TESTER] ========================================
2026-08-17 15:07:01.853 | INFO | [BAMOE-CONNECTION-TESTER] Running startup connection tests...
2026-08-17 15:07:01.854 | INFO | [BAMOE-CONNECTION-TESTER] ========================================
2026-08-17 15:07:01.855 | INFO | [BAMOE-CONNECTION-TESTER] [DB2] Testing DB2 connection...
2026-08-17 15:07:04.036 | INFO | [BAMOE-CONNECTION-TESTER] [DB2] Connection opened successfully
2026-08-17 15:07:04.131 | INFO | [BAMOE-CONNECTION-TESTER] [DB2] - DB2 CONNECTION SUCCESS | Ping query returned: 1 | DB2 is reachable and responding
2026-08-17 15:07:04.215 | INFO | [BAMOE-CONNECTION-TESTER] [KAFKA] Testing Kafka connection... | Broker=host.containers.internal:9092
2026-08-17 15:07:04.316 | ERROR | [BAMOE-CONNECTION-TESTER] [KAFKA] - KAFKA BROKER CONNECTION FAILED | Broker=host.containers.internal:9092 | Reason=Failed to create new KafkaAdminClient | Check: broker IP and port in application.properties
2026-08-17 15:07:04.317 | INFO | [BAMOE-CONNECTION-TESTER] ========================================
2026-08-17 15:07:04.318 | INFO | [BAMOE-CONNECTION-TESTER] Connection tests completed.
2026-08-17 15:07:04.319 | INFO | [BAMOE-CONNECTION-TESTER] ========================================
2026-08-17 15:07:04.321 | INFO | [APP READY] Application started - BAMOE Camel route active
2026-08-17 15:07:04.324 | INFO | [APP READY] Listening for BAMOE requests on: POST http://vmdevtestrhelaro01.dcss.gov:8080/bamoe/execute-query
2026-08-17 15:07:15.965 | INFO | [BAMOE-CAMEL-DB2-INSERT] STEP 1 - HTTP POST Request Received | Body={
  "queryId": "GCinsertGuidelineCalculation",
  "params": {
    "ROW_VERS_ID": 1,
    "INC_TAX_YR": 2026,
    "STAT_CD": "ACT",
    "RESULT_TYPE": "CALC",
    "RSN_TXT": "Initial calculation",
    "SHOW_MAX_RSLTS_IND": "Y",
    "TIME_WITH_NCP_SAME_IND": "N",
    "ROW_CREAT_USER": "araghuna",
    "ROW_CREAT_TS": "2026-08-17 12:30:00"
  }
}
2026-08-17 15:07:16.047 | INFO | [BAMOE-CAMEL-DB2-INSERT] STEP 1 - Parsed successfully | queryId=GCinsertGuidelineCalculation | ParameterCount=9
2026-08-17 15:07:16.794 | ERROR | [BAMOE-CAMEL-DB2] Failed to publish to Kafka | Topic=bamoe-event-publish | Reason=Failed to create Producer for endpoint: kafka://bamoe-event-publish?brokers=host.containers.internal%3A9092&deliveryTimeoutMs=5000&maxBlockMs=3000&requestTimeoutMs=3000&retries=3. Reason: org.apache.kafka.common.KafkaException: Failed to construct kafka producer
2026-08-17 15:07:16.797 | INFO | [BAMOE-CAMEL-DB2-INSERT] STEP 2 - Kafka REQUEST event published | Topic=bamoe-event-publish | queryId=GCinsertGuidelineCalculation
2026-08-17 15:07:16.799 | INFO | [BAMOE-CAMEL-DB2-INSERT] STEP 3 - Calling CamelDb2Connector | queryId=GCinsertGuidelineCalculation
2026-08-17 15:07:16.800 | INFO | [BAMOE-CAMEL-DB2-CONNECTOR] Opening DB2 connection for INSERT | SQL=INSERT INTO CSE1DV01.ARAGHUNA.GUIDELINE_CALCULATION (GDELN_CALC_ID, INC_TAX_YR, STAT_CD, ROW_VERS_ID, RSN_TXT, TIME_WITH_NCP_SAME_IND, SHOW_MAX_RSLTS_IND, RESULT_TYPE) VALUES (?, ?, ?, ?, ?, ?, ?, ?) | ParameterCount=9
2026-08-17 15:07:17.623 | INFO | [BAMOE-CAMEL-DB2-CONNECTOR] DB2 connection acquired | AutoCommit=true
2026-08-17 15:07:17.625 | INFO | [BAMOE-CAMEL-DB2-CONNECTOR] DB2 connection closed | Operation=INSERT
2026-08-17 15:07:17.630 | ERROR | [BAMOE-CAMEL-DB2-INSERT] ROUTE FAILED | queryId=GCinsertGuidelineCalculation | Reason=INSERT parameter count mismatch. SQL expects 8 parameters but request contains 9 parameters. | DurationMs=1662
2026-08-17 15:07:17.640 | ERROR | [BAMOE-CAMEL-DB2] Failed to publish to Kafka | Topic=orch-engine-error-log | Reason=Failed to create Producer for endpoint: kafka://orch-engine-error-log?brokers=host.containers.internal%3A9092&deliveryTimeoutMs=5000&maxBlockMs=3000&requestTimeoutMs=3000&retries=3. Reason: org.apache.kafka.common.KafkaException: Failed to construct kafka producer
2026-08-17 15:08:15.191 | INFO | [BAMOE-CAMEL-DB2-INSERT] STEP 1 - HTTP POST Request Received | Body={
  "queryId": "GCinsertGuidelineCalculation",
  "params": {
    "GDELN_CALC_ID": 1001,
    "INC_TAX_YR": "2026",
    "STAT_CD": "ACT",
    "ROW_VERS_ID": 0,
    "RSN_TXT": "Initial calculation",
    "TIME_WITH_NCP_SAME_IND": 0,
    "SHOW_MAX_RSLTS_IND": 0,
    "RESULT_TYPE": "GDL"
  }
}
2026-08-17 15:08:15.223 | INFO | [BAMOE-CAMEL-DB2-INSERT] STEP 1 - Parsed successfully | queryId=GCinsertGuidelineCalculation | ParameterCount=8
2026-08-17 15:08:15.276 | ERROR | [BAMOE-CAMEL-DB2] Failed to publish to Kafka | Topic=bamoe-event-publish | Reason=Failed to create Producer for endpoint: kafka://bamoe-event-publish?brokers=host.containers.internal%3A9092&deliveryTimeoutMs=5000&maxBlockMs=3000&requestTimeoutMs=3000&retries=3. Reason: org.apache.kafka.common.KafkaException: Failed to construct kafka producer
2026-08-17 15:08:15.278 | INFO | [BAMOE-CAMEL-DB2-INSERT] STEP 2 - Kafka REQUEST event published | Topic=bamoe-event-publish | queryId=GCinsertGuidelineCalculation
2026-08-17 15:08:15.280 | INFO | [BAMOE-CAMEL-DB2-INSERT] STEP 3 - Calling CamelDb2Connector | queryId=GCinsertGuidelineCalculation
2026-08-17 15:08:15.283 | INFO | [BAMOE-CAMEL-DB2-CONNECTOR] Opening DB2 connection for INSERT | SQL=INSERT INTO CSE1DV01.ARAGHUNA.GUIDELINE_CALCULATION (GDELN_CALC_ID, INC_TAX_YR, STAT_CD, ROW_VERS_ID, RSN_TXT, TIME_WITH_NCP_SAME_IND, SHOW_MAX_RSLTS_IND, RESULT_TYPE) VALUES (?, ?, ?, ?, ?, ?, ?, ?) | ParameterCount=8
2026-08-17 15:08:15.999 | INFO | [BAMOE-CAMEL-DB2-CONNECTOR] DB2 connection acquired | AutoCommit=true
2026-08-17 15:08:16.004 | INFO | [BAMOE-CAMEL-DB2-CONNECTOR] INSERT parameter bound | Position=1 | Column=GDELN_CALC_ID | JavaType=Integer
2026-08-17 15:08:16.005 | INFO | [BAMOE-CAMEL-DB2-CONNECTOR] INSERT parameter bound | Position=2 | Column=INC_TAX_YR | JavaType=String
2026-08-17 15:08:16.006 | INFO | [BAMOE-CAMEL-DB2-CONNECTOR] INSERT parameter bound | Position=3 | Column=STAT_CD | JavaType=String
2026-08-17 15:08:16.007 | INFO | [BAMOE-CAMEL-DB2-CONNECTOR] INSERT parameter bound | Position=4 | Column=ROW_VERS_ID | JavaType=Integer
2026-08-17 15:08:16.009 | INFO | [BAMOE-CAMEL-DB2-CONNECTOR] INSERT parameter bound | Position=5 | Column=RSN_TXT | JavaType=String
2026-08-17 15:08:16.010 | INFO | [BAMOE-CAMEL-DB2-CONNECTOR] INSERT parameter bound | Position=6 | Column=TIME_WITH_NCP_SAME_IND | JavaType=Integer
2026-08-17 15:08:16.012 | INFO | [BAMOE-CAMEL-DB2-CONNECTOR] INSERT parameter bound | Position=7 | Column=SHOW_MAX_RSLTS_IND | JavaType=Integer
2026-08-17 15:08:16.014 | INFO | [BAMOE-CAMEL-DB2-CONNECTOR] INSERT parameter bound | Position=8 | Column=RESULT_TYPE | JavaType=String
2026-08-17 15:08:16.015 | INFO | [BAMOE-CAMEL-DB2-CONNECTOR] Executing DB2 INSERT | SQL=INSERT INTO CSE1DV01.ARAGHUNA.GUIDELINE_CALCULATION (GDELN_CALC_ID, INC_TAX_YR, STAT_CD, ROW_VERS_ID, RSN_TXT, TIME_WITH_NCP_SAME_IND, SHOW_MAX_RSLTS_IND, RESULT_TYPE) VALUES (?, ?, ?, ?, ?, ?, ?, ?)
2026-08-17 15:08:16.107 | INFO | [BAMOE-CAMEL-DB2-CONNECTOR] DB2 INSERT successful | RowsInserted=1 | DurationMs=822
2026-08-17 15:08:16.110 | INFO | [BAMOE-CAMEL-DB2-CONNECTOR] DB2 connection closed | Operation=INSERT
2026-08-17 15:08:16.111 | INFO | [BAMOE-CAMEL-DB2-INSERT] STEP 3 - DB2 INSERT complete | queryId=GCinsertGuidelineCalculation | RowsInserted=1
2026-08-17 15:08:16.112 | INFO | [BAMOE-CAMEL-DB2-INSERT] STEP 4 - JSON Response built | queryId=GCinsertGuidelineCalculation | RowsInserted=1
2026-08-17 15:08:16.128 | ERROR | [BAMOE-CAMEL-DB2] Failed to publish to Kafka | Topic=bamoe-event-publish | Reason=Failed to create Producer for endpoint: kafka://bamoe-event-publish?brokers=host.containers.internal%3A9092&deliveryTimeoutMs=5000&maxBlockMs=3000&requestTimeoutMs=3000&retries=3. Reason: org.apache.kafka.common.KafkaException: Failed to construct kafka producer
2026-08-17 15:08:16.131 | INFO | [BAMOE-CAMEL-DB2-INSERT] STEP 5 - Published SUCCESS event to Kafka | Topic=bamoe-event-publish | queryId=GCinsertGuidelineCalculation | RowsInserted=1 | DurationMs=921
2026-08-17 15:08:16.135 | INFO | [BAMOE-CAMEL-DB2-INSERT] ROUTE COMPLETE | queryId=GCinsertGuidelineCalculation | DurationMs=921
2026-08-17 15:14:20.337 | INFO | [APP STARTUP] Bouncy Castle provider inserted
2026-08-17 15:14:23.884 | INFO | [CREDENTIALS-CONFIG] DB2 credentials loaded from file: C:/bamoe-dev/db2-credentials.properties
2026-08-17 15:14:23.899 | INFO | [BAMOE-CAMEL-DB2-CONNECTOR-CONFIG] Registering caseDb2DataSource bean | Server=vmdevtestdboltp02 | Port=60026 | Database=CSE1DV01 | SSL=true | TrustStore=C:/Users/ARagunathan/dcss-truststore.jks
2026-08-17 15:14:24.125 | INFO | [BAMOE-CAMEL-DB2-CONNECTOR-CONFIG] caseDb2DataSource bean registered successfully
2026-08-17 15:14:24.194 | INFO | [BAMOE-CAMEL-DB2-CONNECTOR] CamelDb2Connector initialized | DataSource=caseDb2DataSource
2026-08-17 15:14:24.202 | INFO | [BAMOE-CAMEL-QUERY-REGISTRY] Query loaded | QueryId=insertTestLog
2026-08-17 15:14:24.203 | INFO | [BAMOE-CAMEL-QUERY-REGISTRY] Query loaded | QueryId=GCinsertGuidelineCalculationTaxInformation
2026-08-17 15:14:24.205 | INFO | [BAMOE-CAMEL-QUERY-REGISTRY] Query loaded | QueryId=GCinsertMonthlyIncome
2026-08-17 15:14:24.206 | INFO | [BAMOE-CAMEL-QUERY-REGISTRY] Query loaded | QueryId=insertMonthlyIncome
2026-08-17 15:14:24.208 | INFO | [BAMOE-CAMEL-QUERY-REGISTRY] Query loaded | QueryId=caseTeam
2026-08-17 15:14:24.209 | INFO | [BAMOE-CAMEL-QUERY-REGISTRY] Query loaded | QueryId=GCinsertCaseParticipantGuidelineCalculation
2026-08-17 15:14:24.210 | INFO | [BAMOE-CAMEL-QUERY-REGISTRY] Query loaded | QueryId=GCinsertMonthlyDeduction
2026-08-17 15:14:24.212 | INFO | [BAMOE-CAMEL-QUERY-REGISTRY] Query loaded | QueryId=caseLookup
2026-08-17 15:14:24.213 | INFO | [BAMOE-CAMEL-QUERY-REGISTRY] Query loaded | QueryId=GCinsertMonthlyIncomeResult
2026-08-17 15:14:24.215 | INFO | [BAMOE-CAMEL-QUERY-REGISTRY] Query loaded | QueryId=GCinsertGuidelineCalculation
2026-08-17 15:14:24.216 | INFO | [BAMOE-CAMEL-QUERY-REGISTRY] Query registry initialized | Source=query-registry.properties | AvailableQueryIds=[insertTestLog, GCinsertGuidelineCalculationTaxInformation, GCinsertMonthlyIncome, insertMonthlyIncome, caseTeam, GCinsertCaseParticipantGuidelineCalculation, GCinsertMonthlyDeduction, caseLookup, GCinsertMonthlyIncomeResult, GCinsertGuidelineCalculation]
2026-08-17 15:14:25.645 | INFO | [BAMOE-CONNECTION-TESTER] ========================================
2026-08-17 15:14:25.647 | INFO | [BAMOE-CONNECTION-TESTER] Running startup connection tests...
2026-08-17 15:14:25.649 | INFO | [BAMOE-CONNECTION-TESTER] ========================================
2026-08-17 15:14:25.650 | INFO | [BAMOE-CONNECTION-TESTER] [DB2] Testing DB2 connection...
2026-08-17 15:14:27.796 | INFO | [BAMOE-CONNECTION-TESTER] [DB2] Connection opened successfully
2026-08-17 15:14:27.895 | INFO | [BAMOE-CONNECTION-TESTER] [DB2] - DB2 CONNECTION SUCCESS | Ping query returned: 1 | DB2 is reachable and responding
2026-08-17 15:14:27.979 | INFO | [BAMOE-CONNECTION-TESTER] [KAFKA] Testing Kafka connection... | Broker=host.containers.internal:9092
2026-08-17 15:14:28.085 | ERROR | [BAMOE-CONNECTION-TESTER] [KAFKA] - KAFKA BROKER CONNECTION FAILED | Broker=host.containers.internal:9092 | Reason=Failed to create new KafkaAdminClient | Check: broker IP and port in application.properties
2026-08-17 15:14:28.087 | INFO | [BAMOE-CONNECTION-TESTER] ========================================
2026-08-17 15:14:28.088 | INFO | [BAMOE-CONNECTION-TESTER] Connection tests completed.
2026-08-17 15:14:28.089 | INFO | [BAMOE-CONNECTION-TESTER] ========================================
2026-08-17 15:14:28.091 | INFO | [APP READY] Application started - BAMOE Camel route active
2026-08-17 15:14:28.092 | INFO | [APP READY] Listening for BAMOE requests on: POST http://vmdevtestrhelaro01.dcss.gov:8080/bamoe/execute-query
2026-08-17 15:14:46.498 | INFO | [BAMOE-CAMEL-DB2-INSERT] STEP 1 - HTTP POST Request Received | Body={
  "queryId": "GCinsertGuidelineCalculation",
  "params": {
    "GDELN_CALC_ID": 1001,
    "INC_TAX_YR": "2026",
    "STAT_CD": "ACT",
    "ROW_VERS_ID": 0,
    "RSN_TXT": "Initial calculation",
    "TIME_WITH_NCP_SAME_IND": 0,
    "SHOW_MAX_RSLTS_IND": 0,
    "RESULT_TYPE": "GDL"
  }
}
2026-08-17 15:14:46.569 | INFO | [BAMOE-CAMEL-DB2-INSERT] STEP 1 - Parsed successfully | queryId=GCinsertGuidelineCalculation | ParameterCount=8
2026-08-17 15:14:47.213 | ERROR | [BAMOE-CAMEL-DB2] Failed to publish to Kafka | Topic=bamoe-event-publish | Reason=Failed to create Producer for endpoint: kafka://bamoe-event-publish?brokers=host.containers.internal%3A9092&deliveryTimeoutMs=5000&maxBlockMs=3000&requestTimeoutMs=3000&retries=3. Reason: org.apache.kafka.common.KafkaException: Failed to construct kafka producer
2026-08-17 15:14:47.215 | INFO | [BAMOE-CAMEL-DB2-INSERT] STEP 2 - Kafka REQUEST event published | Topic=bamoe-event-publish | queryId=GCinsertGuidelineCalculation
2026-08-17 15:14:47.218 | INFO | [BAMOE-CAMEL-DB2-INSERT] STEP 3 - Calling CamelDb2Connector | queryId=GCinsertGuidelineCalculation
2026-08-17 15:14:47.219 | INFO | [BAMOE-CAMEL-DB2-CONNECTOR] Opening DB2 connection for INSERT | SQL=INSERT INTO CSE1DV01.ARAGHUNA.GUIDELINE_CALCULATION (GDELN_CALC_ID, INC_TAX_YR, STAT_CD, ROW_VERS_ID, RSN_TXT, TIME_WITH_NCP_SAME_IND, SHOW_MAX_RSLTS_IND, RESULT_TYPE) VALUES (?, ?, ?, ?, ?, ?, ?, ?) | ParameterCount=8
2026-08-17 15:14:47.962 | INFO | [BAMOE-CAMEL-DB2-CONNECTOR] DB2 connection acquired | AutoCommit=true
2026-08-17 15:14:47.967 | INFO | [BAMOE-CAMEL-DB2-CONNECTOR] INSERT parameter bound | Position=1 | Column=GDELN_CALC_ID | JavaType=Integer
2026-08-17 15:14:47.968 | INFO | [BAMOE-CAMEL-DB2-CONNECTOR] INSERT parameter bound | Position=2 | Column=INC_TAX_YR | JavaType=String
2026-08-17 15:14:47.969 | INFO | [BAMOE-CAMEL-DB2-CONNECTOR] INSERT parameter bound | Position=3 | Column=STAT_CD | JavaType=String
2026-08-17 15:14:47.971 | INFO | [BAMOE-CAMEL-DB2-CONNECTOR] INSERT parameter bound | Position=4 | Column=ROW_VERS_ID | JavaType=Integer
2026-08-17 15:14:47.972 | INFO | [BAMOE-CAMEL-DB2-CONNECTOR] INSERT parameter bound | Position=5 | Column=RSN_TXT | JavaType=String
2026-08-17 15:14:47.973 | INFO | [BAMOE-CAMEL-DB2-CONNECTOR] INSERT parameter bound | Position=6 | Column=TIME_WITH_NCP_SAME_IND | JavaType=Integer
2026-08-17 15:14:47.975 | INFO | [BAMOE-CAMEL-DB2-CONNECTOR] INSERT parameter bound | Position=7 | Column=SHOW_MAX_RSLTS_IND | JavaType=Integer
2026-08-17 15:14:47.976 | INFO | [BAMOE-CAMEL-DB2-CONNECTOR] INSERT parameter bound | Position=8 | Column=RESULT_TYPE | JavaType=String
2026-08-17 15:14:47.977 | INFO | [BAMOE-CAMEL-DB2-CONNECTOR] Executing DB2 INSERT | SQL=INSERT INTO CSE1DV01.ARAGHUNA.GUIDELINE_CALCULATION (GDELN_CALC_ID, INC_TAX_YR, STAT_CD, ROW_VERS_ID, RSN_TXT, TIME_WITH_NCP_SAME_IND, SHOW_MAX_RSLTS_IND, RESULT_TYPE) VALUES (?, ?, ?, ?, ?, ?, ?, ?)
2026-08-17 15:14:48.238 | ERROR | [BAMOE-CAMEL-DB2-CONNECTOR] DB2 SQL EXCEPTION | Operation=INSERT | SQLState=23505 | ErrorCode=-803 | DurationMs=849 | Message=One or more values in the INSERT statement, UPDATE statement, or foreign key update caused by a DELETE statement are not valid because the primary key, unique constraint or unique index identified by "3" constrains table "ARAGHUNA.GUIDELINE_CALCULATION" from having duplicate values for the index key.. SQLCODE=-803, SQLSTATE=23505, DRIVER=4.33.31
2026-08-17 15:14:48.243 | INFO | [BAMOE-CAMEL-DB2-CONNECTOR] DB2 connection closed | Operation=INSERT
2026-08-17 15:14:48.248 | ERROR | [BAMOE-CAMEL-DB2-INSERT] ROUTE FAILED | queryId=GCinsertGuidelineCalculation | Reason=DB2 INSERT failed | SQLState=23505 | ErrorCode=-803 | Message=One or more values in the INSERT statement, UPDATE statement, or foreign key update caused by a DELETE statement are not valid because the primary key, unique constraint or unique index identified by "3" constrains table "ARAGHUNA.GUIDELINE_CALCULATION" from having duplicate values for the index key.. SQLCODE=-803, SQLSTATE=23505, DRIVER=4.33.31 | DurationMs=1747
2026-08-17 15:14:48.257 | ERROR | [BAMOE-CAMEL-DB2] Failed to publish to Kafka | Topic=orch-engine-error-log | Reason=Failed to create Producer for endpoint: kafka://orch-engine-error-log?brokers=host.containers.internal%3A9092&deliveryTimeoutMs=5000&maxBlockMs=3000&requestTimeoutMs=3000&retries=3. Reason: org.apache.kafka.common.KafkaException: Failed to construct kafka producer
2026-08-17 15:15:02.280 | INFO | [BAMOE-CAMEL-DB2-INSERT] STEP 1 - HTTP POST Request Received | Body={
  "queryId": "GCinsertGuidelineCalculation",
  "params": {
    "GDELN_CALC_ID": 1002,
    "INC_TAX_YR": "2026",
    "STAT_CD": "ACT",
    "ROW_VERS_ID": 0,
    "RSN_TXT": "Initial calculation",
    "TIME_WITH_NCP_SAME_IND": 0,
    "SHOW_MAX_RSLTS_IND": 0,
    "RESULT_TYPE": "GDL"
  }
}
2026-08-17 15:15:02.283 | INFO | [BAMOE-CAMEL-DB2-INSERT] STEP 1 - Parsed successfully | queryId=GCinsertGuidelineCalculation | ParameterCount=8
2026-08-17 15:15:02.383 | ERROR | [BAMOE-CAMEL-DB2] Failed to publish to Kafka | Topic=bamoe-event-publish | Reason=Failed to create Producer for endpoint: kafka://bamoe-event-publish?brokers=host.containers.internal%3A9092&deliveryTimeoutMs=5000&maxBlockMs=3000&requestTimeoutMs=3000&retries=3. Reason: org.apache.kafka.common.KafkaException: Failed to construct kafka producer
2026-08-17 15:15:02.385 | INFO | [BAMOE-CAMEL-DB2-INSERT] STEP 2 - Kafka REQUEST event published | Topic=bamoe-event-publish | queryId=GCinsertGuidelineCalculation
2026-08-17 15:15:02.387 | INFO | [BAMOE-CAMEL-DB2-INSERT] STEP 3 - Calling CamelDb2Connector | queryId=GCinsertGuidelineCalculation
2026-08-17 15:15:02.390 | INFO | [BAMOE-CAMEL-DB2-CONNECTOR] Opening DB2 connection for INSERT | SQL=INSERT INTO CSE1DV01.ARAGHUNA.GUIDELINE_CALCULATION (GDELN_CALC_ID, INC_TAX_YR, STAT_CD, ROW_VERS_ID, RSN_TXT, TIME_WITH_NCP_SAME_IND, SHOW_MAX_RSLTS_IND, RESULT_TYPE) VALUES (?, ?, ?, ?, ?, ?, ?, ?) | ParameterCount=8
2026-08-17 15:15:03.079 | INFO | [BAMOE-CAMEL-DB2-CONNECTOR] DB2 connection acquired | AutoCommit=true
2026-08-17 15:15:03.080 | INFO | [BAMOE-CAMEL-DB2-CONNECTOR] INSERT parameter bound | Position=1 | Column=GDELN_CALC_ID | JavaType=Integer
2026-08-17 15:15:03.082 | INFO | [BAMOE-CAMEL-DB2-CONNECTOR] INSERT parameter bound | Position=2 | Column=INC_TAX_YR | JavaType=String
2026-08-17 15:15:03.083 | INFO | [BAMOE-CAMEL-DB2-CONNECTOR] INSERT parameter bound | Position=3 | Column=STAT_CD | JavaType=String
2026-08-17 15:15:03.084 | INFO | [BAMOE-CAMEL-DB2-CONNECTOR] INSERT parameter bound | Position=4 | Column=ROW_VERS_ID | JavaType=Integer
2026-08-17 15:15:03.085 | INFO | [BAMOE-CAMEL-DB2-CONNECTOR] INSERT parameter bound | Position=5 | Column=RSN_TXT | JavaType=String
2026-08-17 15:15:03.086 | INFO | [BAMOE-CAMEL-DB2-CONNECTOR] INSERT parameter bound | Position=6 | Column=TIME_WITH_NCP_SAME_IND | JavaType=Integer
2026-08-17 15:15:03.087 | INFO | [BAMOE-CAMEL-DB2-CONNECTOR] INSERT parameter bound | Position=7 | Column=SHOW_MAX_RSLTS_IND | JavaType=Integer
2026-08-17 15:15:03.088 | INFO | [BAMOE-CAMEL-DB2-CONNECTOR] INSERT parameter bound | Position=8 | Column=RESULT_TYPE | JavaType=String
2026-08-17 15:15:03.089 | INFO | [BAMOE-CAMEL-DB2-CONNECTOR] Executing DB2 INSERT | SQL=INSERT INTO CSE1DV01.ARAGHUNA.GUIDELINE_CALCULATION (GDELN_CALC_ID, INC_TAX_YR, STAT_CD, ROW_VERS_ID, RSN_TXT, TIME_WITH_NCP_SAME_IND, SHOW_MAX_RSLTS_IND, RESULT_TYPE) VALUES (?, ?, ?, ?, ?, ?, ?, ?)
2026-08-17 15:15:03.176 | INFO | [BAMOE-CAMEL-DB2-CONNECTOR] DB2 INSERT successful | RowsInserted=1 | DurationMs=784
2026-08-17 15:15:03.178 | INFO | [BAMOE-CAMEL-DB2-CONNECTOR] DB2 connection closed | Operation=INSERT
2026-08-17 15:15:03.179 | INFO | [BAMOE-CAMEL-DB2-INSERT] STEP 3 - DB2 INSERT complete | queryId=GCinsertGuidelineCalculation | RowsInserted=1
2026-08-17 15:15:03.181 | INFO | [BAMOE-CAMEL-DB2-INSERT] STEP 4 - JSON Response built | queryId=GCinsertGuidelineCalculation | RowsInserted=1
2026-08-17 15:15:03.187 | ERROR | [BAMOE-CAMEL-DB2] Failed to publish to Kafka | Topic=bamoe-event-publish | Reason=Failed to create Producer for endpoint: kafka://bamoe-event-publish?brokers=host.containers.internal%3A9092&deliveryTimeoutMs=5000&maxBlockMs=3000&requestTimeoutMs=3000&retries=3. Reason: org.apache.kafka.common.KafkaException: Failed to construct kafka producer
2026-08-17 15:15:03.191 | INFO | [BAMOE-CAMEL-DB2-INSERT] STEP 5 - Published SUCCESS event to Kafka | Topic=bamoe-event-publish | queryId=GCinsertGuidelineCalculation | RowsInserted=1 | DurationMs=900
2026-08-17 15:15:03.193 | INFO | [BAMOE-CAMEL-DB2-INSERT] ROUTE COMPLETE | queryId=GCinsertGuidelineCalculation | DurationMs=900
2026-08-17 15:17:17.032 | INFO | [BAMOE-CAMEL-DB2-INSERT] STEP 1 - HTTP POST Request Received | Body={
  "queryId": "GCinsertCaseParticipantGuidelineCalculation",
  "params": {
    "PRIM_NCP_IND": 1,
    "PRTCP_ID": 1001,
    "GDELN_CALC_ID": 1001,
    "CASE_ID": 1001,
    "GDELN_CALC_MO_INC_ID": 1001,
    "GDLN_CALC_TAX_INFO_ID": 1001,
    "GDELN_CALC_MO_INC_RSLT_ID": 1001
  }
}
2026-08-17 15:17:17.034 | INFO | [BAMOE-CAMEL-DB2-INSERT] STEP 1 - Parsed successfully | queryId=GCinsertCaseParticipantGuidelineCalculation | ParameterCount=7
2026-08-17 15:17:17.042 | ERROR | [BAMOE-CAMEL-DB2] Failed to publish to Kafka | Topic=bamoe-event-publish | Reason=Failed to create Producer for endpoint: kafka://bamoe-event-publish?brokers=host.containers.internal%3A9092&deliveryTimeoutMs=5000&maxBlockMs=3000&requestTimeoutMs=3000&retries=3. Reason: org.apache.kafka.common.KafkaException: Failed to construct kafka producer
2026-08-17 15:17:17.043 | INFO | [BAMOE-CAMEL-DB2-INSERT] STEP 2 - Kafka REQUEST event published | Topic=bamoe-event-publish | queryId=GCinsertCaseParticipantGuidelineCalculation
2026-08-17 15:17:17.045 | INFO | [BAMOE-CAMEL-DB2-INSERT] STEP 3 - Calling CamelDb2Connector | queryId=GCinsertCaseParticipantGuidelineCalculation
2026-08-17 15:17:17.046 | INFO | [BAMOE-CAMEL-DB2-CONNECTOR] Opening DB2 connection for INSERT | SQL=INSERT INTO CSE1DV01.ARAGHUNA.CASE_PARTICIPANT_GUIDELINE_CALCULATION (PRIM_NCP_IND, PRTCP_ID, GDELN_CALC_ID, CASE_ID, GDELN_CALC_MO_INC_ID, GDLN_CALC_TAX_INFO_ID, GDELN_CALC_MO_INC_RSLT_ID) VALUES (?, ?, ?, ?, ?, ?, ?) | ParameterCount=7
2026-08-17 15:17:17.750 | INFO | [BAMOE-CAMEL-DB2-CONNECTOR] DB2 connection acquired | AutoCommit=true
2026-08-17 15:17:17.752 | INFO | [BAMOE-CAMEL-DB2-CONNECTOR] INSERT parameter bound | Position=1 | Column=PRIM_NCP_IND | JavaType=Integer
2026-08-17 15:17:17.753 | INFO | [BAMOE-CAMEL-DB2-CONNECTOR] INSERT parameter bound | Position=2 | Column=PRTCP_ID | JavaType=Integer
2026-08-17 15:17:17.754 | INFO | [BAMOE-CAMEL-DB2-CONNECTOR] INSERT parameter bound | Position=3 | Column=GDELN_CALC_ID | JavaType=Integer
2026-08-17 15:17:17.755 | INFO | [BAMOE-CAMEL-DB2-CONNECTOR] INSERT parameter bound | Position=4 | Column=CASE_ID | JavaType=Integer
2026-08-17 15:17:17.756 | INFO | [BAMOE-CAMEL-DB2-CONNECTOR] INSERT parameter bound | Position=5 | Column=GDELN_CALC_MO_INC_ID | JavaType=Integer
2026-08-17 15:17:17.757 | INFO | [BAMOE-CAMEL-DB2-CONNECTOR] INSERT parameter bound | Position=6 | Column=GDLN_CALC_TAX_INFO_ID | JavaType=Integer
2026-08-17 15:17:17.758 | INFO | [BAMOE-CAMEL-DB2-CONNECTOR] INSERT parameter bound | Position=7 | Column=GDELN_CALC_MO_INC_RSLT_ID | JavaType=Integer
2026-08-17 15:17:17.759 | INFO | [BAMOE-CAMEL-DB2-CONNECTOR] Executing DB2 INSERT | SQL=INSERT INTO CSE1DV01.ARAGHUNA.CASE_PARTICIPANT_GUIDELINE_CALCULATION (PRIM_NCP_IND, PRTCP_ID, GDELN_CALC_ID, CASE_ID, GDELN_CALC_MO_INC_ID, GDLN_CALC_TAX_INFO_ID, GDELN_CALC_MO_INC_RSLT_ID) VALUES (?, ?, ?, ?, ?, ?, ?)
2026-08-17 15:17:18.113 | ERROR | [BAMOE-CAMEL-DB2-CONNECTOR] DB2 SQL EXCEPTION | Operation=INSERT | SQLState=23503 | ErrorCode=-530 | DurationMs=904 | Message=The insert or update value of the FOREIGN KEY "ARAGHUNA.CASE_PARTICIPANT_GUIDELINE_CALCULATION.CASPTCPGUIDCAL_FK9" is not equal to any value of the parent key of the parent table.. SQLCODE=-530, SQLSTATE=23503, DRIVER=4.33.31
2026-08-17 15:17:18.115 | INFO | [BAMOE-CAMEL-DB2-CONNECTOR] DB2 connection closed | Operation=INSERT
2026-08-17 15:17:18.116 | ERROR | [BAMOE-CAMEL-DB2-INSERT] ROUTE FAILED | queryId=GCinsertCaseParticipantGuidelineCalculation | Reason=DB2 INSERT failed | SQLState=23503 | ErrorCode=-530 | Message=The insert or update value of the FOREIGN KEY "ARAGHUNA.CASE_PARTICIPANT_GUIDELINE_CALCULATION.CASPTCPGUIDCAL_FK9" is not equal to any value of the parent key of the parent table.. SQLCODE=-530, SQLSTATE=23503, DRIVER=4.33.31 | DurationMs=1084
2026-08-17 15:17:18.121 | ERROR | [BAMOE-CAMEL-DB2] Failed to publish to Kafka | Topic=orch-engine-error-log | Reason=Failed to create Producer for endpoint: kafka://orch-engine-error-log?brokers=host.containers.internal%3A9092&deliveryTimeoutMs=5000&maxBlockMs=3000&requestTimeoutMs=3000&retries=3. Reason: org.apache.kafka.common.KafkaException: Failed to construct kafka producer
2026-08-17 15:20:07.968 | INFO | [BAMOE-CAMEL-DB2-INSERT] STEP 1 - HTTP POST Request Received | Body={
  "queryId": "GCinsertGuidelineCalculationTaxInformation",
  "params": {
    "GDLN_CALC_TAX_INFO_ID": 1001,
    "FILE_STAT_CD": "S",
    "NUM_OF_TAX_EXMPT_NUM": 2,
    "CA_FILE_STAT_CD": "S"
  }
}
2026-08-17 15:20:07.970 | INFO | [BAMOE-CAMEL-DB2-INSERT] STEP 1 - Parsed successfully | queryId=GCinsertGuidelineCalculationTaxInformation | ParameterCount=4
2026-08-17 15:20:07.990 | ERROR | [BAMOE-CAMEL-DB2] Failed to publish to Kafka | Topic=bamoe-event-publish | Reason=Failed to create Producer for endpoint: kafka://bamoe-event-publish?brokers=host.containers.internal%3A9092&deliveryTimeoutMs=5000&maxBlockMs=3000&requestTimeoutMs=3000&retries=3. Reason: org.apache.kafka.common.KafkaException: Failed to construct kafka producer
2026-08-17 15:20:07.991 | INFO | [BAMOE-CAMEL-DB2-INSERT] STEP 2 - Kafka REQUEST event published | Topic=bamoe-event-publish | queryId=GCinsertGuidelineCalculationTaxInformation
2026-08-17 15:20:07.992 | INFO | [BAMOE-CAMEL-DB2-INSERT] STEP 3 - Calling CamelDb2Connector | queryId=GCinsertGuidelineCalculationTaxInformation
2026-08-17 15:20:07.994 | INFO | [BAMOE-CAMEL-DB2-CONNECTOR] Opening DB2 connection for INSERT | SQL=INSERT INTO CSE1DV01.ARAGHUNA.GUIDELINE_CALCULATION_TAX_INFORMATION (GDLN_CALC_TAX_INFO_ID, FILE_STAT_CD, NUM_OF_TAX_EXMPT_NUM, CA_FILE_STAT_CD) VALUES (?, ?, ?, ?) | ParameterCount=4
2026-08-17 15:20:08.699 | INFO | [BAMOE-CAMEL-DB2-CONNECTOR] DB2 connection acquired | AutoCommit=true
2026-08-17 15:20:08.701 | INFO | [BAMOE-CAMEL-DB2-CONNECTOR] INSERT parameter bound | Position=1 | Column=GDLN_CALC_TAX_INFO_ID | JavaType=Integer
2026-08-17 15:20:08.703 | INFO | [BAMOE-CAMEL-DB2-CONNECTOR] INSERT parameter bound | Position=2 | Column=FILE_STAT_CD | JavaType=String
2026-08-17 15:20:08.704 | INFO | [BAMOE-CAMEL-DB2-CONNECTOR] INSERT parameter bound | Position=3 | Column=NUM_OF_TAX_EXMPT_NUM | JavaType=Integer
2026-08-17 15:20:08.705 | INFO | [BAMOE-CAMEL-DB2-CONNECTOR] INSERT parameter bound | Position=4 | Column=CA_FILE_STAT_CD | JavaType=String
2026-08-17 15:20:08.706 | INFO | [BAMOE-CAMEL-DB2-CONNECTOR] Executing DB2 INSERT | SQL=INSERT INTO CSE1DV01.ARAGHUNA.GUIDELINE_CALCULATION_TAX_INFORMATION (GDLN_CALC_TAX_INFO_ID, FILE_STAT_CD, NUM_OF_TAX_EXMPT_NUM, CA_FILE_STAT_CD) VALUES (?, ?, ?, ?)
2026-08-17 15:20:08.792 | INFO | [BAMOE-CAMEL-DB2-CONNECTOR] DB2 INSERT successful | RowsInserted=1 | DurationMs=799
2026-08-17 15:20:08.794 | INFO | [BAMOE-CAMEL-DB2-CONNECTOR] DB2 connection closed | Operation=INSERT
2026-08-17 15:20:08.796 | INFO | [BAMOE-CAMEL-DB2-INSERT] STEP 3 - DB2 INSERT complete | queryId=GCinsertGuidelineCalculationTaxInformation | RowsInserted=1
2026-08-17 15:20:08.797 | INFO | [BAMOE-CAMEL-DB2-INSERT] STEP 4 - JSON Response built | queryId=GCinsertGuidelineCalculationTaxInformation | RowsInserted=1
2026-08-17 15:20:08.806 | ERROR | [BAMOE-CAMEL-DB2] Failed to publish to Kafka | Topic=bamoe-event-publish | Reason=Failed to create Producer for endpoint: kafka://bamoe-event-publish?brokers=host.containers.internal%3A9092&deliveryTimeoutMs=5000&maxBlockMs=3000&requestTimeoutMs=3000&retries=3. Reason: org.apache.kafka.common.KafkaException: Failed to construct kafka producer
2026-08-17 15:20:08.807 | INFO | [BAMOE-CAMEL-DB2-INSERT] STEP 5 - Published SUCCESS event to Kafka | Topic=bamoe-event-publish | queryId=GCinsertGuidelineCalculationTaxInformation | RowsInserted=1 | DurationMs=829
2026-08-17 15:20:08.808 | INFO | [BAMOE-CAMEL-DB2-INSERT] ROUTE COMPLETE | queryId=GCinsertGuidelineCalculationTaxInformation | DurationMs=829
2026-08-17 15:20:19.012 | INFO | [BAMOE-CAMEL-DB2-INSERT] STEP 1 - HTTP POST Request Received | Body={
  "queryId": "GCinsertMonthlyIncomeResult",
  "params": {
    "GDELN_CALC_MO_INC_RSLT_ID": 1001,
    "MO_GROSS_INC_AMT": 5000.00,
    "FICA_AMT": 382.50,
    "CASDI_AMT": 45.00,
    "FED_TAX_LIABL_AMT": 300.00,
    "ST_TAX_LIABL_AMT": 150.00,
    "MO_NET_DISP_INC_AMT": 4422.50,
    "MO_FED_ADJ_GROSS_INC_AMT": 4700.00,
    "MO_FED_TAX_INC_AMT": 4400.00
  }
}
2026-08-17 15:20:19.016 | INFO | [BAMOE-CAMEL-DB2-INSERT] STEP 1 - Parsed successfully | queryId=GCinsertMonthlyIncomeResult | ParameterCount=9
2026-08-17 15:20:19.037 | ERROR | [BAMOE-CAMEL-DB2] Failed to publish to Kafka | Topic=bamoe-event-publish | Reason=Failed to create Producer for endpoint: kafka://bamoe-event-publish?brokers=host.containers.internal%3A9092&deliveryTimeoutMs=5000&maxBlockMs=3000&requestTimeoutMs=3000&retries=3. Reason: org.apache.kafka.common.KafkaException: Failed to construct kafka producer
2026-08-17 15:20:19.043 | INFO | [BAMOE-CAMEL-DB2-INSERT] STEP 2 - Kafka REQUEST event published | Topic=bamoe-event-publish | queryId=GCinsertMonthlyIncomeResult
2026-08-17 15:20:19.045 | INFO | [BAMOE-CAMEL-DB2-INSERT] STEP 3 - Calling CamelDb2Connector | queryId=GCinsertMonthlyIncomeResult
2026-08-17 15:20:19.046 | INFO | [BAMOE-CAMEL-DB2-CONNECTOR] Opening DB2 connection for INSERT | SQL=INSERT INTO CSE1DV01.ARAGHUNA.GUIDELINE_CALCULATION_MONTHLY_INCOME_RESULT (GDELN_CALC_MO_INC_RSLT_ID, MO_GROSS_INC_AMT, FICA_AMT, CASDI_AMT, FED_TAX_LIABL_AMT, ST_TAX_LIABL_AMT, MO_NET_DISP_INC_AMT, MO_FED_ADJ_GROSS_INC_AMT, MO_FED_TAX_INC_AMT) VALUES (?, ?, ?, ?, ?, ?, ?, ?, ?) | ParameterCount=9
2026-08-17 15:20:19.756 | INFO | [BAMOE-CAMEL-DB2-CONNECTOR] DB2 connection acquired | AutoCommit=true
2026-08-17 15:20:19.757 | INFO | [BAMOE-CAMEL-DB2-CONNECTOR] INSERT parameter bound | Position=1 | Column=GDELN_CALC_MO_INC_RSLT_ID | JavaType=Integer
2026-08-17 15:20:19.758 | INFO | [BAMOE-CAMEL-DB2-CONNECTOR] INSERT parameter bound | Position=2 | Column=MO_GROSS_INC_AMT | JavaType=Double
2026-08-17 15:20:19.759 | INFO | [BAMOE-CAMEL-DB2-CONNECTOR] INSERT parameter bound | Position=3 | Column=FICA_AMT | JavaType=Double
2026-08-17 15:20:19.760 | INFO | [BAMOE-CAMEL-DB2-CONNECTOR] INSERT parameter bound | Position=4 | Column=CASDI_AMT | JavaType=Double
2026-08-17 15:20:19.761 | INFO | [BAMOE-CAMEL-DB2-CONNECTOR] INSERT parameter bound | Position=5 | Column=FED_TAX_LIABL_AMT | JavaType=Double
2026-08-17 15:20:19.762 | INFO | [BAMOE-CAMEL-DB2-CONNECTOR] INSERT parameter bound | Position=6 | Column=ST_TAX_LIABL_AMT | JavaType=Double
2026-08-17 15:20:19.763 | INFO | [BAMOE-CAMEL-DB2-CONNECTOR] INSERT parameter bound | Position=7 | Column=MO_NET_DISP_INC_AMT | JavaType=Double
2026-08-17 15:20:19.765 | INFO | [BAMOE-CAMEL-DB2-CONNECTOR] INSERT parameter bound | Position=8 | Column=MO_FED_ADJ_GROSS_INC_AMT | JavaType=Double
2026-08-17 15:20:19.766 | INFO | [BAMOE-CAMEL-DB2-CONNECTOR] INSERT parameter bound | Position=9 | Column=MO_FED_TAX_INC_AMT | JavaType=Double
2026-08-17 15:20:19.768 | INFO | [BAMOE-CAMEL-DB2-CONNECTOR] Executing DB2 INSERT | SQL=INSERT INTO CSE1DV01.ARAGHUNA.GUIDELINE_CALCULATION_MONTHLY_INCOME_RESULT (GDELN_CALC_MO_INC_RSLT_ID, MO_GROSS_INC_AMT, FICA_AMT, CASDI_AMT, FED_TAX_LIABL_AMT, ST_TAX_LIABL_AMT, MO_NET_DISP_INC_AMT, MO_FED_ADJ_GROSS_INC_AMT, MO_FED_TAX_INC_AMT) VALUES (?, ?, ?, ?, ?, ?, ?, ?, ?)
2026-08-17 15:20:19.857 | INFO | [BAMOE-CAMEL-DB2-CONNECTOR] DB2 INSERT successful | RowsInserted=1 | DurationMs=811
2026-08-17 15:20:19.859 | INFO | [BAMOE-CAMEL-DB2-CONNECTOR] DB2 connection closed | Operation=INSERT
2026-08-17 15:20:19.861 | INFO | [BAMOE-CAMEL-DB2-INSERT] STEP 3 - DB2 INSERT complete | queryId=GCinsertMonthlyIncomeResult | RowsInserted=1
2026-08-17 15:20:19.862 | INFO | [BAMOE-CAMEL-DB2-INSERT] STEP 4 - JSON Response built | queryId=GCinsertMonthlyIncomeResult | RowsInserted=1
2026-08-17 15:20:19.881 | ERROR | [BAMOE-CAMEL-DB2] Failed to publish to Kafka | Topic=bamoe-event-publish | Reason=Failed to create Producer for endpoint: kafka://bamoe-event-publish?brokers=host.containers.internal%3A9092&deliveryTimeoutMs=5000&maxBlockMs=3000&requestTimeoutMs=3000&retries=3. Reason: org.apache.kafka.common.KafkaException: Failed to construct kafka producer
2026-08-17 15:20:19.882 | INFO | [BAMOE-CAMEL-DB2-INSERT] STEP 5 - Published SUCCESS event to Kafka | Topic=bamoe-event-publish | queryId=GCinsertMonthlyIncomeResult | RowsInserted=1 | DurationMs=850
2026-08-17 15:20:19.884 | INFO | [BAMOE-CAMEL-DB2-INSERT] ROUTE COMPLETE | queryId=GCinsertMonthlyIncomeResult | DurationMs=850
2026-08-17 15:20:28.890 | INFO | [BAMOE-CAMEL-DB2-INSERT] STEP 1 - HTTP POST Request Received | Body={
  "queryId": "GCinsertMonthlyDeduction",
  "params": {
    "CHLD_SUPT_PAID_OTH_RELSHP_AMT": 500.00,
    "MORTG_INT_AMT": 1000.00
  }
}
2026-08-17 15:20:28.894 | INFO | [BAMOE-CAMEL-DB2-INSERT] STEP 1 - Parsed successfully | queryId=GCinsertMonthlyDeduction | ParameterCount=2
2026-08-17 15:20:28.949 | ERROR | [BAMOE-CAMEL-DB2] Failed to publish to Kafka | Topic=bamoe-event-publish | Reason=Failed to create Producer for endpoint: kafka://bamoe-event-publish?brokers=host.containers.internal%3A9092&deliveryTimeoutMs=5000&maxBlockMs=3000&requestTimeoutMs=3000&retries=3. Reason: org.apache.kafka.common.KafkaException: Failed to construct kafka producer
2026-08-17 15:20:28.950 | INFO | [BAMOE-CAMEL-DB2-INSERT] STEP 2 - Kafka REQUEST event published | Topic=bamoe-event-publish | queryId=GCinsertMonthlyDeduction
2026-08-17 15:20:28.951 | INFO | [BAMOE-CAMEL-DB2-INSERT] STEP 3 - Calling CamelDb2Connector | queryId=GCinsertMonthlyDeduction
2026-08-17 15:20:28.953 | INFO | [BAMOE-CAMEL-DB2-CONNECTOR] Opening DB2 connection for INSERT | SQL=INSERT INTO CSE1DV01.ARAGHUNA.GUIDELINE_CALCULATION_MONTHLY_DEDUCTION (CHLD_SUPT_PAID_OTH_RELSHP_AMT, MORTG_INT_AMT) VALUES (?, ?) | ParameterCount=2
2026-08-17 15:20:29.647 | INFO | [BAMOE-CAMEL-DB2-CONNECTOR] DB2 connection acquired | AutoCommit=true
2026-08-17 15:20:29.648 | INFO | [BAMOE-CAMEL-DB2-CONNECTOR] INSERT parameter bound | Position=1 | Column=CHLD_SUPT_PAID_OTH_RELSHP_AMT | JavaType=Double
2026-08-17 15:20:29.650 | INFO | [BAMOE-CAMEL-DB2-CONNECTOR] INSERT parameter bound | Position=2 | Column=MORTG_INT_AMT | JavaType=Double
2026-08-17 15:20:29.650 | INFO | [BAMOE-CAMEL-DB2-CONNECTOR] Executing DB2 INSERT | SQL=INSERT INTO CSE1DV01.ARAGHUNA.GUIDELINE_CALCULATION_MONTHLY_DEDUCTION (CHLD_SUPT_PAID_OTH_RELSHP_AMT, MORTG_INT_AMT) VALUES (?, ?)
2026-08-17 15:20:29.901 | ERROR | [BAMOE-CAMEL-DB2-CONNECTOR] DB2 SQL EXCEPTION | Operation=INSERT | SQLState=23502 | ErrorCode=-407 | DurationMs=783 | Message=Assignment of a NULL value to a NOT NULL column "TBSPACEID=25, TABLEID=29973, COLNO=0" is not allowed.. SQLCODE=-407, SQLSTATE=23502, DRIVER=4.33.31
2026-08-17 15:20:29.903 | INFO | [BAMOE-CAMEL-DB2-CONNECTOR] DB2 connection closed | Operation=INSERT
2026-08-17 15:20:29.904 | ERROR | [BAMOE-CAMEL-DB2-INSERT] ROUTE FAILED | queryId=GCinsertMonthlyDeduction | Reason=DB2 INSERT failed | SQLState=23502 | ErrorCode=-407 | Message=Assignment of a NULL value to a NOT NULL column "TBSPACEID=25, TABLEID=29973, COLNO=0" is not allowed.. SQLCODE=-407, SQLSTATE=23502, DRIVER=4.33.31 | DurationMs=1014
2026-08-17 15:20:29.943 | ERROR | [BAMOE-CAMEL-DB2] Failed to publish to Kafka | Topic=orch-engine-error-log | Reason=Failed to create Producer for endpoint: kafka://orch-engine-error-log?brokers=host.containers.internal%3A9092&deliveryTimeoutMs=5000&maxBlockMs=3000&requestTimeoutMs=3000&retries=3. Reason: org.apache.kafka.common.KafkaException: Failed to construct kafka producer
2026-08-17 15:25:59.975 | INFO | [BAMOE-CAMEL-DB2-INSERT] STEP 1 - HTTP POST Request Received | Body={
  "queryId": "GCinsertGuidelineCalculation",
  "params": {
    "INC_TAX_YR": "2026",
    "STAT_CD": "ACT",
    "ROW_VERS_ID": 0,
    "RSN_TXT": "Initial calculation",
    "TIME_WITH_NCP_SAME_IND": 0,
    "SHOW_MAX_RSLTS_IND": 0,
    "RESULT_TYPE": "GDL"
  }
}
2026-08-17 15:25:59.977 | INFO | [BAMOE-CAMEL-DB2-INSERT] STEP 1 - Parsed successfully | queryId=GCinsertGuidelineCalculation | ParameterCount=7
2026-08-17 15:25:59.996 | ERROR | [BAMOE-CAMEL-DB2] Failed to publish to Kafka | Topic=bamoe-event-publish | Reason=Failed to create Producer for endpoint: kafka://bamoe-event-publish?brokers=host.containers.internal%3A9092&deliveryTimeoutMs=5000&maxBlockMs=3000&requestTimeoutMs=3000&retries=3. Reason: org.apache.kafka.common.KafkaException: Failed to construct kafka producer
2026-08-17 15:25:59.997 | INFO | [BAMOE-CAMEL-DB2-INSERT] STEP 2 - Kafka REQUEST event published | Topic=bamoe-event-publish | queryId=GCinsertGuidelineCalculation
2026-08-17 15:25:59.999 | INFO | [BAMOE-CAMEL-DB2-INSERT] STEP 3 - Calling CamelDb2Connector | queryId=GCinsertGuidelineCalculation
2026-08-17 15:26:00.000 | INFO | [BAMOE-CAMEL-DB2-CONNECTOR] Opening DB2 connection for INSERT | SQL=INSERT INTO CSE1DV01.ARAGHUNA.GUIDELINE_CALCULATION (GDELN_CALC_ID, INC_TAX_YR, STAT_CD, ROW_VERS_ID, RSN_TXT, TIME_WITH_NCP_SAME_IND, SHOW_MAX_RSLTS_IND, RESULT_TYPE) VALUES (?, ?, ?, ?, ?, ?, ?, ?) | ParameterCount=7
2026-08-17 15:26:00.711 | INFO | [BAMOE-CAMEL-DB2-CONNECTOR] DB2 connection acquired | AutoCommit=true
2026-08-17 15:26:00.713 | INFO | [BAMOE-CAMEL-DB2-CONNECTOR] DB2 connection closed | Operation=INSERT
2026-08-17 15:26:00.714 | ERROR | [BAMOE-CAMEL-DB2-INSERT] ROUTE FAILED | queryId=GCinsertGuidelineCalculation | Reason=INSERT parameter count mismatch. SQL expects 8 parameters but request contains 7 parameters. | DurationMs=739
2026-08-17 15:26:00.720 | ERROR | [BAMOE-CAMEL-DB2] Failed to publish to Kafka | Topic=orch-engine-error-log | Reason=Failed to create Producer for endpoint: kafka://orch-engine-error-log?brokers=host.containers.internal%3A9092&deliveryTimeoutMs=5000&maxBlockMs=3000&requestTimeoutMs=3000&retries=3. Reason: org.apache.kafka.common.KafkaException: Failed to construct kafka producer
2026-08-17 15:26:50.468 | INFO | [BAMOE-CAMEL-DB2-INSERT] STEP 1 - HTTP POST Request Received | Body={
  "queryId": "GCinsertGuidelineCalculation",
  "params": {
    "GDELN_CALC_ID": 1003,
    "INC_TAX_YR": "2026",
    "STAT_CD": "ACT",
    "ROW_VERS_ID": 0,
    "RSN_TXT": "Initial calculation",
    "TIME_WITH_NCP_SAME_IND": 0,
    "SHOW_MAX_RSLTS_IND": 0,
    "RESULT_TYPE": "GDL"
  }
}
2026-08-17 15:26:50.470 | INFO | [BAMOE-CAMEL-DB2-INSERT] STEP 1 - Parsed successfully | queryId=GCinsertGuidelineCalculation | ParameterCount=8
2026-08-17 15:26:50.489 | ERROR | [BAMOE-CAMEL-DB2] Failed to publish to Kafka | Topic=bamoe-event-publish | Reason=Failed to create Producer for endpoint: kafka://bamoe-event-publish?brokers=host.containers.internal%3A9092&deliveryTimeoutMs=5000&maxBlockMs=3000&requestTimeoutMs=3000&retries=3. Reason: org.apache.kafka.common.KafkaException: Failed to construct kafka producer
2026-08-17 15:26:50.490 | INFO | [BAMOE-CAMEL-DB2-INSERT] STEP 2 - Kafka REQUEST event published | Topic=bamoe-event-publish | queryId=GCinsertGuidelineCalculation
2026-08-17 15:26:50.491 | INFO | [BAMOE-CAMEL-DB2-INSERT] STEP 3 - Calling CamelDb2Connector | queryId=GCinsertGuidelineCalculation
2026-08-17 15:26:50.493 | INFO | [BAMOE-CAMEL-DB2-CONNECTOR] Opening DB2 connection for INSERT | SQL=INSERT INTO CSE1DV01.ARAGHUNA.GUIDELINE_CALCULATION (GDELN_CALC_ID, INC_TAX_YR, STAT_CD, ROW_VERS_ID, RSN_TXT, TIME_WITH_NCP_SAME_IND, SHOW_MAX_RSLTS_IND, RESULT_TYPE) VALUES (?, ?, ?, ?, ?, ?, ?, ?) | ParameterCount=8
2026-08-17 15:26:51.167 | INFO | [BAMOE-CAMEL-DB2-CONNECTOR] DB2 connection acquired | AutoCommit=true
2026-08-17 15:26:51.169 | INFO | [BAMOE-CAMEL-DB2-CONNECTOR] INSERT parameter bound | Position=1 | Column=GDELN_CALC_ID | JavaType=Integer
2026-08-17 15:26:51.170 | INFO | [BAMOE-CAMEL-DB2-CONNECTOR] INSERT parameter bound | Position=2 | Column=INC_TAX_YR | JavaType=String
2026-08-17 15:26:51.171 | INFO | [BAMOE-CAMEL-DB2-CONNECTOR] INSERT parameter bound | Position=3 | Column=STAT_CD | JavaType=String
2026-08-17 15:26:51.172 | INFO | [BAMOE-CAMEL-DB2-CONNECTOR] INSERT parameter bound | Position=4 | Column=ROW_VERS_ID | JavaType=Integer
2026-08-17 15:26:51.173 | INFO | [BAMOE-CAMEL-DB2-CONNECTOR] INSERT parameter bound | Position=5 | Column=RSN_TXT | JavaType=String
2026-08-17 15:26:51.175 | INFO | [BAMOE-CAMEL-DB2-CONNECTOR] INSERT parameter bound | Position=6 | Column=TIME_WITH_NCP_SAME_IND | JavaType=Integer
2026-08-17 15:26:51.176 | INFO | [BAMOE-CAMEL-DB2-CONNECTOR] INSERT parameter bound | Position=7 | Column=SHOW_MAX_RSLTS_IND | JavaType=Integer
2026-08-17 15:26:51.177 | INFO | [BAMOE-CAMEL-DB2-CONNECTOR] INSERT parameter bound | Position=8 | Column=RESULT_TYPE | JavaType=String
2026-08-17 15:26:51.179 | INFO | [BAMOE-CAMEL-DB2-CONNECTOR] Executing DB2 INSERT | SQL=INSERT INTO CSE1DV01.ARAGHUNA.GUIDELINE_CALCULATION (GDELN_CALC_ID, INC_TAX_YR, STAT_CD, ROW_VERS_ID, RSN_TXT, TIME_WITH_NCP_SAME_IND, SHOW_MAX_RSLTS_IND, RESULT_TYPE) VALUES (?, ?, ?, ?, ?, ?, ?, ?)
2026-08-17 15:26:51.263 | INFO | [BAMOE-CAMEL-DB2-CONNECTOR] DB2 INSERT successful | RowsInserted=1 | DurationMs=770
2026-08-17 15:26:51.267 | INFO | [BAMOE-CAMEL-DB2-CONNECTOR] DB2 connection closed | Operation=INSERT
2026-08-17 15:26:51.270 | INFO | [BAMOE-CAMEL-DB2-INSERT] STEP 3 - DB2 INSERT complete | queryId=GCinsertGuidelineCalculation | RowsInserted=1
2026-08-17 15:26:51.276 | INFO | [BAMOE-CAMEL-DB2-INSERT] STEP 4 - JSON Response built | queryId=GCinsertGuidelineCalculation | RowsInserted=1
2026-08-17 15:26:51.285 | ERROR | [BAMOE-CAMEL-DB2] Failed to publish to Kafka | Topic=bamoe-event-publish | Reason=Failed to create Producer for endpoint: kafka://bamoe-event-publish?brokers=host.containers.internal%3A9092&deliveryTimeoutMs=5000&maxBlockMs=3000&requestTimeoutMs=3000&retries=3. Reason: org.apache.kafka.common.KafkaException: Failed to construct kafka producer
2026-08-17 15:26:51.287 | INFO | [BAMOE-CAMEL-DB2-INSERT] STEP 5 - Published SUCCESS event to Kafka | Topic=bamoe-event-publish | queryId=GCinsertGuidelineCalculation | RowsInserted=1 | DurationMs=808
2026-08-17 15:26:51.288 | INFO | [BAMOE-CAMEL-DB2-INSERT] ROUTE COMPLETE | queryId=GCinsertGuidelineCalculation | DurationMs=808
2026-08-17 15:27:19.459 | INFO | [BAMOE-CAMEL-DB2-INSERT] STEP 1 - HTTP POST Request Received | Body={
  "queryId": "GCinsertGuidelineCalculation",
  "params": {
    "GDELN_CALC_ID": 1002,
    "INC_TAX_YR": "2026",
    "STAT_CD": "ACT",
    "ROW_VERS_ID": 0,
    "RSN_TXT": "Initial calculation",
    "TIME_WITH_NCP_SAME_IND": 0,
    "SHOW_MAX_RSLTS_IND": 0,
    "RESULT_TYPE": "GDL"
  }
}
2026-08-17 15:27:19.461 | INFO | [BAMOE-CAMEL-DB2-INSERT] STEP 1 - Parsed successfully | queryId=GCinsertGuidelineCalculation | ParameterCount=8
2026-08-17 15:27:19.502 | ERROR | [BAMOE-CAMEL-DB2] Failed to publish to Kafka | Topic=bamoe-event-publish | Reason=Failed to create Producer for endpoint: kafka://bamoe-event-publish?brokers=host.containers.internal%3A9092&deliveryTimeoutMs=5000&maxBlockMs=3000&requestTimeoutMs=3000&retries=3. Reason: org.apache.kafka.common.KafkaException: Failed to construct kafka producer
2026-08-17 15:27:19.503 | INFO | [BAMOE-CAMEL-DB2-INSERT] STEP 2 - Kafka REQUEST event published | Topic=bamoe-event-publish | queryId=GCinsertGuidelineCalculation
2026-08-17 15:27:19.504 | INFO | [BAMOE-CAMEL-DB2-INSERT] STEP 3 - Calling CamelDb2Connector | queryId=GCinsertGuidelineCalculation
2026-08-17 15:27:19.505 | INFO | [BAMOE-CAMEL-DB2-CONNECTOR] Opening DB2 connection for INSERT | SQL=INSERT INTO CSE1DV01.ARAGHUNA.GUIDELINE_CALCULATION (GDELN_CALC_ID, INC_TAX_YR, STAT_CD, ROW_VERS_ID, RSN_TXT, TIME_WITH_NCP_SAME_IND, SHOW_MAX_RSLTS_IND, RESULT_TYPE) VALUES (?, ?, ?, ?, ?, ?, ?, ?) | ParameterCount=8
2026-08-17 15:27:20.183 | INFO | [BAMOE-CAMEL-DB2-CONNECTOR] DB2 connection acquired | AutoCommit=true
2026-08-17 15:27:20.184 | INFO | [BAMOE-CAMEL-DB2-CONNECTOR] INSERT parameter bound | Position=1 | Column=GDELN_CALC_ID | JavaType=Integer
2026-08-17 15:27:20.186 | INFO | [BAMOE-CAMEL-DB2-CONNECTOR] INSERT parameter bound | Position=2 | Column=INC_TAX_YR | JavaType=String
2026-08-17 15:27:20.187 | INFO | [BAMOE-CAMEL-DB2-CONNECTOR] INSERT parameter bound | Position=3 | Column=STAT_CD | JavaType=String
2026-08-17 15:27:20.188 | INFO | [BAMOE-CAMEL-DB2-CONNECTOR] INSERT parameter bound | Position=4 | Column=ROW_VERS_ID | JavaType=Integer
2026-08-17 15:27:20.189 | INFO | [BAMOE-CAMEL-DB2-CONNECTOR] INSERT parameter bound | Position=5 | Column=RSN_TXT | JavaType=String
2026-08-17 15:27:20.190 | INFO | [BAMOE-CAMEL-DB2-CONNECTOR] INSERT parameter bound | Position=6 | Column=TIME_WITH_NCP_SAME_IND | JavaType=Integer
2026-08-17 15:27:20.191 | INFO | [BAMOE-CAMEL-DB2-CONNECTOR] INSERT parameter bound | Position=7 | Column=SHOW_MAX_RSLTS_IND | JavaType=Integer
2026-08-17 15:27:20.192 | INFO | [BAMOE-CAMEL-DB2-CONNECTOR] INSERT parameter bound | Position=8 | Column=RESULT_TYPE | JavaType=String
2026-08-17 15:27:20.193 | INFO | [BAMOE-CAMEL-DB2-CONNECTOR] Executing DB2 INSERT | SQL=INSERT INTO CSE1DV01.ARAGHUNA.GUIDELINE_CALCULATION (GDELN_CALC_ID, INC_TAX_YR, STAT_CD, ROW_VERS_ID, RSN_TXT, TIME_WITH_NCP_SAME_IND, SHOW_MAX_RSLTS_IND, RESULT_TYPE) VALUES (?, ?, ?, ?, ?, ?, ?, ?)
2026-08-17 15:27:20.440 | ERROR | [BAMOE-CAMEL-DB2-CONNECTOR] DB2 SQL EXCEPTION | Operation=INSERT | SQLState=23505 | ErrorCode=-803 | DurationMs=772 | Message=One or more values in the INSERT statement, UPDATE statement, or foreign key update caused by a DELETE statement are not valid because the primary key, unique constraint or unique index identified by "3" constrains table "ARAGHUNA.GUIDELINE_CALCULATION" from having duplicate values for the index key.. SQLCODE=-803, SQLSTATE=23505, DRIVER=4.33.31
2026-08-17 15:27:20.442 | INFO | [BAMOE-CAMEL-DB2-CONNECTOR] DB2 connection closed | Operation=INSERT
2026-08-17 15:27:20.443 | ERROR | [BAMOE-CAMEL-DB2-INSERT] ROUTE FAILED | queryId=GCinsertGuidelineCalculation | Reason=DB2 INSERT failed | SQLState=23505 | ErrorCode=-803 | Message=One or more values in the INSERT statement, UPDATE statement, or foreign key update caused by a DELETE statement are not valid because the primary key, unique constraint or unique index identified by "3" constrains table "ARAGHUNA.GUIDELINE_CALCULATION" from having duplicate values for the index key.. SQLCODE=-803, SQLSTATE=23505, DRIVER=4.33.31 | DurationMs=984
2026-08-17 15:27:20.448 | ERROR | [BAMOE-CAMEL-DB2] Failed to publish to Kafka | Topic=orch-engine-error-log | Reason=Failed to create Producer for endpoint: kafka://orch-engine-error-log?brokers=host.containers.internal%3A9092&deliveryTimeoutMs=5000&maxBlockMs=3000&requestTimeoutMs=3000&retries=3. Reason: org.apache.kafka.common.KafkaException: Failed to construct kafka producer
2026-08-17 15:28:58.858 | INFO | [BAMOE-CAMEL-DB2-INSERT] STEP 1 - HTTP POST Request Received | Body={
  "queryId": "GCinsertMonthlyDeduction",
  "params": {
    "CHLD_SUPT_PAID_OTH_RELSHP_AMT": 500.00,
    "MORTG_INT_AMT": 1000.00
  }
}
2026-08-17 15:28:58.860 | INFO | [BAMOE-CAMEL-DB2-INSERT] STEP 1 - Parsed successfully | queryId=GCinsertMonthlyDeduction | ParameterCount=2
2026-08-17 15:28:58.911 | ERROR | [BAMOE-CAMEL-DB2] Failed to publish to Kafka | Topic=bamoe-event-publish | Reason=Failed to create Producer for endpoint: kafka://bamoe-event-publish?brokers=host.containers.internal%3A9092&deliveryTimeoutMs=5000&maxBlockMs=3000&requestTimeoutMs=3000&retries=3. Reason: org.apache.kafka.common.KafkaException: Failed to construct kafka producer
2026-08-17 15:28:58.912 | INFO | [BAMOE-CAMEL-DB2-INSERT] STEP 2 - Kafka REQUEST event published | Topic=bamoe-event-publish | queryId=GCinsertMonthlyDeduction
2026-08-17 15:28:58.914 | INFO | [BAMOE-CAMEL-DB2-INSERT] STEP 3 - Calling CamelDb2Connector | queryId=GCinsertMonthlyDeduction
2026-08-17 15:28:58.915 | INFO | [BAMOE-CAMEL-DB2-CONNECTOR] Opening DB2 connection for INSERT | SQL=INSERT INTO CSE1DV01.ARAGHUNA.GUIDELINE_CALCULATION_MONTHLY_DEDUCTION (CHLD_SUPT_PAID_OTH_RELSHP_AMT, MORTG_INT_AMT) VALUES (?, ?) | ParameterCount=2
2026-08-17 15:28:59.618 | INFO | [BAMOE-CAMEL-DB2-CONNECTOR] DB2 connection acquired | AutoCommit=true
2026-08-17 15:28:59.620 | INFO | [BAMOE-CAMEL-DB2-CONNECTOR] INSERT parameter bound | Position=1 | Column=CHLD_SUPT_PAID_OTH_RELSHP_AMT | JavaType=Double
2026-08-17 15:28:59.621 | INFO | [BAMOE-CAMEL-DB2-CONNECTOR] INSERT parameter bound | Position=2 | Column=MORTG_INT_AMT | JavaType=Double
2026-08-17 15:28:59.622 | INFO | [BAMOE-CAMEL-DB2-CONNECTOR] Executing DB2 INSERT | SQL=INSERT INTO CSE1DV01.ARAGHUNA.GUIDELINE_CALCULATION_MONTHLY_DEDUCTION (CHLD_SUPT_PAID_OTH_RELSHP_AMT, MORTG_INT_AMT) VALUES (?, ?)
2026-08-17 15:28:59.868 | ERROR | [BAMOE-CAMEL-DB2-CONNECTOR] DB2 SQL EXCEPTION | Operation=INSERT | SQLState=23502 | ErrorCode=-407 | DurationMs=790 | Message=Assignment of a NULL value to a NOT NULL column "TBSPACEID=25, TABLEID=29973, COLNO=0" is not allowed.. SQLCODE=-407, SQLSTATE=23502, DRIVER=4.33.31
2026-08-17 15:28:59.870 | INFO | [BAMOE-CAMEL-DB2-CONNECTOR] DB2 connection closed | Operation=INSERT
2026-08-17 15:28:59.872 | ERROR | [BAMOE-CAMEL-DB2-INSERT] ROUTE FAILED | queryId=GCinsertMonthlyDeduction | Reason=DB2 INSERT failed | SQLState=23502 | ErrorCode=-407 | Message=Assignment of a NULL value to a NOT NULL column "TBSPACEID=25, TABLEID=29973, COLNO=0" is not allowed.. SQLCODE=-407, SQLSTATE=23502, DRIVER=4.33.31 | DurationMs=1014
2026-08-17 15:28:59.879 | ERROR | [BAMOE-CAMEL-DB2] Failed to publish to Kafka | Topic=orch-engine-error-log | Reason=Failed to create Producer for endpoint: kafka://orch-engine-error-log?brokers=host.containers.internal%3A9092&deliveryTimeoutMs=5000&maxBlockMs=3000&requestTimeoutMs=3000&retries=3. Reason: org.apache.kafka.common.KafkaException: Failed to construct kafka producer
2026-08-17 15:43:06.729 | INFO | [BAMOE-CAMEL-DB2-INSERT] STEP 1 - HTTP POST Request Received | Body={
  "queryId": "GCinsertMonthlyDeduction",
  "params": {
    "CHLD_SUPT_PAID_OTH_RELSHP_AMT": 500.00,
    "MORTG_INT_AMT": 1000.00
  }
}
2026-08-17 15:43:06.731 | INFO | [BAMOE-CAMEL-DB2-INSERT] STEP 1 - Parsed successfully | queryId=GCinsertMonthlyDeduction | ParameterCount=2
2026-08-17 15:43:06.779 | ERROR | [BAMOE-CAMEL-DB2] Failed to publish to Kafka | Topic=bamoe-event-publish | Reason=Failed to create Producer for endpoint: kafka://bamoe-event-publish?brokers=host.containers.internal%3A9092&deliveryTimeoutMs=5000&maxBlockMs=3000&requestTimeoutMs=3000&retries=3. Reason: org.apache.kafka.common.KafkaException: Failed to construct kafka producer
2026-08-17 15:43:06.781 | INFO | [BAMOE-CAMEL-DB2-INSERT] STEP 2 - Kafka REQUEST event published | Topic=bamoe-event-publish | queryId=GCinsertMonthlyDeduction
2026-08-17 15:43:06.782 | INFO | [BAMOE-CAMEL-DB2-INSERT] STEP 3 - Calling CamelDb2Connector | queryId=GCinsertMonthlyDeduction
2026-08-17 15:43:06.784 | INFO | [BAMOE-CAMEL-DB2-CONNECTOR] Opening DB2 connection for INSERT | SQL=INSERT INTO CSE1DV01.ARAGHUNA.GUIDELINE_CALCULATION_MONTHLY_DEDUCTION (CHLD_SUPT_PAID_OTH_RELSHP_AMT, MORTG_INT_AMT) VALUES (?, ?) | ParameterCount=2
2026-08-17 15:43:07.469 | INFO | [BAMOE-CAMEL-DB2-CONNECTOR] DB2 connection acquired | AutoCommit=true
2026-08-17 15:43:07.471 | INFO | [BAMOE-CAMEL-DB2-CONNECTOR] INSERT parameter bound | Position=1 | Column=CHLD_SUPT_PAID_OTH_RELSHP_AMT | JavaType=Double
2026-08-17 15:43:07.472 | INFO | [BAMOE-CAMEL-DB2-CONNECTOR] INSERT parameter bound | Position=2 | Column=MORTG_INT_AMT | JavaType=Double
2026-08-17 15:43:07.474 | INFO | [BAMOE-CAMEL-DB2-CONNECTOR] Executing DB2 INSERT | SQL=INSERT INTO CSE1DV01.ARAGHUNA.GUIDELINE_CALCULATION_MONTHLY_DEDUCTION (CHLD_SUPT_PAID_OTH_RELSHP_AMT, MORTG_INT_AMT) VALUES (?, ?)
2026-08-17 15:43:07.719 | ERROR | [BAMOE-CAMEL-DB2-CONNECTOR] DB2 SQL EXCEPTION | Operation=INSERT | SQLState=23502 | ErrorCode=-407 | DurationMs=773 | Message=Assignment of a NULL value to a NOT NULL column "TBSPACEID=25, TABLEID=29973, COLNO=0" is not allowed.. SQLCODE=-407, SQLSTATE=23502, DRIVER=4.33.31
2026-08-17 15:43:07.722 | INFO | [BAMOE-CAMEL-DB2-CONNECTOR] DB2 connection closed | Operation=INSERT
2026-08-17 15:43:07.723 | ERROR | [BAMOE-CAMEL-DB2-INSERT] ROUTE FAILED | queryId=GCinsertMonthlyDeduction | Reason=DB2 INSERT failed | SQLState=23502 | ErrorCode=-407 | Message=Assignment of a NULL value to a NOT NULL column "TBSPACEID=25, TABLEID=29973, COLNO=0" is not allowed.. SQLCODE=-407, SQLSTATE=23502, DRIVER=4.33.31 | DurationMs=994
2026-08-17 15:43:07.729 | ERROR | [BAMOE-CAMEL-DB2] Failed to publish to Kafka | Topic=orch-engine-error-log | Reason=Failed to create Producer for endpoint: kafka://orch-engine-error-log?brokers=host.containers.internal%3A9092&deliveryTimeoutMs=5000&maxBlockMs=3000&requestTimeoutMs=3000&retries=3. Reason: org.apache.kafka.common.KafkaException: Failed to construct kafka producer
2026-08-17 15:43:51.585 | INFO | [BAMOE-CAMEL-DB2-INSERT] STEP 1 - HTTP POST Request Received | Body={
  "queryId": "GCinsertMonthlyIncomeResult",
  "params": {
    "GDELN_CALC_MO_INC_RSLT_ID": 1005,
    "MO_GROSS_INC_AMT": 5000.00,
    "FICA_AMT": 382.50,
    "CASDI_AMT": 45.00,
    "FED_TAX_LIABL_AMT": 300.00,
    "ST_TAX_LIABL_AMT": 150.00,
    "MO_NET_DISP_INC_AMT": 4422.50,
    "MO_FED_ADJ_GROSS_INC_AMT": 4700.00,
    "MO_FED_TAX_INC_AMT": 4400.00
  }
}
2026-08-17 15:43:51.587 | INFO | [BAMOE-CAMEL-DB2-INSERT] STEP 1 - Parsed successfully | queryId=GCinsertMonthlyIncomeResult | ParameterCount=9
2026-08-17 15:43:51.609 | ERROR | [BAMOE-CAMEL-DB2] Failed to publish to Kafka | Topic=bamoe-event-publish | Reason=Failed to create Producer for endpoint: kafka://bamoe-event-publish?brokers=host.containers.internal%3A9092&deliveryTimeoutMs=5000&maxBlockMs=3000&requestTimeoutMs=3000&retries=3. Reason: org.apache.kafka.common.KafkaException: Failed to construct kafka producer
2026-08-17 15:43:51.610 | INFO | [BAMOE-CAMEL-DB2-INSERT] STEP 2 - Kafka REQUEST event published | Topic=bamoe-event-publish | queryId=GCinsertMonthlyIncomeResult
2026-08-17 15:43:51.611 | INFO | [BAMOE-CAMEL-DB2-INSERT] STEP 3 - Calling CamelDb2Connector | queryId=GCinsertMonthlyIncomeResult
2026-08-17 15:43:51.613 | INFO | [BAMOE-CAMEL-DB2-CONNECTOR] Opening DB2 connection for INSERT | SQL=INSERT INTO CSE1DV01.ARAGHUNA.GUIDELINE_CALCULATION_MONTHLY_INCOME_RESULT (GDELN_CALC_MO_INC_RSLT_ID, MO_GROSS_INC_AMT, FICA_AMT, CASDI_AMT, FED_TAX_LIABL_AMT, ST_TAX_LIABL_AMT, MO_NET_DISP_INC_AMT, MO_FED_ADJ_GROSS_INC_AMT, MO_FED_TAX_INC_AMT) VALUES (?, ?, ?, ?, ?, ?, ?, ?, ?) | ParameterCount=9
2026-08-17 15:43:52.342 | INFO | [BAMOE-CAMEL-DB2-CONNECTOR] DB2 connection acquired | AutoCommit=true
2026-08-17 15:43:52.344 | INFO | [BAMOE-CAMEL-DB2-CONNECTOR] INSERT parameter bound | Position=1 | Column=GDELN_CALC_MO_INC_RSLT_ID | JavaType=Integer
2026-08-17 15:43:52.345 | INFO | [BAMOE-CAMEL-DB2-CONNECTOR] INSERT parameter bound | Position=2 | Column=MO_GROSS_INC_AMT | JavaType=Double
2026-08-17 15:43:52.346 | INFO | [BAMOE-CAMEL-DB2-CONNECTOR] INSERT parameter bound | Position=3 | Column=FICA_AMT | JavaType=Double
2026-08-17 15:43:52.347 | INFO | [BAMOE-CAMEL-DB2-CONNECTOR] INSERT parameter bound | Position=4 | Column=CASDI_AMT | JavaType=Double
2026-08-17 15:43:52.348 | INFO | [BAMOE-CAMEL-DB2-CONNECTOR] INSERT parameter bound | Position=5 | Column=FED_TAX_LIABL_AMT | JavaType=Double
2026-08-17 15:43:52.349 | INFO | [BAMOE-CAMEL-DB2-CONNECTOR] INSERT parameter bound | Position=6 | Column=ST_TAX_LIABL_AMT | JavaType=Double
2026-08-17 15:43:52.350 | INFO | [BAMOE-CAMEL-DB2-CONNECTOR] INSERT parameter bound | Position=7 | Column=MO_NET_DISP_INC_AMT | JavaType=Double
2026-08-17 15:43:52.351 | INFO | [BAMOE-CAMEL-DB2-CONNECTOR] INSERT parameter bound | Position=8 | Column=MO_FED_ADJ_GROSS_INC_AMT | JavaType=Double
2026-08-17 15:43:52.352 | INFO | [BAMOE-CAMEL-DB2-CONNECTOR] INSERT parameter bound | Position=9 | Column=MO_FED_TAX_INC_AMT | JavaType=Double
2026-08-17 15:43:52.353 | INFO | [BAMOE-CAMEL-DB2-CONNECTOR] Executing DB2 INSERT | SQL=INSERT INTO CSE1DV01.ARAGHUNA.GUIDELINE_CALCULATION_MONTHLY_INCOME_RESULT (GDELN_CALC_MO_INC_RSLT_ID, MO_GROSS_INC_AMT, FICA_AMT, CASDI_AMT, FED_TAX_LIABL_AMT, ST_TAX_LIABL_AMT, MO_NET_DISP_INC_AMT, MO_FED_ADJ_GROSS_INC_AMT, MO_FED_TAX_INC_AMT) VALUES (?, ?, ?, ?, ?, ?, ?, ?, ?)
2026-08-17 15:43:52.439 | INFO | [BAMOE-CAMEL-DB2-CONNECTOR] DB2 INSERT successful | RowsInserted=1 | DurationMs=826
2026-08-17 15:43:52.441 | INFO | [BAMOE-CAMEL-DB2-CONNECTOR] DB2 connection closed | Operation=INSERT
2026-08-17 15:43:52.442 | INFO | [BAMOE-CAMEL-DB2-INSERT] STEP 3 - DB2 INSERT complete | queryId=GCinsertMonthlyIncomeResult | RowsInserted=1
2026-08-17 15:43:52.443 | INFO | [BAMOE-CAMEL-DB2-INSERT] STEP 4 - JSON Response built | queryId=GCinsertMonthlyIncomeResult | RowsInserted=1
2026-08-17 15:43:52.447 | ERROR | [BAMOE-CAMEL-DB2] Failed to publish to Kafka | Topic=bamoe-event-publish | Reason=Failed to create Producer for endpoint: kafka://bamoe-event-publish?brokers=host.containers.internal%3A9092&deliveryTimeoutMs=5000&maxBlockMs=3000&requestTimeoutMs=3000&retries=3. Reason: org.apache.kafka.common.KafkaException: Failed to construct kafka producer
2026-08-17 15:43:52.448 | INFO | [BAMOE-CAMEL-DB2-INSERT] STEP 5 - Published SUCCESS event to Kafka | Topic=bamoe-event-publish | queryId=GCinsertMonthlyIncomeResult | RowsInserted=1 | DurationMs=858
2026-08-17 15:43:52.450 | INFO | [BAMOE-CAMEL-DB2-INSERT] ROUTE COMPLETE | queryId=GCinsertMonthlyIncomeResult | DurationMs=858
2026-08-17 15:47:47.206 | INFO | [BAMOE-CAMEL-DB2-INSERT] STEP 1 - HTTP POST Request Received | Body={
  "queryId": "GCinsertMonthlyDeduction",
  "params": {
    "CHLD_SUPT_PAID_OTH_RELSHP_AMT": 500.00,
    "MORTG_INT_AMT": 1000.00
  }
}
2026-08-17 15:47:47.208 | INFO | [BAMOE-CAMEL-DB2-INSERT] STEP 1 - Parsed successfully | queryId=GCinsertMonthlyDeduction | ParameterCount=2
2026-08-17 15:47:47.221 | ERROR | [BAMOE-CAMEL-DB2] Failed to publish to Kafka | Topic=bamoe-event-publish | Reason=Failed to create Producer for endpoint: kafka://bamoe-event-publish?brokers=host.containers.internal%3A9092&deliveryTimeoutMs=5000&maxBlockMs=3000&requestTimeoutMs=3000&retries=3. Reason: org.apache.kafka.common.KafkaException: Failed to construct kafka producer
2026-08-17 15:47:47.223 | INFO | [BAMOE-CAMEL-DB2-INSERT] STEP 2 - Kafka REQUEST event published | Topic=bamoe-event-publish | queryId=GCinsertMonthlyDeduction
2026-08-17 15:47:47.224 | INFO | [BAMOE-CAMEL-DB2-INSERT] STEP 3 - Calling CamelDb2Connector | queryId=GCinsertMonthlyDeduction
2026-08-17 15:47:47.225 | INFO | [BAMOE-CAMEL-DB2-CONNECTOR] Opening DB2 connection for INSERT | SQL=INSERT INTO CSE1DV01.ARAGHUNA.GUIDELINE_CALCULATION_MONTHLY_DEDUCTION (CHLD_SUPT_PAID_OTH_RELSHP_AMT, MORTG_INT_AMT) VALUES (?, ?) | ParameterCount=2
2026-08-17 15:47:47.903 | INFO | [BAMOE-CAMEL-DB2-CONNECTOR] DB2 connection acquired | AutoCommit=true
2026-08-17 15:47:47.903 | INFO | [BAMOE-CAMEL-DB2-CONNECTOR] INSERT parameter bound | Position=1 | Column=CHLD_SUPT_PAID_OTH_RELSHP_AMT | JavaType=Double
2026-08-17 15:47:47.905 | INFO | [BAMOE-CAMEL-DB2-CONNECTOR] INSERT parameter bound | Position=2 | Column=MORTG_INT_AMT | JavaType=Double
2026-08-17 15:47:47.906 | INFO | [BAMOE-CAMEL-DB2-CONNECTOR] Executing DB2 INSERT | SQL=INSERT INTO CSE1DV01.ARAGHUNA.GUIDELINE_CALCULATION_MONTHLY_DEDUCTION (CHLD_SUPT_PAID_OTH_RELSHP_AMT, MORTG_INT_AMT) VALUES (?, ?)
2026-08-17 15:47:48.155 | ERROR | [BAMOE-CAMEL-DB2-CONNECTOR] DB2 SQL EXCEPTION | Operation=INSERT | SQLState=23502 | ErrorCode=-407 | DurationMs=768 | Message=Assignment of a NULL value to a NOT NULL column "TBSPACEID=25, TABLEID=29973, COLNO=0" is not allowed.. SQLCODE=-407, SQLSTATE=23502, DRIVER=4.33.31
2026-08-17 15:47:48.157 | INFO | [BAMOE-CAMEL-DB2-CONNECTOR] DB2 connection closed | Operation=INSERT
2026-08-17 15:47:48.159 | ERROR | [BAMOE-CAMEL-DB2-INSERT] ROUTE FAILED | queryId=GCinsertMonthlyDeduction | Reason=DB2 INSERT failed | SQLState=23502 | ErrorCode=-407 | Message=Assignment of a NULL value to a NOT NULL column "TBSPACEID=25, TABLEID=29973, COLNO=0" is not allowed.. SQLCODE=-407, SQLSTATE=23502, DRIVER=4.33.31 | DurationMs=953
2026-08-17 15:47:48.164 | ERROR | [BAMOE-CAMEL-DB2] Failed to publish to Kafka | Topic=orch-engine-error-log | Reason=Failed to create Producer for endpoint: kafka://orch-engine-error-log?brokers=host.containers.internal%3A9092&deliveryTimeoutMs=5000&maxBlockMs=3000&requestTimeoutMs=3000&retries=3. Reason: org.apache.kafka.common.KafkaException: Failed to construct kafka producer
2026-08-17 15:52:15.524 | INFO | [BAMOE-CAMEL-DB2-INSERT] STEP 1 - HTTP POST Request Received | Body={
  "queryId": "GCinsertGuidelineCalculation",
  "params": {
    "GDELN_CALC_ID": 1001,
    "INC_TAX_YR": "2026",
    "STAT_CD": "ACT",
    "ROW_VERS_ID": 0,
    "RSN_TXT": "Initial calculation",
    "TIME_WITH_NCP_SAME_IND": 0,
    "SHOW_MAX_RSLTS_IND": 0,
    "RESULT_TYPE": "GDL"
  }
}
2026-08-17 15:52:15.525 | INFO | [BAMOE-CAMEL-DB2-INSERT] STEP 1 - Parsed successfully | queryId=GCinsertGuidelineCalculation | ParameterCount=8
2026-08-17 15:52:15.564 | ERROR | [BAMOE-CAMEL-DB2] Failed to publish to Kafka | Topic=bamoe-event-publish | Reason=Failed to create Producer for endpoint: kafka://bamoe-event-publish?brokers=host.containers.internal%3A9092&deliveryTimeoutMs=5000&maxBlockMs=3000&requestTimeoutMs=3000&retries=3. Reason: org.apache.kafka.common.KafkaException: Failed to construct kafka producer
2026-08-17 15:52:15.565 | INFO | [BAMOE-CAMEL-DB2-INSERT] STEP 2 - Kafka REQUEST event published | Topic=bamoe-event-publish | queryId=GCinsertGuidelineCalculation
2026-08-17 15:52:15.567 | INFO | [BAMOE-CAMEL-DB2-INSERT] STEP 3 - Calling CamelDb2Connector | queryId=GCinsertGuidelineCalculation
2026-08-17 15:52:15.568 | INFO | [BAMOE-CAMEL-DB2-CONNECTOR] Opening DB2 connection for INSERT | SQL=INSERT INTO CSE1DV01.ARAGHUNA.GUIDELINE_CALCULATION (GDELN_CALC_ID, INC_TAX_YR, STAT_CD, ROW_VERS_ID, RSN_TXT, TIME_WITH_NCP_SAME_IND, SHOW_MAX_RSLTS_IND, RESULT_TYPE) VALUES (?, ?, ?, ?, ?, ?, ?, ?) | ParameterCount=8
2026-08-17 15:52:16.274 | INFO | [BAMOE-CAMEL-DB2-CONNECTOR] DB2 connection acquired | AutoCommit=true
2026-08-17 15:52:16.276 | INFO | [BAMOE-CAMEL-DB2-CONNECTOR] INSERT parameter bound | Position=1 | Column=GDELN_CALC_ID | JavaType=Integer
2026-08-17 15:52:16.277 | INFO | [BAMOE-CAMEL-DB2-CONNECTOR] INSERT parameter bound | Position=2 | Column=INC_TAX_YR | JavaType=String
2026-08-17 15:52:16.278 | INFO | [BAMOE-CAMEL-DB2-CONNECTOR] INSERT parameter bound | Position=3 | Column=STAT_CD | JavaType=String
2026-08-17 15:52:16.279 | INFO | [BAMOE-CAMEL-DB2-CONNECTOR] INSERT parameter bound | Position=4 | Column=ROW_VERS_ID | JavaType=Integer
2026-08-17 15:52:16.280 | INFO | [BAMOE-CAMEL-DB2-CONNECTOR] INSERT parameter bound | Position=5 | Column=RSN_TXT | JavaType=String
2026-08-17 15:52:16.281 | INFO | [BAMOE-CAMEL-DB2-CONNECTOR] INSERT parameter bound | Position=6 | Column=TIME_WITH_NCP_SAME_IND | JavaType=Integer
2026-08-17 15:52:16.283 | INFO | [BAMOE-CAMEL-DB2-CONNECTOR] INSERT parameter bound | Position=7 | Column=SHOW_MAX_RSLTS_IND | JavaType=Integer
2026-08-17 15:52:16.286 | INFO | [BAMOE-CAMEL-DB2-CONNECTOR] INSERT parameter bound | Position=8 | Column=RESULT_TYPE | JavaType=String
2026-08-17 15:52:16.289 | INFO | [BAMOE-CAMEL-DB2-CONNECTOR] Executing DB2 INSERT | SQL=INSERT INTO CSE1DV01.ARAGHUNA.GUIDELINE_CALCULATION (GDELN_CALC_ID, INC_TAX_YR, STAT_CD, ROW_VERS_ID, RSN_TXT, TIME_WITH_NCP_SAME_IND, SHOW_MAX_RSLTS_IND, RESULT_TYPE) VALUES (?, ?, ?, ?, ?, ?, ?, ?)
2026-08-17 15:52:16.537 | ERROR | [BAMOE-CAMEL-DB2-CONNECTOR] DB2 SQL EXCEPTION | Operation=INSERT | SQLState=23505 | ErrorCode=-803 | DurationMs=807 | Message=One or more values in the INSERT statement, UPDATE statement, or foreign key update caused by a DELETE statement are not valid because the primary key, unique constraint or unique index identified by "3" constrains table "ARAGHUNA.GUIDELINE_CALCULATION" from having duplicate values for the index key.. SQLCODE=-803, SQLSTATE=23505, DRIVER=4.33.31
2026-08-17 15:52:16.539 | INFO | [BAMOE-CAMEL-DB2-CONNECTOR] DB2 connection closed | Operation=INSERT
2026-08-17 15:52:16.540 | ERROR | [BAMOE-CAMEL-DB2-INSERT] ROUTE FAILED | queryId=GCinsertGuidelineCalculation | Reason=DB2 INSERT failed | SQLState=23505 | ErrorCode=-803 | Message=One or more values in the INSERT statement, UPDATE statement, or foreign key update caused by a DELETE statement are not valid because the primary key, unique constraint or unique index identified by "3" constrains table "ARAGHUNA.GUIDELINE_CALCULATION" from having duplicate values for the index key.. SQLCODE=-803, SQLSTATE=23505, DRIVER=4.33.31 | DurationMs=1016
2026-08-17 15:52:16.547 | ERROR | [BAMOE-CAMEL-DB2] Failed to publish to Kafka | Topic=orch-engine-error-log | Reason=Failed to create Producer for endpoint: kafka://orch-engine-error-log?brokers=host.containers.internal%3A9092&deliveryTimeoutMs=5000&maxBlockMs=3000&requestTimeoutMs=3000&retries=3. Reason: org.apache.kafka.common.KafkaException: Failed to construct kafka producer
2026-08-17 15:52:24.379 | INFO | [BAMOE-CAMEL-DB2-INSERT] STEP 1 - HTTP POST Request Received | Body={
  "queryId": "GCinsertGuidelineCalculation",
  "params": {
    "GDELN_CALC_ID": 1006,
    "INC_TAX_YR": "2026",
    "STAT_CD": "ACT",
    "ROW_VERS_ID": 0,
    "RSN_TXT": "Initial calculation",
    "TIME_WITH_NCP_SAME_IND": 0,
    "SHOW_MAX_RSLTS_IND": 0,
    "RESULT_TYPE": "GDL"
  }
}
2026-08-17 15:52:24.381 | INFO | [BAMOE-CAMEL-DB2-INSERT] STEP 1 - Parsed successfully | queryId=GCinsertGuidelineCalculation | ParameterCount=8
2026-08-17 15:52:24.388 | ERROR | [BAMOE-CAMEL-DB2] Failed to publish to Kafka | Topic=bamoe-event-publish | Reason=Failed to create Producer for endpoint: kafka://bamoe-event-publish?brokers=host.containers.internal%3A9092&deliveryTimeoutMs=5000&maxBlockMs=3000&requestTimeoutMs=3000&retries=3. Reason: org.apache.kafka.common.KafkaException: Failed to construct kafka producer
2026-08-17 15:52:24.389 | INFO | [BAMOE-CAMEL-DB2-INSERT] STEP 2 - Kafka REQUEST event published | Topic=bamoe-event-publish | queryId=GCinsertGuidelineCalculation
2026-08-17 15:52:24.391 | INFO | [BAMOE-CAMEL-DB2-INSERT] STEP 3 - Calling CamelDb2Connector | queryId=GCinsertGuidelineCalculation
2026-08-17 15:52:24.392 | INFO | [BAMOE-CAMEL-DB2-CONNECTOR] Opening DB2 connection for INSERT | SQL=INSERT INTO CSE1DV01.ARAGHUNA.GUIDELINE_CALCULATION (GDELN_CALC_ID, INC_TAX_YR, STAT_CD, ROW_VERS_ID, RSN_TXT, TIME_WITH_NCP_SAME_IND, SHOW_MAX_RSLTS_IND, RESULT_TYPE) VALUES (?, ?, ?, ?, ?, ?, ?, ?) | ParameterCount=8
2026-08-17 15:52:25.062 | INFO | [BAMOE-CAMEL-DB2-CONNECTOR] DB2 connection acquired | AutoCommit=true
2026-08-17 15:52:25.065 | INFO | [BAMOE-CAMEL-DB2-CONNECTOR] INSERT parameter bound | Position=1 | Column=GDELN_CALC_ID | JavaType=Integer
2026-08-17 15:52:25.066 | INFO | [BAMOE-CAMEL-DB2-CONNECTOR] INSERT parameter bound | Position=2 | Column=INC_TAX_YR | JavaType=String
2026-08-17 15:52:25.067 | INFO | [BAMOE-CAMEL-DB2-CONNECTOR] INSERT parameter bound | Position=3 | Column=STAT_CD | JavaType=String
2026-08-17 15:52:25.068 | INFO | [BAMOE-CAMEL-DB2-CONNECTOR] INSERT parameter bound | Position=4 | Column=ROW_VERS_ID | JavaType=Integer
2026-08-17 15:52:25.070 | INFO | [BAMOE-CAMEL-DB2-CONNECTOR] INSERT parameter bound | Position=5 | Column=RSN_TXT | JavaType=String
2026-08-17 15:52:25.071 | INFO | [BAMOE-CAMEL-DB2-CONNECTOR] INSERT parameter bound | Position=6 | Column=TIME_WITH_NCP_SAME_IND | JavaType=Integer
2026-08-17 15:52:25.072 | INFO | [BAMOE-CAMEL-DB2-CONNECTOR] INSERT parameter bound | Position=7 | Column=SHOW_MAX_RSLTS_IND | JavaType=Integer
2026-08-17 15:52:25.073 | INFO | [BAMOE-CAMEL-DB2-CONNECTOR] INSERT parameter bound | Position=8 | Column=RESULT_TYPE | JavaType=String
2026-08-17 15:52:25.074 | INFO | [BAMOE-CAMEL-DB2-CONNECTOR] Executing DB2 INSERT | SQL=INSERT INTO CSE1DV01.ARAGHUNA.GUIDELINE_CALCULATION (GDELN_CALC_ID, INC_TAX_YR, STAT_CD, ROW_VERS_ID, RSN_TXT, TIME_WITH_NCP_SAME_IND, SHOW_MAX_RSLTS_IND, RESULT_TYPE) VALUES (?, ?, ?, ?, ?, ?, ?, ?)
2026-08-17 15:52:25.158 | INFO | [BAMOE-CAMEL-DB2-CONNECTOR] DB2 INSERT successful | RowsInserted=1 | DurationMs=766
2026-08-17 15:52:25.161 | INFO | [BAMOE-CAMEL-DB2-CONNECTOR] DB2 connection closed | Operation=INSERT
2026-08-17 15:52:25.162 | INFO | [BAMOE-CAMEL-DB2-INSERT] STEP 3 - DB2 INSERT complete | queryId=GCinsertGuidelineCalculation | RowsInserted=1
2026-08-17 15:52:25.163 | INFO | [BAMOE-CAMEL-DB2-INSERT] STEP 4 - JSON Response built | queryId=GCinsertGuidelineCalculation | RowsInserted=1
2026-08-17 15:52:25.170 | ERROR | [BAMOE-CAMEL-DB2] Failed to publish to Kafka | Topic=bamoe-event-publish | Reason=Failed to create Producer for endpoint: kafka://bamoe-event-publish?brokers=host.containers.internal%3A9092&deliveryTimeoutMs=5000&maxBlockMs=3000&requestTimeoutMs=3000&retries=3. Reason: org.apache.kafka.common.KafkaException: Failed to construct kafka producer
2026-08-17 15:52:25.171 | INFO | [BAMOE-CAMEL-DB2-INSERT] STEP 5 - Published SUCCESS event to Kafka | Topic=bamoe-event-publish | queryId=GCinsertGuidelineCalculation | RowsInserted=1 | DurationMs=784
2026-08-17 15:52:25.173 | INFO | [BAMOE-CAMEL-DB2-INSERT] ROUTE COMPLETE | queryId=GCinsertGuidelineCalculation | DurationMs=784
2026-08-17 15:53:17.606 | INFO | [BAMOE-CAMEL-DB2-INSERT] STEP 1 - HTTP POST Request Received | Body={
  "queryId": "GCinsertGuidelineCalculationTaxInformation",
  "params": {
    "GDLN_CALC_TAX_INFO_ID": 1001,
    "FILE_STAT_CD": "S",
    "NUM_OF_TAX_EXMPT_NUM": 2,
    "CA_FILE_STAT_CD": "S"
  }
}
2026-08-17 15:53:17.608 | INFO | [BAMOE-CAMEL-DB2-INSERT] STEP 1 - Parsed successfully | queryId=GCinsertGuidelineCalculationTaxInformation | ParameterCount=4
2026-08-17 15:53:17.648 | ERROR | [BAMOE-CAMEL-DB2] Failed to publish to Kafka | Topic=bamoe-event-publish | Reason=Failed to create Producer for endpoint: kafka://bamoe-event-publish?brokers=host.containers.internal%3A9092&deliveryTimeoutMs=5000&maxBlockMs=3000&requestTimeoutMs=3000&retries=3. Reason: org.apache.kafka.common.KafkaException: Failed to construct kafka producer
2026-08-17 15:53:17.650 | INFO | [BAMOE-CAMEL-DB2-INSERT] STEP 2 - Kafka REQUEST event published | Topic=bamoe-event-publish | queryId=GCinsertGuidelineCalculationTaxInformation
2026-08-17 15:53:17.651 | INFO | [BAMOE-CAMEL-DB2-INSERT] STEP 3 - Calling CamelDb2Connector | queryId=GCinsertGuidelineCalculationTaxInformation
2026-08-17 15:53:17.652 | INFO | [BAMOE-CAMEL-DB2-CONNECTOR] Opening DB2 connection for INSERT | SQL=INSERT INTO CSE1DV01.ARAGHUNA.GUIDELINE_CALCULATION_TAX_INFORMATION (GDLN_CALC_TAX_INFO_ID, FILE_STAT_CD, NUM_OF_TAX_EXMPT_NUM, CA_FILE_STAT_CD) VALUES (?, ?, ?, ?) | ParameterCount=4
2026-08-17 15:53:18.350 | INFO | [BAMOE-CAMEL-DB2-CONNECTOR] DB2 connection acquired | AutoCommit=true
2026-08-17 15:53:18.351 | INFO | [BAMOE-CAMEL-DB2-CONNECTOR] INSERT parameter bound | Position=1 | Column=GDLN_CALC_TAX_INFO_ID | JavaType=Integer
2026-08-17 15:53:18.353 | INFO | [BAMOE-CAMEL-DB2-CONNECTOR] INSERT parameter bound | Position=2 | Column=FILE_STAT_CD | JavaType=String
2026-08-17 15:53:18.354 | INFO | [BAMOE-CAMEL-DB2-CONNECTOR] INSERT parameter bound | Position=3 | Column=NUM_OF_TAX_EXMPT_NUM | JavaType=Integer
2026-08-17 15:53:18.355 | INFO | [BAMOE-CAMEL-DB2-CONNECTOR] INSERT parameter bound | Position=4 | Column=CA_FILE_STAT_CD | JavaType=String
2026-08-17 15:53:18.355 | INFO | [BAMOE-CAMEL-DB2-CONNECTOR] Executing DB2 INSERT | SQL=INSERT INTO CSE1DV01.ARAGHUNA.GUIDELINE_CALCULATION_TAX_INFORMATION (GDLN_CALC_TAX_INFO_ID, FILE_STAT_CD, NUM_OF_TAX_EXMPT_NUM, CA_FILE_STAT_CD) VALUES (?, ?, ?, ?)
2026-08-17 15:53:18.608 | ERROR | [BAMOE-CAMEL-DB2-CONNECTOR] DB2 SQL EXCEPTION | Operation=INSERT | SQLState=23505 | ErrorCode=-803 | DurationMs=789 | Message=One or more values in the INSERT statement, UPDATE statement, or foreign key update caused by a DELETE statement are not valid because the primary key, unique constraint or unique index identified by "1" constrains table "ARAGHUNA.GUIDELINE_CALCULATION_TAX_INFORMATION" from having duplicate values for the index key.. SQLCODE=-803, SQLSTATE=23505, DRIVER=4.33.31
2026-08-17 15:53:18.610 | INFO | [BAMOE-CAMEL-DB2-CONNECTOR] DB2 connection closed | Operation=INSERT
2026-08-17 15:53:18.611 | ERROR | [BAMOE-CAMEL-DB2-INSERT] ROUTE FAILED | queryId=GCinsertGuidelineCalculationTaxInformation | Reason=DB2 INSERT failed | SQLState=23505 | ErrorCode=-803 | Message=One or more values in the INSERT statement, UPDATE statement, or foreign key update caused by a DELETE statement are not valid because the primary key, unique constraint or unique index identified by "1" constrains table "ARAGHUNA.GUIDELINE_CALCULATION_TAX_INFORMATION" from having duplicate values for the index key.. SQLCODE=-803, SQLSTATE=23505, DRIVER=4.33.31 | DurationMs=1005
2026-08-17 15:53:18.616 | ERROR | [BAMOE-CAMEL-DB2] Failed to publish to Kafka | Topic=orch-engine-error-log | Reason=Failed to create Producer for endpoint: kafka://orch-engine-error-log?brokers=host.containers.internal%3A9092&deliveryTimeoutMs=5000&maxBlockMs=3000&requestTimeoutMs=3000&retries=3. Reason: org.apache.kafka.common.KafkaException: Failed to construct kafka producer
2026-08-17 15:53:25.241 | INFO | [BAMOE-CAMEL-DB2-INSERT] STEP 1 - HTTP POST Request Received | Body={
  "queryId": "GCinsertGuidelineCalculationTaxInformation",
  "params": {
    "GDLN_CALC_TAX_INFO_ID": 1003,
    "FILE_STAT_CD": "S",
    "NUM_OF_TAX_EXMPT_NUM": 2,
    "CA_FILE_STAT_CD": "S"
  }
}
2026-08-17 15:53:25.243 | INFO | [BAMOE-CAMEL-DB2-INSERT] STEP 1 - Parsed successfully | queryId=GCinsertGuidelineCalculationTaxInformation | ParameterCount=4
2026-08-17 15:53:25.248 | ERROR | [BAMOE-CAMEL-DB2] Failed to publish to Kafka | Topic=bamoe-event-publish | Reason=Failed to create Producer for endpoint: kafka://bamoe-event-publish?brokers=host.containers.internal%3A9092&deliveryTimeoutMs=5000&maxBlockMs=3000&requestTimeoutMs=3000&retries=3. Reason: org.apache.kafka.common.KafkaException: Failed to construct kafka producer
2026-08-17 15:53:25.249 | INFO | [BAMOE-CAMEL-DB2-INSERT] STEP 2 - Kafka REQUEST event published | Topic=bamoe-event-publish | queryId=GCinsertGuidelineCalculationTaxInformation
2026-08-17 15:53:25.250 | INFO | [BAMOE-CAMEL-DB2-INSERT] STEP 3 - Calling CamelDb2Connector | queryId=GCinsertGuidelineCalculationTaxInformation
2026-08-17 15:53:25.251 | INFO | [BAMOE-CAMEL-DB2-CONNECTOR] Opening DB2 connection for INSERT | SQL=INSERT INTO CSE1DV01.ARAGHUNA.GUIDELINE_CALCULATION_TAX_INFORMATION (GDLN_CALC_TAX_INFO_ID, FILE_STAT_CD, NUM_OF_TAX_EXMPT_NUM, CA_FILE_STAT_CD) VALUES (?, ?, ?, ?) | ParameterCount=4
2026-08-17 15:53:25.909 | INFO | [BAMOE-CAMEL-DB2-CONNECTOR] DB2 connection acquired | AutoCommit=true
2026-08-17 15:53:25.911 | INFO | [BAMOE-CAMEL-DB2-CONNECTOR] INSERT parameter bound | Position=1 | Column=GDLN_CALC_TAX_INFO_ID | JavaType=Integer
2026-08-17 15:53:25.912 | INFO | [BAMOE-CAMEL-DB2-CONNECTOR] INSERT parameter bound | Position=2 | Column=FILE_STAT_CD | JavaType=String
2026-08-17 15:53:25.913 | INFO | [BAMOE-CAMEL-DB2-CONNECTOR] INSERT parameter bound | Position=3 | Column=NUM_OF_TAX_EXMPT_NUM | JavaType=Integer
2026-08-17 15:53:25.914 | INFO | [BAMOE-CAMEL-DB2-CONNECTOR] INSERT parameter bound | Position=4 | Column=CA_FILE_STAT_CD | JavaType=String
2026-08-17 15:53:25.915 | INFO | [BAMOE-CAMEL-DB2-CONNECTOR] Executing DB2 INSERT | SQL=INSERT INTO CSE1DV01.ARAGHUNA.GUIDELINE_CALCULATION_TAX_INFORMATION (GDLN_CALC_TAX_INFO_ID, FILE_STAT_CD, NUM_OF_TAX_EXMPT_NUM, CA_FILE_STAT_CD) VALUES (?, ?, ?, ?)
2026-08-17 15:53:25.999 | INFO | [BAMOE-CAMEL-DB2-CONNECTOR] DB2 INSERT successful | RowsInserted=1 | DurationMs=748
2026-08-17 15:53:26.002 | INFO | [BAMOE-CAMEL-DB2-CONNECTOR] DB2 connection closed | Operation=INSERT
2026-08-17 15:53:26.003 | INFO | [BAMOE-CAMEL-DB2-INSERT] STEP 3 - DB2 INSERT complete | queryId=GCinsertGuidelineCalculationTaxInformation | RowsInserted=1
2026-08-17 15:53:26.005 | INFO | [BAMOE-CAMEL-DB2-INSERT] STEP 4 - JSON Response built | queryId=GCinsertGuidelineCalculationTaxInformation | RowsInserted=1
2026-08-17 15:53:26.009 | ERROR | [BAMOE-CAMEL-DB2] Failed to publish to Kafka | Topic=bamoe-event-publish | Reason=Failed to create Producer for endpoint: kafka://bamoe-event-publish?brokers=host.containers.internal%3A9092&deliveryTimeoutMs=5000&maxBlockMs=3000&requestTimeoutMs=3000&retries=3. Reason: org.apache.kafka.common.KafkaException: Failed to construct kafka producer
2026-08-17 15:53:26.010 | INFO | [BAMOE-CAMEL-DB2-INSERT] STEP 5 - Published SUCCESS event to Kafka | Topic=bamoe-event-publish | queryId=GCinsertGuidelineCalculationTaxInformation | RowsInserted=1 | DurationMs=764
2026-08-17 15:53:26.011 | INFO | [BAMOE-CAMEL-DB2-INSERT] ROUTE COMPLETE | queryId=GCinsertGuidelineCalculationTaxInformation | DurationMs=764
2026-08-17 15:55:11.118 | INFO | [BAMOE-CAMEL-DB2-INSERT] STEP 1 - HTTP POST Request Received | Body={
  "queryId": "GCinsertMonthlyIncomeResult",
  "params": {
    "GDELN_CALC_MO_INC_RSLT_ID": 1001,
    "MO_GROSS_INC_AMT": 5000.00,
    "FICA_AMT": 382.50,
    "CASDI_AMT": 45.00,
    "FED_TAX_LIABL_AMT": 300.00,
    "ST_TAX_LIABL_AMT": 150.00,
    "MO_NET_DISP_INC_AMT": 4422.50,
    "MO_FED_ADJ_GROSS_INC_AMT": 4700.00,
    "MO_FED_TAX_INC_AMT": 4400.00
  }
}
2026-08-17 15:55:11.120 | INFO | [BAMOE-CAMEL-DB2-INSERT] STEP 1 - Parsed successfully | queryId=GCinsertMonthlyIncomeResult | ParameterCount=9
2026-08-17 15:55:11.161 | ERROR | [BAMOE-CAMEL-DB2] Failed to publish to Kafka | Topic=bamoe-event-publish | Reason=Failed to create Producer for endpoint: kafka://bamoe-event-publish?brokers=host.containers.internal%3A9092&deliveryTimeoutMs=5000&maxBlockMs=3000&requestTimeoutMs=3000&retries=3. Reason: org.apache.kafka.common.KafkaException: Failed to construct kafka producer
2026-08-17 15:55:11.162 | INFO | [BAMOE-CAMEL-DB2-INSERT] STEP 2 - Kafka REQUEST event published | Topic=bamoe-event-publish | queryId=GCinsertMonthlyIncomeResult
2026-08-17 15:55:11.163 | INFO | [BAMOE-CAMEL-DB2-INSERT] STEP 3 - Calling CamelDb2Connector | queryId=GCinsertMonthlyIncomeResult
2026-08-17 15:55:11.165 | INFO | [BAMOE-CAMEL-DB2-CONNECTOR] Opening DB2 connection for INSERT | SQL=INSERT INTO CSE1DV01.ARAGHUNA.GUIDELINE_CALCULATION_MONTHLY_INCOME_RESULT (GDELN_CALC_MO_INC_RSLT_ID, MO_GROSS_INC_AMT, FICA_AMT, CASDI_AMT, FED_TAX_LIABL_AMT, ST_TAX_LIABL_AMT, MO_NET_DISP_INC_AMT, MO_FED_ADJ_GROSS_INC_AMT, MO_FED_TAX_INC_AMT) VALUES (?, ?, ?, ?, ?, ?, ?, ?, ?) | ParameterCount=9
2026-08-17 15:55:11.865 | INFO | [BAMOE-CAMEL-DB2-CONNECTOR] DB2 connection acquired | AutoCommit=true
2026-08-17 15:55:11.866 | INFO | [BAMOE-CAMEL-DB2-CONNECTOR] INSERT parameter bound | Position=1 | Column=GDELN_CALC_MO_INC_RSLT_ID | JavaType=Integer
2026-08-17 15:55:11.868 | INFO | [BAMOE-CAMEL-DB2-CONNECTOR] INSERT parameter bound | Position=2 | Column=MO_GROSS_INC_AMT | JavaType=Double
2026-08-17 15:55:11.869 | INFO | [BAMOE-CAMEL-DB2-CONNECTOR] INSERT parameter bound | Position=3 | Column=FICA_AMT | JavaType=Double
2026-08-17 15:55:11.870 | INFO | [BAMOE-CAMEL-DB2-CONNECTOR] INSERT parameter bound | Position=4 | Column=CASDI_AMT | JavaType=Double
2026-08-17 15:55:11.871 | INFO | [BAMOE-CAMEL-DB2-CONNECTOR] INSERT parameter bound | Position=5 | Column=FED_TAX_LIABL_AMT | JavaType=Double
2026-08-17 15:55:11.872 | INFO | [BAMOE-CAMEL-DB2-CONNECTOR] INSERT parameter bound | Position=6 | Column=ST_TAX_LIABL_AMT | JavaType=Double
2026-08-17 15:55:11.873 | INFO | [BAMOE-CAMEL-DB2-CONNECTOR] INSERT parameter bound | Position=7 | Column=MO_NET_DISP_INC_AMT | JavaType=Double
2026-08-17 15:55:11.874 | INFO | [BAMOE-CAMEL-DB2-CONNECTOR] INSERT parameter bound | Position=8 | Column=MO_FED_ADJ_GROSS_INC_AMT | JavaType=Double
2026-08-17 15:55:11.875 | INFO | [BAMOE-CAMEL-DB2-CONNECTOR] INSERT parameter bound | Position=9 | Column=MO_FED_TAX_INC_AMT | JavaType=Double
2026-08-17 15:55:11.876 | INFO | [BAMOE-CAMEL-DB2-CONNECTOR] Executing DB2 INSERT | SQL=INSERT INTO CSE1DV01.ARAGHUNA.GUIDELINE_CALCULATION_MONTHLY_INCOME_RESULT (GDELN_CALC_MO_INC_RSLT_ID, MO_GROSS_INC_AMT, FICA_AMT, CASDI_AMT, FED_TAX_LIABL_AMT, ST_TAX_LIABL_AMT, MO_NET_DISP_INC_AMT, MO_FED_ADJ_GROSS_INC_AMT, MO_FED_TAX_INC_AMT) VALUES (?, ?, ?, ?, ?, ?, ?, ?, ?)
2026-08-17 15:55:12.123 | ERROR | [BAMOE-CAMEL-DB2-CONNECTOR] DB2 SQL EXCEPTION | Operation=INSERT | SQLState=23505 | ErrorCode=-803 | DurationMs=796 | Message=One or more values in the INSERT statement, UPDATE statement, or foreign key update caused by a DELETE statement are not valid because the primary key, unique constraint or unique index identified by "1" constrains table "ARAGHUNA.GUIDELINE_CALCULATION_MONTHLY_INCOME_RESULT" from having duplicate values for the index key.. SQLCODE=-803, SQLSTATE=23505, DRIVER=4.33.31
2026-08-17 15:55:12.125 | INFO | [BAMOE-CAMEL-DB2-CONNECTOR] DB2 connection closed | Operation=INSERT
2026-08-17 15:55:12.127 | ERROR | [BAMOE-CAMEL-DB2-INSERT] ROUTE FAILED | queryId=GCinsertMonthlyIncomeResult | Reason=DB2 INSERT failed | SQLState=23505 | ErrorCode=-803 | Message=One or more values in the INSERT statement, UPDATE statement, or foreign key update caused by a DELETE statement are not valid because the primary key, unique constraint or unique index identified by "1" constrains table "ARAGHUNA.GUIDELINE_CALCULATION_MONTHLY_INCOME_RESULT" from having duplicate values for the index key.. SQLCODE=-803, SQLSTATE=23505, DRIVER=4.33.31 | DurationMs=1009
2026-08-17 15:55:12.133 | ERROR | [BAMOE-CAMEL-DB2] Failed to publish to Kafka | Topic=orch-engine-error-log | Reason=Failed to create Producer for endpoint: kafka://orch-engine-error-log?brokers=host.containers.internal%3A9092&deliveryTimeoutMs=5000&maxBlockMs=3000&requestTimeoutMs=3000&retries=3. Reason: org.apache.kafka.common.KafkaException: Failed to construct kafka producer
2026-08-17 15:55:17.531 | INFO | [BAMOE-CAMEL-DB2-INSERT] STEP 1 - HTTP POST Request Received | Body={
  "queryId": "GCinsertMonthlyIncomeResult",
  "params": {
    "GDELN_CALC_MO_INC_RSLT_ID": 1004,
    "MO_GROSS_INC_AMT": 5000.00,
    "FICA_AMT": 382.50,
    "CASDI_AMT": 45.00,
    "FED_TAX_LIABL_AMT": 300.00,
    "ST_TAX_LIABL_AMT": 150.00,
    "MO_NET_DISP_INC_AMT": 4422.50,
    "MO_FED_ADJ_GROSS_INC_AMT": 4700.00,
    "MO_FED_TAX_INC_AMT": 4400.00
  }
}
2026-08-17 15:55:17.533 | INFO | [BAMOE-CAMEL-DB2-INSERT] STEP 1 - Parsed successfully | queryId=GCinsertMonthlyIncomeResult | ParameterCount=9
2026-08-17 15:55:17.545 | ERROR | [BAMOE-CAMEL-DB2] Failed to publish to Kafka | Topic=bamoe-event-publish | Reason=Failed to create Producer for endpoint: kafka://bamoe-event-publish?brokers=host.containers.internal%3A9092&deliveryTimeoutMs=5000&maxBlockMs=3000&requestTimeoutMs=3000&retries=3. Reason: org.apache.kafka.common.KafkaException: Failed to construct kafka producer
2026-08-17 15:55:17.547 | INFO | [BAMOE-CAMEL-DB2-INSERT] STEP 2 - Kafka REQUEST event published | Topic=bamoe-event-publish | queryId=GCinsertMonthlyIncomeResult
2026-08-17 15:55:17.548 | INFO | [BAMOE-CAMEL-DB2-INSERT] STEP 3 - Calling CamelDb2Connector | queryId=GCinsertMonthlyIncomeResult
2026-08-17 15:55:17.549 | INFO | [BAMOE-CAMEL-DB2-CONNECTOR] Opening DB2 connection for INSERT | SQL=INSERT INTO CSE1DV01.ARAGHUNA.GUIDELINE_CALCULATION_MONTHLY_INCOME_RESULT (GDELN_CALC_MO_INC_RSLT_ID, MO_GROSS_INC_AMT, FICA_AMT, CASDI_AMT, FED_TAX_LIABL_AMT, ST_TAX_LIABL_AMT, MO_NET_DISP_INC_AMT, MO_FED_ADJ_GROSS_INC_AMT, MO_FED_TAX_INC_AMT) VALUES (?, ?, ?, ?, ?, ?, ?, ?, ?) | ParameterCount=9
2026-08-17 15:55:18.226 | INFO | [BAMOE-CAMEL-DB2-CONNECTOR] DB2 connection acquired | AutoCommit=true
2026-08-17 15:55:18.228 | INFO | [BAMOE-CAMEL-DB2-CONNECTOR] INSERT parameter bound | Position=1 | Column=GDELN_CALC_MO_INC_RSLT_ID | JavaType=Integer
2026-08-17 15:55:18.230 | INFO | [BAMOE-CAMEL-DB2-CONNECTOR] INSERT parameter bound | Position=2 | Column=MO_GROSS_INC_AMT | JavaType=Double
2026-08-17 15:55:18.231 | INFO | [BAMOE-CAMEL-DB2-CONNECTOR] INSERT parameter bound | Position=3 | Column=FICA_AMT | JavaType=Double
2026-08-17 15:55:18.232 | INFO | [BAMOE-CAMEL-DB2-CONNECTOR] INSERT parameter bound | Position=4 | Column=CASDI_AMT | JavaType=Double
2026-08-17 15:55:18.233 | INFO | [BAMOE-CAMEL-DB2-CONNECTOR] INSERT parameter bound | Position=5 | Column=FED_TAX_LIABL_AMT | JavaType=Double
2026-08-17 15:55:18.234 | INFO | [BAMOE-CAMEL-DB2-CONNECTOR] INSERT parameter bound | Position=6 | Column=ST_TAX_LIABL_AMT | JavaType=Double
2026-08-17 15:55:18.235 | INFO | [BAMOE-CAMEL-DB2-CONNECTOR] INSERT parameter bound | Position=7 | Column=MO_NET_DISP_INC_AMT | JavaType=Double
2026-08-17 15:55:18.236 | INFO | [BAMOE-CAMEL-DB2-CONNECTOR] INSERT parameter bound | Position=8 | Column=MO_FED_ADJ_GROSS_INC_AMT | JavaType=Double
2026-08-17 15:55:18.236 | INFO | [BAMOE-CAMEL-DB2-CONNECTOR] INSERT parameter bound | Position=9 | Column=MO_FED_TAX_INC_AMT | JavaType=Double
2026-08-17 15:55:18.237 | INFO | [BAMOE-CAMEL-DB2-CONNECTOR] Executing DB2 INSERT | SQL=INSERT INTO CSE1DV01.ARAGHUNA.GUIDELINE_CALCULATION_MONTHLY_INCOME_RESULT (GDELN_CALC_MO_INC_RSLT_ID, MO_GROSS_INC_AMT, FICA_AMT, CASDI_AMT, FED_TAX_LIABL_AMT, ST_TAX_LIABL_AMT, MO_NET_DISP_INC_AMT, MO_FED_ADJ_GROSS_INC_AMT, MO_FED_TAX_INC_AMT) VALUES (?, ?, ?, ?, ?, ?, ?, ?, ?)
2026-08-17 15:55:18.322 | INFO | [BAMOE-CAMEL-DB2-CONNECTOR] DB2 INSERT successful | RowsInserted=1 | DurationMs=773
2026-08-17 15:55:18.323 | INFO | [BAMOE-CAMEL-DB2-CONNECTOR] DB2 connection closed | Operation=INSERT
2026-08-17 15:55:18.324 | INFO | [BAMOE-CAMEL-DB2-INSERT] STEP 3 - DB2 INSERT complete | queryId=GCinsertMonthlyIncomeResult | RowsInserted=1
2026-08-17 15:55:18.325 | INFO | [BAMOE-CAMEL-DB2-INSERT] STEP 4 - JSON Response built | queryId=GCinsertMonthlyIncomeResult | RowsInserted=1
2026-08-17 15:55:18.330 | ERROR | [BAMOE-CAMEL-DB2] Failed to publish to Kafka | Topic=bamoe-event-publish | Reason=Failed to create Producer for endpoint: kafka://bamoe-event-publish?brokers=host.containers.internal%3A9092&deliveryTimeoutMs=5000&maxBlockMs=3000&requestTimeoutMs=3000&retries=3. Reason: org.apache.kafka.common.KafkaException: Failed to construct kafka producer
2026-08-17 15:55:18.331 | INFO | [BAMOE-CAMEL-DB2-INSERT] STEP 5 - Published SUCCESS event to Kafka | Topic=bamoe-event-publish | queryId=GCinsertMonthlyIncomeResult | RowsInserted=1 | DurationMs=794
2026-08-17 15:55:18.332 | INFO | [BAMOE-CAMEL-DB2-INSERT] ROUTE COMPLETE | queryId=GCinsertMonthlyIncomeResult | DurationMs=794
2026-08-17 15:57:26.777 | INFO | [BAMOE-CAMEL-DB2-INSERT] STEP 1 - HTTP POST Request Received | Body={
  "queryId": "GCinsertMonthlyIncome",
  "params": {
    "GDELN_CALC_MO_INC_ID": 1005,
    "SALARY_AMT": 5000.00,
    "ERN_INC_FREQ_CD": "M",
    "MIN_WAGE_CD": "N"
  }
}
2026-08-17 15:57:26.779 | INFO | [BAMOE-CAMEL-DB2-INSERT] STEP 1 - Parsed successfully | queryId=GCinsertMonthlyIncome | ParameterCount=4
2026-08-17 15:57:26.799 | ERROR | [BAMOE-CAMEL-DB2] Failed to publish to Kafka | Topic=bamoe-event-publish | Reason=Failed to create Producer for endpoint: kafka://bamoe-event-publish?brokers=host.containers.internal%3A9092&deliveryTimeoutMs=5000&maxBlockMs=3000&requestTimeoutMs=3000&retries=3. Reason: org.apache.kafka.common.KafkaException: Failed to construct kafka producer
2026-08-17 15:57:26.801 | INFO | [BAMOE-CAMEL-DB2-INSERT] STEP 2 - Kafka REQUEST event published | Topic=bamoe-event-publish | queryId=GCinsertMonthlyIncome
2026-08-17 15:57:26.802 | INFO | [BAMOE-CAMEL-DB2-INSERT] STEP 3 - Calling CamelDb2Connector | queryId=GCinsertMonthlyIncome
2026-08-17 15:57:26.804 | INFO | [BAMOE-CAMEL-DB2-CONNECTOR] Opening DB2 connection for INSERT | SQL=INSERT INTO CSE1DV01.ARAGHUNA.GUIDELINE_CALCULATION_MONTHLY_INCOME (GDELN_CALC_MO_INC_ID, SALARY_AMT, ERN_INC_FREQ_CD, MIN_WAGE_CD) VALUES (?, ?, ?, ?) | ParameterCount=4
2026-08-17 15:57:27.501 | INFO | [BAMOE-CAMEL-DB2-CONNECTOR] DB2 connection acquired | AutoCommit=true
2026-08-17 15:57:27.504 | INFO | [BAMOE-CAMEL-DB2-CONNECTOR] INSERT parameter bound | Position=1 | Column=GDELN_CALC_MO_INC_ID | JavaType=Integer
2026-08-17 15:57:27.505 | INFO | [BAMOE-CAMEL-DB2-CONNECTOR] INSERT parameter bound | Position=2 | Column=SALARY_AMT | JavaType=Double
2026-08-17 15:57:27.506 | INFO | [BAMOE-CAMEL-DB2-CONNECTOR] INSERT parameter bound | Position=3 | Column=ERN_INC_FREQ_CD | JavaType=String
2026-08-17 15:57:27.508 | INFO | [BAMOE-CAMEL-DB2-CONNECTOR] INSERT parameter bound | Position=4 | Column=MIN_WAGE_CD | JavaType=String
2026-08-17 15:57:27.509 | INFO | [BAMOE-CAMEL-DB2-CONNECTOR] Executing DB2 INSERT | SQL=INSERT INTO CSE1DV01.ARAGHUNA.GUIDELINE_CALCULATION_MONTHLY_INCOME (GDELN_CALC_MO_INC_ID, SALARY_AMT, ERN_INC_FREQ_CD, MIN_WAGE_CD) VALUES (?, ?, ?, ?)
2026-08-17 15:57:27.601 | INFO | [BAMOE-CAMEL-DB2-CONNECTOR] DB2 INSERT successful | RowsInserted=1 | DurationMs=797
2026-08-17 15:57:27.603 | INFO | [BAMOE-CAMEL-DB2-CONNECTOR] DB2 connection closed | Operation=INSERT
2026-08-17 15:57:27.604 | INFO | [BAMOE-CAMEL-DB2-INSERT] STEP 3 - DB2 INSERT complete | queryId=GCinsertMonthlyIncome | RowsInserted=1
2026-08-17 15:57:27.605 | INFO | [BAMOE-CAMEL-DB2-INSERT] STEP 4 - JSON Response built | queryId=GCinsertMonthlyIncome | RowsInserted=1
2026-08-17 15:57:27.610 | ERROR | [BAMOE-CAMEL-DB2] Failed to publish to Kafka | Topic=bamoe-event-publish | Reason=Failed to create Producer for endpoint: kafka://bamoe-event-publish?brokers=host.containers.internal%3A9092&deliveryTimeoutMs=5000&maxBlockMs=3000&requestTimeoutMs=3000&retries=3. Reason: org.apache.kafka.common.KafkaException: Failed to construct kafka producer
2026-08-17 15:57:27.611 | INFO | [BAMOE-CAMEL-DB2-INSERT] STEP 5 - Published SUCCESS event to Kafka | Topic=bamoe-event-publish | queryId=GCinsertMonthlyIncome | RowsInserted=1 | DurationMs=828
2026-08-17 15:57:27.612 | INFO | [BAMOE-CAMEL-DB2-INSERT] ROUTE COMPLETE | queryId=GCinsertMonthlyIncome | DurationMs=828
2026-08-17 16:14:20.993 | INFO | [BAMOE-CAMEL-DB2-INSERT] STEP 1 - HTTP POST Request Received | Body={
  "queryId": "GCinsertMonthlyDeduction",
  "params": {
    "GDELN_CALC_MO_DEDCT_ID": 1001,
    "CHLD_SUPT_PAID_OTH_RELSHP_AMT": 500.00,
    "MORTG_INT_AMT": 1000.00
  }
}
2026-08-17 16:14:20.995 | INFO | [BAMOE-CAMEL-DB2-INSERT] STEP 1 - Parsed successfully | queryId=GCinsertMonthlyDeduction | ParameterCount=3
2026-08-17 16:14:21.040 | ERROR | [BAMOE-CAMEL-DB2] Failed to publish to Kafka | Topic=bamoe-event-publish | Reason=Failed to create Producer for endpoint: kafka://bamoe-event-publish?brokers=host.containers.internal%3A9092&deliveryTimeoutMs=5000&maxBlockMs=3000&requestTimeoutMs=3000&retries=3. Reason: org.apache.kafka.common.KafkaException: Failed to construct kafka producer
2026-08-17 16:14:21.041 | INFO | [BAMOE-CAMEL-DB2-INSERT] STEP 2 - Kafka REQUEST event published | Topic=bamoe-event-publish | queryId=GCinsertMonthlyDeduction
2026-08-17 16:14:21.042 | INFO | [BAMOE-CAMEL-DB2-INSERT] STEP 3 - Calling CamelDb2Connector | queryId=GCinsertMonthlyDeduction
2026-08-17 16:14:21.046 | INFO | [BAMOE-CAMEL-DB2-CONNECTOR] Opening DB2 connection for INSERT | SQL=INSERT INTO CSE1DV01.ARAGHUNA.GUIDELINE_CALCULATION_MONTHLY_DEDUCTION (CHLD_SUPT_PAID_OTH_RELSHP_AMT, MORTG_INT_AMT) VALUES (?, ?) | ParameterCount=3
2026-08-17 16:14:21.888 | INFO | [BAMOE-CAMEL-DB2-CONNECTOR] DB2 connection acquired | AutoCommit=true
2026-08-17 16:14:21.890 | INFO | [BAMOE-CAMEL-DB2-CONNECTOR] DB2 connection closed | Operation=INSERT
2026-08-17 16:14:21.891 | ERROR | [BAMOE-CAMEL-DB2-INSERT] ROUTE FAILED | queryId=GCinsertMonthlyDeduction | Reason=INSERT parameter count mismatch. SQL expects 2 parameters but request contains 3 parameters. | DurationMs=898
2026-08-17 16:14:21.897 | ERROR | [BAMOE-CAMEL-DB2] Failed to publish to Kafka | Topic=orch-engine-error-log | Reason=Failed to create Producer for endpoint: kafka://orch-engine-error-log?brokers=host.containers.internal%3A9092&deliveryTimeoutMs=5000&maxBlockMs=3000&requestTimeoutMs=3000&retries=3. Reason: org.apache.kafka.common.KafkaException: Failed to construct kafka producer
2026-08-17 16:17:17.314 | INFO | [APP STARTUP] Bouncy Castle provider inserted
2026-08-17 16:17:20.936 | INFO | [CREDENTIALS-CONFIG] DB2 credentials loaded from file: C:/bamoe-dev/db2-credentials.properties
2026-08-17 16:17:20.950 | INFO | [BAMOE-CAMEL-DB2-CONNECTOR-CONFIG] Registering caseDb2DataSource bean | Server=vmdevtestdboltp02 | Port=60026 | Database=CSE1DV01 | SSL=true | TrustStore=C:/Users/ARagunathan/dcss-truststore.jks
2026-08-17 16:17:21.141 | INFO | [BAMOE-CAMEL-DB2-CONNECTOR-CONFIG] caseDb2DataSource bean registered successfully
2026-08-17 16:17:21.183 | INFO | [BAMOE-CAMEL-DB2-CONNECTOR] CamelDb2Connector initialized | DataSource=caseDb2DataSource
2026-08-17 16:17:21.192 | INFO | [BAMOE-CAMEL-QUERY-REGISTRY] Query loaded | QueryId=insertTestLog
2026-08-17 16:17:21.193 | INFO | [BAMOE-CAMEL-QUERY-REGISTRY] Query loaded | QueryId=GCinsertGuidelineCalculationTaxInformation
2026-08-17 16:17:21.194 | INFO | [BAMOE-CAMEL-QUERY-REGISTRY] Query loaded | QueryId=GCinsertMonthlyIncome
2026-08-17 16:17:21.195 | INFO | [BAMOE-CAMEL-QUERY-REGISTRY] Query loaded | QueryId=insertMonthlyIncome
2026-08-17 16:17:21.197 | INFO | [BAMOE-CAMEL-QUERY-REGISTRY] Query loaded | QueryId=caseTeam
2026-08-17 16:17:21.198 | INFO | [BAMOE-CAMEL-QUERY-REGISTRY] Query loaded | QueryId=GCinsertCaseParticipantGuidelineCalculation
2026-08-17 16:17:21.199 | INFO | [BAMOE-CAMEL-QUERY-REGISTRY] Query loaded | QueryId=GCinsertMonthlyDeduction
2026-08-17 16:17:21.200 | INFO | [BAMOE-CAMEL-QUERY-REGISTRY] Query loaded | QueryId=caseLookup
2026-08-17 16:17:21.203 | INFO | [BAMOE-CAMEL-QUERY-REGISTRY] Query loaded | QueryId=GCinsertMonthlyIncomeResult
2026-08-17 16:17:21.205 | INFO | [BAMOE-CAMEL-QUERY-REGISTRY] Query loaded | QueryId=GCinsertGuidelineCalculation
2026-08-17 16:17:21.207 | INFO | [BAMOE-CAMEL-QUERY-REGISTRY] Query registry initialized | Source=query-registry.properties | AvailableQueryIds=[insertTestLog, GCinsertGuidelineCalculationTaxInformation, GCinsertMonthlyIncome, insertMonthlyIncome, caseTeam, GCinsertCaseParticipantGuidelineCalculation, GCinsertMonthlyDeduction, caseLookup, GCinsertMonthlyIncomeResult, GCinsertGuidelineCalculation]
2026-08-17 16:17:22.537 | INFO | [BAMOE-CONNECTION-TESTER] ========================================
2026-08-17 16:17:22.539 | INFO | [BAMOE-CONNECTION-TESTER] Running startup connection tests...
2026-08-17 16:17:22.540 | INFO | [BAMOE-CONNECTION-TESTER] ========================================
2026-08-17 16:17:22.542 | INFO | [BAMOE-CONNECTION-TESTER] [DB2] Testing DB2 connection...
2026-08-17 16:17:24.517 | INFO | [BAMOE-CONNECTION-TESTER] [DB2] Connection opened successfully
2026-08-17 16:17:24.613 | INFO | [BAMOE-CONNECTION-TESTER] [DB2] - DB2 CONNECTION SUCCESS | Ping query returned: 1 | DB2 is reachable and responding
2026-08-17 16:17:24.698 | INFO | [BAMOE-CONNECTION-TESTER] [KAFKA] Testing Kafka connection... | Broker=host.containers.internal:9092
2026-08-17 16:17:24.806 | ERROR | [BAMOE-CONNECTION-TESTER] [KAFKA] - KAFKA BROKER CONNECTION FAILED | Broker=host.containers.internal:9092 | Reason=Failed to create new KafkaAdminClient | Check: broker IP and port in application.properties
2026-08-17 16:17:24.807 | INFO | [BAMOE-CONNECTION-TESTER] ========================================
2026-08-17 16:17:24.809 | INFO | [BAMOE-CONNECTION-TESTER] Connection tests completed.
2026-08-17 16:17:24.811 | INFO | [BAMOE-CONNECTION-TESTER] ========================================
2026-08-17 16:17:24.812 | INFO | [APP READY] Application started - BAMOE Camel route active
2026-08-17 16:17:24.814 | INFO | [APP READY] Listening for BAMOE requests on: POST http://vmdevtestrhelaro01.dcss.gov:8080/bamoe/execute-query
2026-08-17 16:17:32.788 | INFO | [BAMOE-CAMEL-DB2-INSERT] STEP 1 - HTTP POST Request Received | Body={
  "queryId": "GCinsertMonthlyDeduction",
  "params": {
    "GDELN_CALC_MO_DEDCT_ID": 1003,
    "CHLD_SUPT_PAID_OTH_RELSHP_AMT": 500.00,
    "MORTG_INT_AMT": 1000.00
  }
}
2026-08-17 16:17:32.919 | INFO | [BAMOE-CAMEL-DB2-INSERT] STEP 1 - Parsed successfully | queryId=GCinsertMonthlyDeduction | ParameterCount=3
2026-08-17 16:17:33.466 | ERROR | [BAMOE-CAMEL-DB2] Failed to publish to Kafka | Topic=bamoe-event-publish | Reason=Failed to create Producer for endpoint: kafka://bamoe-event-publish?brokers=host.containers.internal%3A9092&deliveryTimeoutMs=5000&maxBlockMs=3000&requestTimeoutMs=3000&retries=3. Reason: org.apache.kafka.common.KafkaException: Failed to construct kafka producer
2026-08-17 16:17:33.467 | INFO | [BAMOE-CAMEL-DB2-INSERT] STEP 2 - Kafka REQUEST event published | Topic=bamoe-event-publish | queryId=GCinsertMonthlyDeduction
2026-08-17 16:17:33.468 | INFO | [BAMOE-CAMEL-DB2-INSERT] STEP 3 - Calling CamelDb2Connector | queryId=GCinsertMonthlyDeduction
2026-08-17 16:17:33.471 | INFO | [BAMOE-CAMEL-DB2-CONNECTOR] Opening DB2 connection for INSERT | SQL=INSERT INTO CSE1DV01.ARAGHUNA.GUIDELINE_CALCULATION_MONTHLY_DEDUCTION (GDELN_CALC_MO_DEDCT_ID, CHLD_SUPT_PAID_OTH_RELSHP_AMT, MORTG_INT_AMT) VALUES (?, ?, ?) | ParameterCount=3
2026-08-17 16:17:34.207 | INFO | [BAMOE-CAMEL-DB2-CONNECTOR] DB2 connection acquired | AutoCommit=true
2026-08-17 16:17:34.212 | INFO | [BAMOE-CAMEL-DB2-CONNECTOR] INSERT parameter bound | Position=1 | Column=GDELN_CALC_MO_DEDCT_ID | JavaType=Integer
2026-08-17 16:17:34.213 | INFO | [BAMOE-CAMEL-DB2-CONNECTOR] INSERT parameter bound | Position=2 | Column=CHLD_SUPT_PAID_OTH_RELSHP_AMT | JavaType=Double
2026-08-17 16:17:34.214 | INFO | [BAMOE-CAMEL-DB2-CONNECTOR] INSERT parameter bound | Position=3 | Column=MORTG_INT_AMT | JavaType=Double
2026-08-17 16:17:34.215 | INFO | [BAMOE-CAMEL-DB2-CONNECTOR] Executing DB2 INSERT | SQL=INSERT INTO CSE1DV01.ARAGHUNA.GUIDELINE_CALCULATION_MONTHLY_DEDUCTION (GDELN_CALC_MO_DEDCT_ID, CHLD_SUPT_PAID_OTH_RELSHP_AMT, MORTG_INT_AMT) VALUES (?, ?, ?)
2026-08-17 16:17:34.307 | INFO | [BAMOE-CAMEL-DB2-CONNECTOR] DB2 INSERT successful | RowsInserted=1 | DurationMs=835
2026-08-17 16:17:34.309 | INFO | [BAMOE-CAMEL-DB2-CONNECTOR] DB2 connection closed | Operation=INSERT
2026-08-17 16:17:34.311 | INFO | [BAMOE-CAMEL-DB2-INSERT] STEP 3 - DB2 INSERT complete | queryId=GCinsertMonthlyDeduction | RowsInserted=1
2026-08-17 16:17:34.313 | INFO | [BAMOE-CAMEL-DB2-INSERT] STEP 4 - JSON Response built | queryId=GCinsertMonthlyDeduction | RowsInserted=1
2026-08-17 16:17:34.324 | ERROR | [BAMOE-CAMEL-DB2] Failed to publish to Kafka | Topic=bamoe-event-publish | Reason=Failed to create Producer for endpoint: kafka://bamoe-event-publish?brokers=host.containers.internal%3A9092&deliveryTimeoutMs=5000&maxBlockMs=3000&requestTimeoutMs=3000&retries=3. Reason: org.apache.kafka.common.KafkaException: Failed to construct kafka producer
2026-08-17 16:17:34.329 | INFO | [BAMOE-CAMEL-DB2-INSERT] STEP 5 - Published SUCCESS event to Kafka | Topic=bamoe-event-publish | queryId=GCinsertMonthlyDeduction | RowsInserted=1 | DurationMs=1525
2026-08-17 16:17:34.333 | INFO | [BAMOE-CAMEL-DB2-INSERT] ROUTE COMPLETE | queryId=GCinsertMonthlyDeduction | DurationMs=1525
2026-08-17 16:19:12.407 | INFO | [BAMOE-CAMEL-DB2-INSERT] STEP 1 - HTTP POST Request Received | Body={
  "queryId": "GCinsertCaseParticipantGuidelineCalculation",
  "params": {
    "PRIM_NCP_IND": 1,
    "PRTCP_ID": 1001,
    "GDELN_CALC_ID": 1001,
    "CASE_ID": 1001,
    "GDELN_CALC_MO_INC_ID": 1001,
    "GDLN_CALC_TAX_INFO_ID": 1001,
    "GDELN_CALC_MO_INC_RSLT_ID": 1001
  }
}
2026-08-17 16:19:12.410 | INFO | [BAMOE-CAMEL-DB2-INSERT] STEP 1 - Parsed successfully | queryId=GCinsertCaseParticipantGuidelineCalculation | ParameterCount=7
2026-08-17 16:19:12.476 | ERROR | [BAMOE-CAMEL-DB2] Failed to publish to Kafka | Topic=bamoe-event-publish | Reason=Failed to create Producer for endpoint: kafka://bamoe-event-publish?brokers=host.containers.internal%3A9092&deliveryTimeoutMs=5000&maxBlockMs=3000&requestTimeoutMs=3000&retries=3. Reason: org.apache.kafka.common.KafkaException: Failed to construct kafka producer
2026-08-17 16:19:12.478 | INFO | [BAMOE-CAMEL-DB2-INSERT] STEP 2 - Kafka REQUEST event published | Topic=bamoe-event-publish | queryId=GCinsertCaseParticipantGuidelineCalculation
2026-08-17 16:19:12.480 | INFO | [BAMOE-CAMEL-DB2-INSERT] STEP 3 - Calling CamelDb2Connector | queryId=GCinsertCaseParticipantGuidelineCalculation
2026-08-17 16:19:12.482 | INFO | [BAMOE-CAMEL-DB2-CONNECTOR] Opening DB2 connection for INSERT | SQL=INSERT INTO CSE1DV01.ARAGHUNA.CASE_PARTICIPANT_GUIDELINE_CALCULATION (PRIM_NCP_IND, PRTCP_ID, GDELN_CALC_ID, CASE_ID, GDELN_CALC_MO_INC_ID, GDLN_CALC_TAX_INFO_ID, GDELN_CALC_MO_INC_RSLT_ID) VALUES (?, ?, ?, ?, ?, ?, ?) | ParameterCount=7
2026-08-17 16:19:13.201 | INFO | [BAMOE-CAMEL-DB2-CONNECTOR] DB2 connection acquired | AutoCommit=true
2026-08-17 16:19:13.203 | INFO | [BAMOE-CAMEL-DB2-CONNECTOR] INSERT parameter bound | Position=1 | Column=PRIM_NCP_IND | JavaType=Integer
2026-08-17 16:19:13.205 | INFO | [BAMOE-CAMEL-DB2-CONNECTOR] INSERT parameter bound | Position=2 | Column=PRTCP_ID | JavaType=Integer
2026-08-17 16:19:13.206 | INFO | [BAMOE-CAMEL-DB2-CONNECTOR] INSERT parameter bound | Position=3 | Column=GDELN_CALC_ID | JavaType=Integer
2026-08-17 16:19:13.208 | INFO | [BAMOE-CAMEL-DB2-CONNECTOR] INSERT parameter bound | Position=4 | Column=CASE_ID | JavaType=Integer
2026-08-17 16:19:13.209 | INFO | [BAMOE-CAMEL-DB2-CONNECTOR] INSERT parameter bound | Position=5 | Column=GDELN_CALC_MO_INC_ID | JavaType=Integer
2026-08-17 16:19:13.210 | INFO | [BAMOE-CAMEL-DB2-CONNECTOR] INSERT parameter bound | Position=6 | Column=GDLN_CALC_TAX_INFO_ID | JavaType=Integer
2026-08-17 16:19:13.211 | INFO | [BAMOE-CAMEL-DB2-CONNECTOR] INSERT parameter bound | Position=7 | Column=GDELN_CALC_MO_INC_RSLT_ID | JavaType=Integer
2026-08-17 16:19:13.212 | INFO | [BAMOE-CAMEL-DB2-CONNECTOR] Executing DB2 INSERT | SQL=INSERT INTO CSE1DV01.ARAGHUNA.CASE_PARTICIPANT_GUIDELINE_CALCULATION (PRIM_NCP_IND, PRTCP_ID, GDELN_CALC_ID, CASE_ID, GDELN_CALC_MO_INC_ID, GDLN_CALC_TAX_INFO_ID, GDELN_CALC_MO_INC_RSLT_ID) VALUES (?, ?, ?, ?, ?, ?, ?)
2026-08-17 16:19:13.472 | ERROR | [BAMOE-CAMEL-DB2-CONNECTOR] DB2 SQL EXCEPTION | Operation=INSERT | SQLState=23503 | ErrorCode=-530 | DurationMs=817 | Message=The insert or update value of the FOREIGN KEY "ARAGHUNA.CASE_PARTICIPANT_GUIDELINE_CALCULATION.CASPTCPGUIDCAL_FK9" is not equal to any value of the parent key of the parent table.. SQLCODE=-530, SQLSTATE=23503, DRIVER=4.33.31
2026-08-17 16:19:13.475 | INFO | [BAMOE-CAMEL-DB2-CONNECTOR] DB2 connection closed | Operation=INSERT
2026-08-17 16:19:13.479 | ERROR | [BAMOE-CAMEL-DB2-INSERT] ROUTE FAILED | queryId=GCinsertCaseParticipantGuidelineCalculation | Reason=DB2 INSERT failed | SQLState=23503 | ErrorCode=-530 | Message=The insert or update value of the FOREIGN KEY "ARAGHUNA.CASE_PARTICIPANT_GUIDELINE_CALCULATION.CASPTCPGUIDCAL_FK9" is not equal to any value of the parent key of the parent table.. SQLCODE=-530, SQLSTATE=23503, DRIVER=4.33.31 | DurationMs=1069
2026-08-17 16:19:13.489 | ERROR | [BAMOE-CAMEL-DB2] Failed to publish to Kafka | Topic=orch-engine-error-log | Reason=Failed to create Producer for endpoint: kafka://orch-engine-error-log?brokers=host.containers.internal%3A9092&deliveryTimeoutMs=5000&maxBlockMs=3000&requestTimeoutMs=3000&retries=3. Reason: org.apache.kafka.common.KafkaException: Failed to construct kafka producer
2026-08-17 16:22:38.120 | INFO | [BAMOE-CAMEL-DB2-INSERT] STEP 1 - HTTP POST Request Received | Body={
  "queryId": "GCinsertCaseParticipantGuidelineCalculation",
  "params": {
    "PRIM_NCP_IND": 1,
    "PRTCP_ID": 2000006459,
    "CASE_ID": 2000001988,
    "GDELN_CALC_ID": 1001,
    "GDELN_CALC_MO_INC_ID": 1005,
    "GDLN_CALC_TAX_INFO_ID": 1001,
    "GDELN_CALC_MO_INC_RSLT_ID": 1001
  }
}
2026-08-17 16:22:38.123 | INFO | [BAMOE-CAMEL-DB2-INSERT] STEP 1 - Parsed successfully | queryId=GCinsertCaseParticipantGuidelineCalculation | ParameterCount=7
2026-08-17 16:22:38.151 | ERROR | [BAMOE-CAMEL-DB2] Failed to publish to Kafka | Topic=bamoe-event-publish | Reason=Failed to create Producer for endpoint: kafka://bamoe-event-publish?brokers=host.containers.internal%3A9092&deliveryTimeoutMs=5000&maxBlockMs=3000&requestTimeoutMs=3000&retries=3. Reason: org.apache.kafka.common.KafkaException: Failed to construct kafka producer
2026-08-17 16:22:38.153 | INFO | [BAMOE-CAMEL-DB2-INSERT] STEP 2 - Kafka REQUEST event published | Topic=bamoe-event-publish | queryId=GCinsertCaseParticipantGuidelineCalculation
2026-08-17 16:22:38.155 | INFO | [BAMOE-CAMEL-DB2-INSERT] STEP 3 - Calling CamelDb2Connector | queryId=GCinsertCaseParticipantGuidelineCalculation
2026-08-17 16:22:38.158 | INFO | [BAMOE-CAMEL-DB2-CONNECTOR] Opening DB2 connection for INSERT | SQL=INSERT INTO CSE1DV01.ARAGHUNA.CASE_PARTICIPANT_GUIDELINE_CALCULATION (PRIM_NCP_IND, PRTCP_ID, GDELN_CALC_ID, CASE_ID, GDELN_CALC_MO_INC_ID, GDLN_CALC_TAX_INFO_ID, GDELN_CALC_MO_INC_RSLT_ID) VALUES (?, ?, ?, ?, ?, ?, ?) | ParameterCount=7
2026-08-17 16:22:38.870 | INFO | [BAMOE-CAMEL-DB2-CONNECTOR] DB2 connection acquired | AutoCommit=true
2026-08-17 16:22:38.920 | INFO | [BAMOE-CAMEL-DB2-CONNECTOR] INSERT parameter bound | Position=1 | Column=PRIM_NCP_IND | JavaType=Integer
2026-08-17 16:22:38.975 | INFO | [BAMOE-CAMEL-DB2-CONNECTOR] INSERT parameter bound | Position=2 | Column=PRTCP_ID | JavaType=Integer
2026-08-17 16:22:39.008 | INFO | [BAMOE-CAMEL-DB2-CONNECTOR] INSERT parameter bound | Position=3 | Column=GDELN_CALC_ID | JavaType=Integer
2026-08-17 16:22:39.010 | INFO | [BAMOE-CAMEL-DB2-CONNECTOR] INSERT parameter bound | Position=4 | Column=CASE_ID | JavaType=Integer
2026-08-17 16:22:39.011 | INFO | [BAMOE-CAMEL-DB2-CONNECTOR] INSERT parameter bound | Position=5 | Column=GDELN_CALC_MO_INC_ID | JavaType=Integer
2026-08-17 16:22:39.013 | INFO | [BAMOE-CAMEL-DB2-CONNECTOR] INSERT parameter bound | Position=6 | Column=GDLN_CALC_TAX_INFO_ID | JavaType=Integer
2026-08-17 16:22:39.014 | INFO | [BAMOE-CAMEL-DB2-CONNECTOR] INSERT parameter bound | Position=7 | Column=GDELN_CALC_MO_INC_RSLT_ID | JavaType=Integer
2026-08-17 16:22:39.016 | INFO | [BAMOE-CAMEL-DB2-CONNECTOR] Executing DB2 INSERT | SQL=INSERT INTO CSE1DV01.ARAGHUNA.CASE_PARTICIPANT_GUIDELINE_CALCULATION (PRIM_NCP_IND, PRTCP_ID, GDELN_CALC_ID, CASE_ID, GDELN_CALC_MO_INC_ID, GDLN_CALC_TAX_INFO_ID, GDELN_CALC_MO_INC_RSLT_ID) VALUES (?, ?, ?, ?, ?, ?, ?)
2026-08-17 16:22:39.102 | INFO | [BAMOE-CAMEL-DB2-CONNECTOR] DB2 INSERT successful | RowsInserted=1 | DurationMs=944
2026-08-17 16:22:39.104 | INFO | [BAMOE-CAMEL-DB2-CONNECTOR] DB2 connection closed | Operation=INSERT
2026-08-17 16:22:39.106 | INFO | [BAMOE-CAMEL-DB2-INSERT] STEP 3 - DB2 INSERT complete | queryId=GCinsertCaseParticipantGuidelineCalculation | RowsInserted=1
2026-08-17 16:22:39.108 | INFO | [BAMOE-CAMEL-DB2-INSERT] STEP 4 - JSON Response built | queryId=GCinsertCaseParticipantGuidelineCalculation | RowsInserted=1
2026-08-17 16:22:39.116 | ERROR | [BAMOE-CAMEL-DB2] Failed to publish to Kafka | Topic=bamoe-event-publish | Reason=Failed to create Producer for endpoint: kafka://bamoe-event-publish?brokers=host.containers.internal%3A9092&deliveryTimeoutMs=5000&maxBlockMs=3000&requestTimeoutMs=3000&retries=3. Reason: org.apache.kafka.common.KafkaException: Failed to construct kafka producer
2026-08-17 16:22:39.118 | INFO | [BAMOE-CAMEL-DB2-INSERT] STEP 5 - Published SUCCESS event to Kafka | Topic=bamoe-event-publish | queryId=GCinsertCaseParticipantGuidelineCalculation | RowsInserted=1 | DurationMs=988
2026-08-17 16:22:39.119 | INFO | [BAMOE-CAMEL-DB2-INSERT] ROUTE COMPLETE | queryId=GCinsertCaseParticipantGuidelineCalculation | DurationMs=988
2026-08-18 10:23:44.772 | INFO | [APP STARTUP] Bouncy Castle provider inserted
2026-08-18 10:23:48.727 | INFO | [CREDENTIALS-CONFIG] DB2 credentials loaded from file: C:/bamoe-dev/db2-credentials.properties
2026-08-18 10:23:48.742 | INFO | [BAMOE-CAMEL-DB2-CONNECTOR-CONFIG] Registering caseDb2DataSource bean | Server=vmdevtestdboltp02 | Port=60026 | Database=CSE1DV01 | SSL=true | TrustStore=C:/Users/ARagunathan/dcss-truststore.jks
2026-08-18 10:23:49.124 | INFO | [BAMOE-CAMEL-DB2-CONNECTOR-CONFIG] caseDb2DataSource bean registered successfully
2026-08-18 10:23:49.248 | INFO | [BAMOE-CAMEL-DB2-CONNECTOR] CamelDb2Connector initialized | DataSource=caseDb2DataSource
2026-08-18 10:23:49.258 | INFO | [BAMOE-CAMEL-QUERY-REGISTRY] Query loaded | QueryId=insertTestLog
2026-08-18 10:23:49.260 | INFO | [BAMOE-CAMEL-QUERY-REGISTRY] Query loaded | QueryId=GCinsertGuidelineCalculationTaxInformation
2026-08-18 10:23:49.267 | INFO | [BAMOE-CAMEL-QUERY-REGISTRY] Query loaded | QueryId=GCinsertMonthlyIncome
2026-08-18 10:23:49.271 | INFO | [BAMOE-CAMEL-QUERY-REGISTRY] Query loaded | QueryId=caseTeam
2026-08-18 10:23:49.275 | INFO | [BAMOE-CAMEL-QUERY-REGISTRY] Query loaded | QueryId=GCinsertCaseParticipantGuidelineCalculation
2026-08-18 10:23:49.277 | INFO | [BAMOE-CAMEL-QUERY-REGISTRY] Query loaded | QueryId=GCinsertMonthlyDeduction
2026-08-18 10:23:49.279 | INFO | [BAMOE-CAMEL-QUERY-REGISTRY] Query loaded | QueryId=caseLookup
2026-08-18 10:23:49.281 | INFO | [BAMOE-CAMEL-QUERY-REGISTRY] Query loaded | QueryId=GCinsertMonthlyIncomeResult
2026-08-18 10:23:49.289 | INFO | [BAMOE-CAMEL-QUERY-REGISTRY] Query loaded | QueryId=GCinsertGuidelineCalculation
2026-08-18 10:23:49.295 | INFO | [BAMOE-CAMEL-QUERY-REGISTRY] Query registry initialized | Source=query-registry.properties | AvailableQueryIds=[insertTestLog, GCinsertGuidelineCalculationTaxInformation, GCinsertMonthlyIncome, caseTeam, GCinsertCaseParticipantGuidelineCalculation, GCinsertMonthlyDeduction, caseLookup, GCinsertMonthlyIncomeResult, GCinsertGuidelineCalculation]
2026-08-18 10:23:51.781 | INFO | [BAMOE-CONNECTION-TESTER] ========================================
2026-08-18 10:23:51.784 | INFO | [BAMOE-CONNECTION-TESTER] Running startup connection tests...
2026-08-18 10:23:51.787 | INFO | [BAMOE-CONNECTION-TESTER] ========================================
2026-08-18 10:23:51.789 | INFO | [BAMOE-CONNECTION-TESTER] [DB2] Testing DB2 connection...
2026-08-18 10:23:54.280 | INFO | [BAMOE-CONNECTION-TESTER] [DB2] Connection opened successfully
2026-08-18 10:23:54.388 | INFO | [BAMOE-CONNECTION-TESTER] [DB2] - DB2 CONNECTION SUCCESS | Ping query returned: 1 | DB2 is reachable and responding
2026-08-18 10:23:54.481 | INFO | [BAMOE-CONNECTION-TESTER] [KAFKA] Testing Kafka connection... | Broker=host.containers.internal:9092
2026-08-18 10:23:54.615 | ERROR | [BAMOE-CONNECTION-TESTER] [KAFKA] - KAFKA BROKER CONNECTION FAILED | Broker=host.containers.internal:9092 | Reason=Failed to create new KafkaAdminClient | Check: broker IP and port in application.properties
2026-08-18 10:23:54.617 | INFO | [BAMOE-CONNECTION-TESTER] ========================================
2026-08-18 10:23:54.619 | INFO | [BAMOE-CONNECTION-TESTER] Connection tests completed.
2026-08-18 10:23:54.621 | INFO | [BAMOE-CONNECTION-TESTER] ========================================
2026-08-18 10:23:54.623 | INFO | [APP READY] Application started - BAMOE Camel route active
2026-08-18 10:23:54.624 | INFO | [APP READY] Listening for BAMOE requests on: POST http://vmdevtestrhelaro01.dcss.gov:8080/bamoe/execute-query
2026-08-18 10:28:32.268 | INFO | [BAMOE-CAMEL-DB2-INSERT] STEP 1 - HTTP POST Request Received | Body={
  "queryId": "GCinsertMonthlyIncome",
  "params": {
    "SALARY_AMT": 3200.00,
    "ERN_INC_FREQ_CD": "M",
    "MIN_WAGE_CD": "N"
  }
}
2026-08-18 10:28:32.412 | INFO | [BAMOE-CAMEL-DB2-INSERT] STEP 1 - Parsed successfully | queryId=GCinsertMonthlyIncome | ParameterCount=3
2026-08-18 10:28:32.986 | ERROR | [BAMOE-CAMEL-DB2] Failed to publish to Kafka | Topic=bamoe-event-publish | Reason=Failed to create Producer for endpoint: kafka://bamoe-event-publish?brokers=host.containers.internal%3A9092&deliveryTimeoutMs=5000&maxBlockMs=3000&requestTimeoutMs=3000&retries=3. Reason: org.apache.kafka.common.KafkaException: Failed to construct kafka producer
2026-08-18 10:28:32.988 | INFO | [BAMOE-CAMEL-DB2-INSERT] STEP 2 - Kafka REQUEST event published | Topic=bamoe-event-publish | queryId=GCinsertMonthlyIncome
2026-08-18 10:28:32.990 | INFO | [BAMOE-CAMEL-DB2-INSERT] STEP 3 - Calling CamelDb2Connector | queryId=GCinsertMonthlyIncome
2026-08-18 10:28:32.993 | INFO | [BAMOE-CAMEL-DB2-CONNECTOR] Opening DB2 connection for INSERT | SQL=INSERT INTO CSE1DV01.ARAGHUNA.GUIDELINE_CALCULATION_MONTHLY_INCOME (GDELN_CALC_MO_INC_ID, SALARY_AMT, ERN_INC_FREQ_CD, MIN_WAGE_CD) VALUES (?, ?, ?, ?) | ParameterCount=3
2026-08-18 10:28:33.761 | INFO | [BAMOE-CAMEL-DB2-CONNECTOR] DB2 connection acquired | AutoCommit=true
2026-08-18 10:28:33.764 | INFO | [BAMOE-CAMEL-DB2-CONNECTOR] DB2 connection closed | Operation=INSERT
2026-08-18 10:28:33.768 | ERROR | [BAMOE-CAMEL-DB2-INSERT] ROUTE FAILED | queryId=GCinsertMonthlyIncome | Reason=INSERT parameter count mismatch. SQL expects 4 parameters but request contains 3 parameters. | DurationMs=1498
2026-08-18 10:28:33.775 | ERROR | [BAMOE-CAMEL-DB2] Failed to publish to Kafka | Topic=orch-engine-error-log | Reason=Failed to create Producer for endpoint: kafka://orch-engine-error-log?brokers=host.containers.internal%3A9092&deliveryTimeoutMs=5000&maxBlockMs=3000&requestTimeoutMs=3000&retries=3. Reason: org.apache.kafka.common.KafkaException: Failed to construct kafka producer
2026-08-18 11:03:18.919 | INFO | [APP STARTUP] Bouncy Castle provider inserted
2026-08-18 11:03:22.802 | INFO | [CREDENTIALS-CONFIG] DB2 credentials loaded from file: C:/bamoe-dev/db2-credentials.properties
2026-08-18 11:03:22.818 | INFO | [BAMOE-CAMEL-DB2-CONNECTOR-CONFIG] Registering caseDb2DataSource bean | Server=vmdevtestdboltp02 | Port=60026 | Database=CSE1DV01 | SSL=true | TrustStore=C:/Users/ARagunathan/dcss-truststore.jks
2026-08-18 11:03:23.019 | INFO | [BAMOE-CAMEL-DB2-CONNECTOR-CONFIG] caseDb2DataSource bean registered successfully
2026-08-18 11:03:23.068 | INFO | [BAMOE-CAMEL-DB2-CONNECTOR] CamelDb2Connector initialized | DataSource=caseDb2DataSource
2026-08-18 11:03:23.076 | INFO | [BAMOE-CAMEL-QUERY-REGISTRY] Query loaded | QueryId=insertTestLog
2026-08-18 11:03:23.078 | INFO | [BAMOE-CAMEL-QUERY-REGISTRY] Query loaded | QueryId=GCinsertGuidelineCalculationTaxInformation
2026-08-18 11:03:23.079 | INFO | [BAMOE-CAMEL-QUERY-REGISTRY] Query loaded | QueryId=GCinsertMonthlyIncome
2026-08-18 11:03:23.081 | INFO | [BAMOE-CAMEL-QUERY-REGISTRY] Query loaded | QueryId=GCnextIdsNcp
2026-08-18 11:03:23.082 | INFO | [BAMOE-CAMEL-QUERY-REGISTRY] Query loaded | QueryId=insertMonthlyIncome
2026-08-18 11:03:23.084 | INFO | [BAMOE-CAMEL-QUERY-REGISTRY] Query loaded | QueryId=caseTeam
2026-08-18 11:03:23.086 | INFO | [BAMOE-CAMEL-QUERY-REGISTRY] Query loaded | QueryId=GCinsertCaseParticipantGuidelineCalculation
2026-08-18 11:03:23.087 | INFO | [BAMOE-CAMEL-QUERY-REGISTRY] Query loaded | QueryId=GCinsertMonthlyDeduction
2026-08-18 11:03:23.099 | INFO | [BAMOE-CAMEL-QUERY-REGISTRY] Query loaded | QueryId=GCinsertMonthlyIncomeResult
2026-08-18 11:03:23.101 | INFO | [BAMOE-CAMEL-QUERY-REGISTRY] Query loaded | QueryId=caseLookup
2026-08-18 11:03:23.102 | INFO | [BAMOE-CAMEL-QUERY-REGISTRY] Query loaded | QueryId=GCnextIdsOp
2026-08-18 11:03:23.104 | INFO | [BAMOE-CAMEL-QUERY-REGISTRY] Query loaded | QueryId=GCinsertGuidelineCalculation
2026-08-18 11:03:23.106 | INFO | [BAMOE-CAMEL-QUERY-REGISTRY] Query registry initialized | Source=query-registry.properties | AvailableQueryIds=[insertTestLog, GCinsertGuidelineCalculationTaxInformation, GCinsertMonthlyIncome, GCnextIdsNcp, insertMonthlyIncome, caseTeam, GCinsertCaseParticipantGuidelineCalculation, GCinsertMonthlyDeduction, GCinsertMonthlyIncomeResult, caseLookup, GCnextIdsOp, GCinsertGuidelineCalculation]
2026-08-18 11:03:24.736 | INFO | [BAMOE-CONNECTION-TESTER] ========================================
2026-08-18 11:03:24.738 | INFO | [BAMOE-CONNECTION-TESTER] Running startup connection tests...
2026-08-18 11:03:24.740 | INFO | [BAMOE-CONNECTION-TESTER] ========================================
2026-08-18 11:03:24.742 | INFO | [BAMOE-CONNECTION-TESTER] [DB2] Testing DB2 connection...
2026-08-18 11:03:26.951 | INFO | [BAMOE-CONNECTION-TESTER] [DB2] Connection opened successfully
2026-08-18 11:03:27.056 | INFO | [BAMOE-CONNECTION-TESTER] [DB2] - DB2 CONNECTION SUCCESS | Ping query returned: 1 | DB2 is reachable and responding
2026-08-18 11:03:27.149 | INFO | [BAMOE-CONNECTION-TESTER] [KAFKA] Testing Kafka connection... | Broker=host.containers.internal:9092
2026-08-18 11:03:27.321 | ERROR | [BAMOE-CONNECTION-TESTER] [KAFKA] - KAFKA BROKER CONNECTION FAILED | Broker=host.containers.internal:9092 | Reason=Failed to create new KafkaAdminClient | Check: broker IP and port in application.properties
2026-08-18 11:03:27.322 | INFO | [BAMOE-CONNECTION-TESTER] ========================================
2026-08-18 11:03:27.324 | INFO | [BAMOE-CONNECTION-TESTER] Connection tests completed.
2026-08-18 11:03:27.326 | INFO | [BAMOE-CONNECTION-TESTER] ========================================
2026-08-18 11:03:27.328 | INFO | [APP READY] Application started - BAMOE Camel route active
2026-08-18 11:03:27.329 | INFO | [APP READY] Listening for BAMOE requests on: POST http://vmdevtestrhelaro01.dcss.gov:8080/bamoe/execute-query
2026-08-18 11:26:44.180 | INFO | [BAMOE-CAMEL-DB2-INSERT] STEP 1 - HTTP POST Request Received | Body={
  "queryId": "GCinsertMonthlyIncome",
  "params": {
    "SALARY_AMT": 3200.00,
    "ERN_INC_FREQ_CD": "M",
    "MIN_WAGE_CD": "N"
  }
}
2026-08-18 11:26:44.283 | INFO | [BAMOE-CAMEL-DB2-INSERT] STEP 1 - Parsed successfully | queryId=GCinsertMonthlyIncome | ParameterCount=3
2026-08-18 11:26:44.823 | ERROR | [BAMOE-CAMEL-DB2] Failed to publish to Kafka | Topic=bamoe-event-publish | Reason=Failed to create Producer for endpoint: kafka://bamoe-event-publish?brokers=host.containers.internal%3A9092&deliveryTimeoutMs=5000&maxBlockMs=3000&requestTimeoutMs=3000&retries=3. Reason: org.apache.kafka.common.KafkaException: Failed to construct kafka producer
2026-08-18 11:26:44.825 | INFO | [BAMOE-CAMEL-DB2-INSERT] STEP 2 - Kafka REQUEST event published | Topic=bamoe-event-publish | queryId=GCinsertMonthlyIncome
2026-08-18 11:26:44.827 | INFO | [BAMOE-CAMEL-DB2-INSERT] STEP 3 - Calling CamelDb2Connector | queryId=GCinsertMonthlyIncome
2026-08-18 11:26:44.829 | INFO | [BAMOE-CAMEL-DB2-CONNECTOR] Opening DB2 connection for INSERT | SQL=INSERT INTO CSE1DV01.ARAGHUNA.GUIDELINE_CALCULATION_MONTHLY_INCOME (GDELN_CALC_MO_INC_ID, SALARY_AMT, ERN_INC_FREQ_CD, MIN_WAGE_CD) VALUES (?, ?, ?, ?) | ParameterCount=3
2026-08-18 11:26:45.702 | INFO | [BAMOE-CAMEL-DB2-CONNECTOR] DB2 connection acquired | AutoCommit=true
2026-08-18 11:26:45.705 | INFO | [BAMOE-CAMEL-DB2-CONNECTOR] DB2 connection closed | Operation=INSERT
2026-08-18 11:26:45.709 | ERROR | [BAMOE-CAMEL-DB2-INSERT] ROUTE FAILED | queryId=GCinsertMonthlyIncome | Reason=INSERT parameter count mismatch. SQL expects 4 parameters but request contains 3 parameters. | DurationMs=1526
2026-08-18 11:26:45.717 | ERROR | [BAMOE-CAMEL-DB2] Failed to publish to Kafka | Topic=orch-engine-error-log | Reason=Failed to create Producer for endpoint: kafka://orch-engine-error-log?brokers=host.containers.internal%3A9092&deliveryTimeoutMs=5000&maxBlockMs=3000&requestTimeoutMs=3000&retries=3. Reason: org.apache.kafka.common.KafkaException: Failed to construct kafka producer
2026-08-18 11:42:13.823 | INFO | [BAMOE-CAMEL-DB2-INSERT] STEP 1 - HTTP POST Request Received | Body={
  "queryId": "GCinsertGuidelineCalculation",
  "params": {
    "INC_TAX_YR": "2026",
    "STAT_CD": "ACT",
    "ROW_VERS_ID": 0,
    "RSN_TXT": "Test via sequence",
    "TIME_WITH_NCP_SAME_IND": 0,
    "SHOW_MAX_RSLTS_IND": 0,
    "RESULT_TYPE": "GDL"
  }
}
2026-08-18 11:42:13.827 | INFO | [BAMOE-CAMEL-DB2-INSERT] STEP 1 - Parsed successfully | queryId=GCinsertGuidelineCalculation | ParameterCount=7
2026-08-18 11:42:13.846 | ERROR | [BAMOE-CAMEL-DB2] Failed to publish to Kafka | Topic=bamoe-event-publish | Reason=Failed to create Producer for endpoint: kafka://bamoe-event-publish?brokers=host.containers.internal%3A9092&deliveryTimeoutMs=5000&maxBlockMs=3000&requestTimeoutMs=3000&retries=3. Reason: org.apache.kafka.common.KafkaException: Failed to construct kafka producer
2026-08-18 11:42:13.848 | INFO | [BAMOE-CAMEL-DB2-INSERT] STEP 2 - Kafka REQUEST event published | Topic=bamoe-event-publish | queryId=GCinsertGuidelineCalculation
2026-08-18 11:42:13.849 | INFO | [BAMOE-CAMEL-DB2-INSERT] STEP 3 - Calling CamelDb2Connector | queryId=GCinsertGuidelineCalculation
2026-08-18 11:42:13.851 | INFO | [BAMOE-CAMEL-DB2-CONNECTOR] Opening DB2 connection for INSERT | SQL=INSERT INTO CSE1DV01.ARAGHUNA.GUIDELINE_CALCULATION (GDELN_CALC_ID, INC_TAX_YR, STAT_CD, ROW_VERS_ID, RSN_TXT, TIME_WITH_NCP_SAME_IND, SHOW_MAX_RSLTS_IND, RESULT_TYPE) VALUES (?, ?, ?, ?, ?, ?, ?, ?) | ParameterCount=7
2026-08-18 11:42:14.657 | INFO | [BAMOE-CAMEL-DB2-CONNECTOR] DB2 connection acquired | AutoCommit=true
2026-08-18 11:42:14.659 | INFO | [BAMOE-CAMEL-DB2-CONNECTOR] DB2 connection closed | Operation=INSERT
2026-08-18 11:42:14.661 | ERROR | [BAMOE-CAMEL-DB2-INSERT] ROUTE FAILED | queryId=GCinsertGuidelineCalculation | Reason=INSERT parameter count mismatch. SQL expects 8 parameters but request contains 7 parameters. | DurationMs=838
2026-08-18 11:42:14.674 | ERROR | [BAMOE-CAMEL-DB2] Failed to publish to Kafka | Topic=orch-engine-error-log | Reason=Failed to create Producer for endpoint: kafka://orch-engine-error-log?brokers=host.containers.internal%3A9092&deliveryTimeoutMs=5000&maxBlockMs=3000&requestTimeoutMs=3000&retries=3. Reason: org.apache.kafka.common.KafkaException: Failed to construct kafka producer
2026-08-18 11:47:01.182 | INFO | [APP STARTUP] Bouncy Castle provider inserted
2026-08-18 11:47:05.143 | INFO | [CREDENTIALS-CONFIG] DB2 credentials loaded from file: C:/bamoe-dev/db2-credentials.properties
2026-08-18 11:47:05.159 | INFO | [BAMOE-CAMEL-DB2-CONNECTOR-CONFIG] Registering caseDb2DataSource bean | Server=vmdevtestdboltp02 | Port=60026 | Database=CSE1DV01 | SSL=true | TrustStore=C:/Users/ARagunathan/dcss-truststore.jks
2026-08-18 11:47:05.368 | INFO | [BAMOE-CAMEL-DB2-CONNECTOR-CONFIG] caseDb2DataSource bean registered successfully
2026-08-18 11:47:05.416 | INFO | [BAMOE-CAMEL-DB2-CONNECTOR] CamelDb2Connector initialized | DataSource=caseDb2DataSource
2026-08-18 11:47:05.423 | INFO | [BAMOE-CAMEL-QUERY-REGISTRY] Query loaded | QueryId=insertTestLog
2026-08-18 11:47:05.425 | INFO | [BAMOE-CAMEL-QUERY-REGISTRY] Query loaded | QueryId=GCinsertGuidelineCalculationTaxInformation
2026-08-18 11:47:05.427 | INFO | [BAMOE-CAMEL-QUERY-REGISTRY] Query loaded | QueryId=GCinsertMonthlyIncome
2026-08-18 11:47:05.428 | INFO | [BAMOE-CAMEL-QUERY-REGISTRY] Query loaded | QueryId=GCnextIdsNcp
2026-08-18 11:47:05.429 | INFO | [BAMOE-CAMEL-QUERY-REGISTRY] Query loaded | QueryId=insertMonthlyIncome
2026-08-18 11:47:05.431 | INFO | [BAMOE-CAMEL-QUERY-REGISTRY] Query loaded | QueryId=caseTeam
2026-08-18 11:47:05.432 | INFO | [BAMOE-CAMEL-QUERY-REGISTRY] Query loaded | QueryId=GCinsertCaseParticipantGuidelineCalculation
2026-08-18 11:47:05.433 | INFO | [BAMOE-CAMEL-QUERY-REGISTRY] Query loaded | QueryId=GCinsertMonthlyDeduction
2026-08-18 11:47:05.435 | INFO | [BAMOE-CAMEL-QUERY-REGISTRY] Query loaded | QueryId=GCinsertMonthlyIncomeResult
2026-08-18 11:47:05.438 | INFO | [BAMOE-CAMEL-QUERY-REGISTRY] Query loaded | QueryId=caseLookup
2026-08-18 11:47:05.440 | INFO | [BAMOE-CAMEL-QUERY-REGISTRY] Query loaded | QueryId=GCnextIdsOp
2026-08-18 11:47:05.441 | INFO | [BAMOE-CAMEL-QUERY-REGISTRY] Query loaded | QueryId=GCinsertGuidelineCalculation
2026-08-18 11:47:05.443 | INFO | [BAMOE-CAMEL-QUERY-REGISTRY] Query registry initialized | Source=query-registry.properties | AvailableQueryIds=[insertTestLog, GCinsertGuidelineCalculationTaxInformation, GCinsertMonthlyIncome, GCnextIdsNcp, insertMonthlyIncome, caseTeam, GCinsertCaseParticipantGuidelineCalculation, GCinsertMonthlyDeduction, GCinsertMonthlyIncomeResult, caseLookup, GCnextIdsOp, GCinsertGuidelineCalculation]
2026-08-18 11:47:07.013 | INFO | [BAMOE-CONNECTION-TESTER] ========================================
2026-08-18 11:47:07.015 | INFO | [BAMOE-CONNECTION-TESTER] Running startup connection tests...
2026-08-18 11:47:07.017 | INFO | [BAMOE-CONNECTION-TESTER] ========================================
2026-08-18 11:47:07.019 | INFO | [BAMOE-CONNECTION-TESTER] [DB2] Testing DB2 connection...
2026-08-18 11:47:09.075 | INFO | [BAMOE-CONNECTION-TESTER] [DB2] Connection opened successfully
2026-08-18 11:47:09.183 | INFO | [BAMOE-CONNECTION-TESTER] [DB2] - DB2 CONNECTION SUCCESS | Ping query returned: 1 | DB2 is reachable and responding
2026-08-18 11:47:09.277 | INFO | [BAMOE-CONNECTION-TESTER] [KAFKA] Testing Kafka connection... | Broker=host.containers.internal:9092
2026-08-18 11:47:09.363 | ERROR | [BAMOE-CONNECTION-TESTER] [KAFKA] - KAFKA BROKER CONNECTION FAILED | Broker=host.containers.internal:9092 | Reason=Failed to create new KafkaAdminClient | Check: broker IP and port in application.properties
2026-08-18 11:47:09.364 | INFO | [BAMOE-CONNECTION-TESTER] ========================================
2026-08-18 11:47:09.367 | INFO | [BAMOE-CONNECTION-TESTER] Connection tests completed.
2026-08-18 11:47:09.369 | INFO | [BAMOE-CONNECTION-TESTER] ========================================
2026-08-18 11:47:09.370 | INFO | [APP READY] Application started - BAMOE Camel route active
2026-08-18 11:47:09.372 | INFO | [APP READY] Listening for BAMOE requests on: POST http://vmdevtestrhelaro01.dcss.gov:8080/bamoe/execute-query
2026-08-18 11:47:19.343 | INFO | [BAMOE-CAMEL-DB2-INSERT] STEP 1 - HTTP POST Request Received | Body={
  "queryId": "GCinsertGuidelineCalculation",
  "params": {
    "INC_TAX_YR": "2026",
    "STAT_CD": "ACT",
    "ROW_VERS_ID": 0,
    "RSN_TXT": "Test via sequence",
    "TIME_WITH_NCP_SAME_IND": 0,
    "SHOW_MAX_RSLTS_IND": 0,
    "RESULT_TYPE": "GDL"
  }
}
2026-08-18 11:47:19.427 | INFO | [BAMOE-CAMEL-DB2-INSERT] STEP 1 - Parsed successfully | queryId=GCinsertGuidelineCalculation | ParameterCount=7
2026-08-18 11:47:20.080 | ERROR | [BAMOE-CAMEL-DB2] Failed to publish to Kafka | Topic=bamoe-event-publish | Reason=Failed to create Producer for endpoint: kafka://bamoe-event-publish?brokers=host.containers.internal%3A9092&deliveryTimeoutMs=5000&maxBlockMs=3000&requestTimeoutMs=3000&retries=3. Reason: org.apache.kafka.common.KafkaException: Failed to construct kafka producer
2026-08-18 11:47:20.092 | INFO | [BAMOE-CAMEL-DB2-INSERT] STEP 2 - Kafka REQUEST event published | Topic=bamoe-event-publish | queryId=GCinsertGuidelineCalculation
2026-08-18 11:47:20.094 | INFO | [BAMOE-CAMEL-DB2-INSERT] STEP 3 - Calling CamelDb2Connector | queryId=GCinsertGuidelineCalculation
2026-08-18 11:47:20.100 | INFO | [BAMOE-CAMEL-DB2-CONNECTOR] Opening DB2 connection for INSERT | SQL=INSERT INTO CSE1DV01.ARAGHUNA.GUIDELINE_CALCULATION (GDELN_CALC_ID, INC_TAX_YR, STAT_CD, ROW_VERS_ID, RSN_TXT, TIME_WITH_NCP_SAME_IND, SHOW_MAX_RSLTS_IND, RESULT_TYPE) VALUES (?, ?, ?, ?, ?, ?, ?, ?) | ParameterCount=7
2026-08-18 11:47:20.890 | INFO | [BAMOE-CAMEL-DB2-CONNECTOR] DB2 connection acquired | AutoCommit=true
2026-08-18 11:47:20.894 | INFO | [BAMOE-CAMEL-DB2-CONNECTOR] DB2 connection closed | Operation=INSERT
2026-08-18 11:47:20.899 | ERROR | [BAMOE-CAMEL-DB2-INSERT] ROUTE FAILED | queryId=GCinsertGuidelineCalculation | Reason=INSERT parameter count mismatch. SQL expects 8 parameters but request contains 7 parameters. | DurationMs=1554
2026-08-18 11:47:20.908 | ERROR | [BAMOE-CAMEL-DB2] Failed to publish to Kafka | Topic=orch-engine-error-log | Reason=Failed to create Producer for endpoint: kafka://orch-engine-error-log?brokers=host.containers.internal%3A9092&deliveryTimeoutMs=5000&maxBlockMs=3000&requestTimeoutMs=3000&retries=3. Reason: org.apache.kafka.common.KafkaException: Failed to construct kafka producer
2026-08-18 11:48:18.894 | INFO | [APP STARTUP] Bouncy Castle provider inserted
2026-08-18 11:48:23.663 | INFO | [CREDENTIALS-CONFIG] DB2 credentials loaded from file: C:/bamoe-dev/db2-credentials.properties
2026-08-18 11:48:23.680 | INFO | [BAMOE-CAMEL-DB2-CONNECTOR-CONFIG] Registering caseDb2DataSource bean | Server=vmdevtestdboltp02 | Port=60026 | Database=CSE1DV01 | SSL=true | TrustStore=C:/Users/ARagunathan/dcss-truststore.jks
2026-08-18 11:48:23.956 | INFO | [BAMOE-CAMEL-DB2-CONNECTOR-CONFIG] caseDb2DataSource bean registered successfully
2026-08-18 11:48:24.005 | INFO | [BAMOE-CAMEL-DB2-CONNECTOR] CamelDb2Connector initialized | DataSource=caseDb2DataSource
2026-08-18 11:48:24.014 | INFO | [BAMOE-CAMEL-QUERY-REGISTRY] Query loaded | QueryId=insertTestLog
2026-08-18 11:48:24.016 | INFO | [BAMOE-CAMEL-QUERY-REGISTRY] Query loaded | QueryId=GCinsertGuidelineCalculationTaxInformation
2026-08-18 11:48:24.018 | INFO | [BAMOE-CAMEL-QUERY-REGISTRY] Query loaded | QueryId=GCinsertMonthlyIncome
2026-08-18 11:48:24.021 | INFO | [BAMOE-CAMEL-QUERY-REGISTRY] Query loaded | QueryId=caseTeam
2026-08-18 11:48:24.022 | INFO | [BAMOE-CAMEL-QUERY-REGISTRY] Query loaded | QueryId=GCinsertCaseParticipantGuidelineCalculation
2026-08-18 11:48:24.024 | INFO | [BAMOE-CAMEL-QUERY-REGISTRY] Query loaded | QueryId=INSERT
2026-08-18 11:48:24.026 | INFO | [BAMOE-CAMEL-QUERY-REGISTRY] Query loaded | QueryId=GCinsertMonthlyDeduction
2026-08-18 11:48:24.028 | INFO | [BAMOE-CAMEL-QUERY-REGISTRY] Query loaded | QueryId=caseLookup
2026-08-18 11:48:24.029 | INFO | [BAMOE-CAMEL-QUERY-REGISTRY] Query loaded | QueryId=GCinsertMonthlyIncomeResult
2026-08-18 11:48:24.032 | INFO | [BAMOE-CAMEL-QUERY-REGISTRY] Query registry initialized | Source=query-registry.properties | AvailableQueryIds=[insertTestLog, GCinsertGuidelineCalculationTaxInformation, GCinsertMonthlyIncome, caseTeam, GCinsertCaseParticipantGuidelineCalculation, INSERT, GCinsertMonthlyDeduction, caseLookup, GCinsertMonthlyIncomeResult]
2026-08-18 11:48:25.574 | INFO | [BAMOE-CONNECTION-TESTER] ========================================
2026-08-18 11:48:25.577 | INFO | [BAMOE-CONNECTION-TESTER] Running startup connection tests...
2026-08-18 11:48:25.578 | INFO | [BAMOE-CONNECTION-TESTER] ========================================
2026-08-18 11:48:25.581 | INFO | [BAMOE-CONNECTION-TESTER] [DB2] Testing DB2 connection...
2026-08-18 11:48:27.803 | INFO | [BAMOE-CONNECTION-TESTER] [DB2] Connection opened successfully
2026-08-18 11:48:27.909 | INFO | [BAMOE-CONNECTION-TESTER] [DB2] - DB2 CONNECTION SUCCESS | Ping query returned: 1 | DB2 is reachable and responding
2026-08-18 11:48:28.003 | INFO | [BAMOE-CONNECTION-TESTER] [KAFKA] Testing Kafka connection... | Broker=host.containers.internal:9092
2026-08-18 11:48:28.117 | ERROR | [BAMOE-CONNECTION-TESTER] [KAFKA] - KAFKA BROKER CONNECTION FAILED | Broker=host.containers.internal:9092 | Reason=Failed to create new KafkaAdminClient | Check: broker IP and port in application.properties
2026-08-18 11:48:28.119 | INFO | [BAMOE-CONNECTION-TESTER] ========================================
2026-08-18 11:48:28.121 | INFO | [BAMOE-CONNECTION-TESTER] Connection tests completed.
2026-08-18 11:48:28.123 | INFO | [BAMOE-CONNECTION-TESTER] ========================================
2026-08-18 11:48:28.125 | INFO | [APP READY] Application started - BAMOE Camel route active
2026-08-18 11:48:28.127 | INFO | [APP READY] Listening for BAMOE requests on: POST http://vmdevtestrhelaro01.dcss.gov:8080/bamoe/execute-query
2026-08-18 11:48:49.857 | INFO | [BAMOE-CAMEL-DB2-INSERT] STEP 1 - HTTP POST Request Received | Body={
  "queryId": "GCinsertGuidelineCalculation",
  "params": {
    "INC_TAX_YR": "2026",
    "STAT_CD": "ACT",
    "ROW_VERS_ID": 0,
    "RSN_TXT": "Test via sequence",
    "TIME_WITH_NCP_SAME_IND": 0,
    "SHOW_MAX_RSLTS_IND": 0,
    "RESULT_TYPE": "GDL"
  }
}
2026-08-18 11:48:49.940 | ERROR | [BAMOE-CAMEL-DB2-INSERT] Validation error | queryId=GCinsertGuidelineCalculation | Message=Unknown queryId: GCinsertGuidelineCalculation. Available queryIds: [insertTestLog, GCinsertGuidelineCalculationTaxInformation, GCinsertMonthlyIncome, caseTeam, GCinsertCaseParticipantGuidelineCalculation, INSERT, GCinsertMonthlyDeduction, caseLookup, GCinsertMonthlyIncomeResult]
2026-08-18 11:48:50.678 | ERROR | [BAMOE-CAMEL-DB2] Failed to publish to Kafka | Topic=orch-engine-error-log | Reason=Failed to create Producer for endpoint: kafka://orch-engine-error-log?brokers=host.containers.internal%3A9092&deliveryTimeoutMs=5000&maxBlockMs=3000&requestTimeoutMs=3000&retries=3. Reason: org.apache.kafka.common.KafkaException: Failed to construct kafka producer
2026-08-18 11:49:10.666 | INFO | [BAMOE-CAMEL-DB2-INSERT] STEP 1 - HTTP POST Request Received | Body={
  "queryId": "GCinsertGuidelineCalculation",
  "params": {
    "INC_TAX_YR": "2026",
    "STAT_CD": "ACT",
    "ROW_VERS_ID": 0,
    "RSN_TXT": "Test via sequence",
    "TIME_WITH_NCP_SAME_IND": 0,
    "SHOW_MAX_RSLTS_IND": 0,
    "RESULT_TYPE": "GDL"
  }
}
2026-08-18 11:49:10.732 | ERROR | [BAMOE-CAMEL-DB2-INSERT] Validation error | queryId=GCinsertGuidelineCalculation | Message=Unknown queryId: GCinsertGuidelineCalculation. Available queryIds: [insertTestLog, GCinsertGuidelineCalculationTaxInformation, GCinsertMonthlyIncome, caseTeam, GCinsertCaseParticipantGuidelineCalculation, INSERT, GCinsertMonthlyDeduction, caseLookup, GCinsertMonthlyIncomeResult]
2026-08-18 11:49:10.803 | ERROR | [BAMOE-CAMEL-DB2] Failed to publish to Kafka | Topic=orch-engine-error-log | Reason=Failed to create Producer for endpoint: kafka://orch-engine-error-log?brokers=host.containers.internal%3A9092&deliveryTimeoutMs=5000&maxBlockMs=3000&requestTimeoutMs=3000&retries=3. Reason: org.apache.kafka.common.KafkaException: Failed to construct kafka producer
2026-08-18 12:38:14.043 | INFO | [APP STARTUP] Bouncy Castle provider inserted
2026-08-18 12:38:18.450 | INFO | [CREDENTIALS-CONFIG] DB2 credentials loaded from file: C:/bamoe-dev/db2-credentials.properties
2026-08-18 12:38:18.472 | INFO | [BAMOE-CAMEL-DB2-CONNECTOR-CONFIG] Registering caseDb2DataSource bean | Server=vmdevtestdboltp02 | Port=60026 | Database=CSE1DV01 | SSL=true | TrustStore=C:/Users/ARagunathan/dcss-truststore.jks
2026-08-18 12:38:18.738 | INFO | [BAMOE-CAMEL-DB2-CONNECTOR-CONFIG] caseDb2DataSource bean registered successfully
2026-08-18 12:38:18.816 | INFO | [BAMOE-CAMEL-DB2-CONNECTOR] CamelDb2Connector initialized | DataSource=caseDb2DataSource
2026-08-18 12:38:18.826 | INFO | [BAMOE-CAMEL-QUERY-REGISTRY] Query loaded | QueryId=insertTestLog
2026-08-18 12:38:18.828 | INFO | [BAMOE-CAMEL-QUERY-REGISTRY] Query loaded | QueryId=listGuidelineCalcByCase
2026-08-18 12:38:18.833 | INFO | [BAMOE-CAMEL-QUERY-REGISTRY] Query loaded | QueryId=GCnextIdsNcp
2026-08-18 12:38:18.834 | INFO | [BAMOE-CAMEL-QUERY-REGISTRY] Query loaded | QueryId=caseTeam
2026-08-18 12:38:18.836 | INFO | [BAMOE-CAMEL-QUERY-REGISTRY] Query loaded | QueryId=GCinsertMonthlyDeduction
2026-08-18 12:38:18.838 | INFO | [BAMOE-CAMEL-QUERY-REGISTRY] Query loaded | QueryId=GCinsertMonthlyIncomeResult
2026-08-18 12:38:18.840 | INFO | [BAMOE-CAMEL-QUERY-REGISTRY] Query loaded | QueryId=GCinsertGuidelineCalculationTaxInformation
2026-08-18 12:38:18.842 | INFO | [BAMOE-CAMEL-QUERY-REGISTRY] Query loaded | QueryId=GCinsertMonthlyIncome
2026-08-18 12:38:18.843 | INFO | [BAMOE-CAMEL-QUERY-REGISTRY] Query loaded | QueryId=insertMonthlyIncome
2026-08-18 12:38:18.845 | INFO | [BAMOE-CAMEL-QUERY-REGISTRY] Query loaded | QueryId=GCinsertCaseParticipantGuidelineCalculation
2026-08-18 12:38:18.847 | INFO | [BAMOE-CAMEL-QUERY-REGISTRY] Query loaded | QueryId=caseLookup
2026-08-18 12:38:18.848 | INFO | [BAMOE-CAMEL-QUERY-REGISTRY] Query loaded | QueryId=GCnextIdsOp
2026-08-18 12:38:18.850 | INFO | [BAMOE-CAMEL-QUERY-REGISTRY] Query loaded | QueryId=GCinsertGuidelineCalculation
2026-08-18 12:38:18.852 | INFO | [BAMOE-CAMEL-QUERY-REGISTRY] Query loaded | QueryId=retrieveGuidelineCalc
2026-08-18 12:38:18.854 | INFO | [BAMOE-CAMEL-QUERY-REGISTRY] Query registry initialized | Source=query-registry.properties | AvailableQueryIds=[insertTestLog, listGuidelineCalcByCase, GCnextIdsNcp, caseTeam, GCinsertMonthlyDeduction, GCinsertMonthlyIncomeResult, GCinsertGuidelineCalculationTaxInformation, GCinsertMonthlyIncome, insertMonthlyIncome, GCinsertCaseParticipantGuidelineCalculation, caseLookup, GCnextIdsOp, GCinsertGuidelineCalculation, retrieveGuidelineCalc]
2026-08-18 12:38:20.534 | INFO | [BAMOE-CONNECTION-TESTER] ========================================
2026-08-18 12:38:20.541 | INFO | [BAMOE-CONNECTION-TESTER] Running startup connection tests...
2026-08-18 12:38:20.544 | INFO | [BAMOE-CONNECTION-TESTER] ========================================
2026-08-18 12:38:20.548 | INFO | [BAMOE-CONNECTION-TESTER] [DB2] Testing DB2 connection...
2026-08-18 12:38:23.112 | INFO | [BAMOE-CONNECTION-TESTER] [DB2] Connection opened successfully
2026-08-18 12:38:23.219 | INFO | [BAMOE-CONNECTION-TESTER] [DB2] - DB2 CONNECTION SUCCESS | Ping query returned: 1 | DB2 is reachable and responding
2026-08-18 12:38:23.313 | INFO | [BAMOE-CONNECTION-TESTER] [KAFKA] Testing Kafka connection... | Broker=host.containers.internal:9092
2026-08-18 12:38:23.434 | ERROR | [BAMOE-CONNECTION-TESTER] [KAFKA] - KAFKA BROKER CONNECTION FAILED | Broker=host.containers.internal:9092 | Reason=Failed to create new KafkaAdminClient | Check: broker IP and port in application.properties
2026-08-18 12:38:23.436 | INFO | [BAMOE-CONNECTION-TESTER] ========================================
2026-08-18 12:38:23.438 | INFO | [BAMOE-CONNECTION-TESTER] Connection tests completed.
2026-08-18 12:38:23.440 | INFO | [BAMOE-CONNECTION-TESTER] ========================================
2026-08-18 12:38:23.442 | INFO | [APP READY] Application started - BAMOE Camel route active
2026-08-18 12:38:23.444 | INFO | [APP READY] Listening for BAMOE requests on: POST http://vmdevtestrhelaro01.dcss.gov:8080/bamoe/execute-query
2026-08-18 12:39:31.728 | INFO | [BAMOE-CAMEL-DB2-INSERT] STEP 1 - HTTP POST Request Received | Body={
  "queryId": "GCinsertGuidelineCalculation",
  "params": {
    "INC_TAX_YR": "2026",
    "STAT_CD": "ACT",
    "ROW_VERS_ID": 0,
    "RSN_TXT": "Test via sequence",
    "TIME_WITH_NCP_SAME_IND": 0,
    "SHOW_MAX_RSLTS_IND": 0,
    "RESULT_TYPE": "GDL"
  }
}
2026-08-18 12:39:31.836 | INFO | [BAMOE-CAMEL-DB2-INSERT] STEP 1 - Parsed successfully | queryId=GCinsertGuidelineCalculation | ParameterCount=7
2026-08-18 12:39:32.429 | ERROR | [BAMOE-CAMEL-DB2] Failed to publish to Kafka | Topic=bamoe-event-publish | Reason=Failed to create Producer for endpoint: kafka://bamoe-event-publish?brokers=host.containers.internal%3A9092&deliveryTimeoutMs=5000&maxBlockMs=3000&requestTimeoutMs=3000&retries=3. Reason: org.apache.kafka.common.KafkaException: Failed to construct kafka producer
2026-08-18 12:39:32.434 | INFO | [BAMOE-CAMEL-DB2-INSERT] STEP 2 - Kafka REQUEST event published | Topic=bamoe-event-publish | queryId=GCinsertGuidelineCalculation
2026-08-18 12:39:32.437 | INFO | [BAMOE-CAMEL-DB2-INSERT] STEP 3 - Calling CamelDb2Connector | queryId=GCinsertGuidelineCalculation
2026-08-18 12:39:32.441 | INFO | [BAMOE-CAMEL-DB2-CONNECTOR] Opening DB2 connection for INSERT | SQL=INSERT INTO CSE1DV01.ARAGHUNA.GUIDELINE_CALCULATION (GDELN_CALC_ID, INC_TAX_YR, STAT_CD, ROW_VERS_ID, RSN_TXT, TIME_WITH_NCP_SAME_IND, SHOW_MAX_RSLTS_IND, RESULT_TYPE) VALUES (?, ?, ?, ?, ?, ?, ?, ?) | ParameterCount=7
2026-08-18 12:39:33.417 | INFO | [BAMOE-CAMEL-DB2-CONNECTOR] DB2 connection acquired | AutoCommit=true
2026-08-18 12:39:33.420 | INFO | [BAMOE-CAMEL-DB2-CONNECTOR] DB2 connection closed | Operation=INSERT
2026-08-18 12:39:33.425 | ERROR | [BAMOE-CAMEL-DB2-INSERT] ROUTE FAILED | queryId=GCinsertGuidelineCalculation | Reason=INSERT parameter count mismatch. SQL expects 8 parameters but request contains 7 parameters. | DurationMs=1694
2026-08-18 12:39:33.435 | ERROR | [BAMOE-CAMEL-DB2] Failed to publish to Kafka | Topic=orch-engine-error-log | Reason=Failed to create Producer for endpoint: kafka://orch-engine-error-log?brokers=host.containers.internal%3A9092&deliveryTimeoutMs=5000&maxBlockMs=3000&requestTimeoutMs=3000&retries=3. Reason: org.apache.kafka.common.KafkaException: Failed to construct kafka producer
2026-08-18 12:41:03.050 | INFO | [BAMOE-CAMEL-DB2-INSERT] STEP 1 - HTTP POST Request Received | Body={
  "queryId": "GCinsertGuidelineCalculation",
  "params": {
    "GDELN_CALC_ID": <GC value>,
    "INC_TAX_YR": "2026",
    "STAT_CD": "ACT",
    "ROW_VERS_ID": 0,
    "RSN_TXT": "Test via GCnextIds",
    "TIME_WITH_NCP_SAME_IND": 0,
    "SHOW_MAX_RSLTS_IND": 0,
    "RESULT_TYPE": "GDL"
  }
}
2026-08-18 12:41:03.053 | ERROR | [BAMOE-CAMEL-DB2-INSERT] ROUTE FAILED | queryId=UNKNOWN | Reason=Unexpected character ('<' (code 60)): expected a valid value (JSON String, Number, Array, Object or token 'null', 'true' or 'false') | DurationMs=3
2026-08-18 12:41:03.148 | ERROR | [BAMOE-CAMEL-DB2] Failed to publish to Kafka | Topic=orch-engine-error-log | Reason=Failed to create Producer for endpoint: kafka://orch-engine-error-log?brokers=host.containers.internal%3A9092&deliveryTimeoutMs=5000&maxBlockMs=3000&requestTimeoutMs=3000&retries=3. Reason: org.apache.kafka.common.KafkaException: Failed to construct kafka producer
2026-08-18 12:41:20.719 | INFO | [BAMOE-CAMEL-DB2-INSERT] STEP 1 - HTTP POST Request Received | Body={
  "queryId": "GCinsertMonthlyIncome",
  "params": {
    "GDELN_CALC_MO_INC_ID": <INC value>,
    "SALARY_AMT": 3200.00,
    "ERN_INC_FREQ_CD": "M",
    "MIN_WAGE_CD": "N"
  }
}
2026-08-18 12:41:20.721 | ERROR | [BAMOE-CAMEL-DB2-INSERT] ROUTE FAILED | queryId=UNKNOWN | Reason=Unexpected character ('<' (code 60)): expected a valid value (JSON String, Number, Array, Object or token 'null', 'true' or 'false') | DurationMs=2
2026-08-18 12:41:20.767 | ERROR | [BAMOE-CAMEL-DB2] Failed to publish to Kafka | Topic=orch-engine-error-log | Reason=Failed to create Producer for endpoint: kafka://orch-engine-error-log?brokers=host.containers.internal%3A9092&deliveryTimeoutMs=5000&maxBlockMs=3000&requestTimeoutMs=3000&retries=3. Reason: org.apache.kafka.common.KafkaException: Failed to construct kafka producer
2026-08-18 12:41:52.635 | INFO | [BAMOE-CAMEL-DB2] STEP 1 - HTTP POST Request Received from BAMOE | Body={
  "queryId": "GCinsertMonthlyIncome",
  "params": {
    "GDELN_CALC_MO_INC_ID": <INC value>,
    "SALARY_AMT": 3200.00,
    "ERN_INC_FREQ_CD": "M",
    "MIN_WAGE_CD": "N"
  }
}
2026-08-18 12:41:52.644 | ERROR | [BAMOE-CAMEL-DB2] ROUTE FAILED | queryId=UNKNOWN | caseId=UNKNOWN | Reason=Unexpected character ('<' (code 60)): expected a valid value (JSON String, Number, Array, Object or token 'null', 'true' or 'false') | DurationMs=8
2026-08-18 12:41:52.703 | ERROR | [BAMOE-CAMEL-DB2] Failed to publish to Kafka | Topic=orch-engine-error-log | Reason=Failed to create Producer for endpoint: kafka://orch-engine-error-log?brokers=host.containers.internal%3A9092&deliveryTimeoutMs=5000&maxBlockMs=3000&requestTimeoutMs=3000&retries=3. Reason: org.apache.kafka.common.KafkaException: Failed to construct kafka producer
2026-08-18 12:42:32.731 | INFO | [BAMOE-CAMEL-DB2] STEP 1 - HTTP POST Request Received from BAMOE | Body={
  "queryId": "GCnextIdsNcp",
  "params": {
    "caseId": 1
  }
}
2026-08-18 12:42:32.780 | INFO | [BAMOE-CAMEL-DB2] STEP 1 - Parsed successfully | queryId=GCnextIdsNcp | caseId=1
2026-08-18 12:42:32.892 | ERROR | [BAMOE-CAMEL-DB2] Failed to publish to Kafka | Topic=bamoe-event-publish | Reason=Failed to create Producer for endpoint: kafka://bamoe-event-publish?brokers=host.containers.internal%3A9092&deliveryTimeoutMs=5000&maxBlockMs=3000&requestTimeoutMs=3000&retries=3. Reason: org.apache.kafka.common.KafkaException: Failed to construct kafka producer
2026-08-18 12:42:32.894 | INFO | [BAMOE-CAMEL-DB2] STEP 3 - Calling CamelDb2Connector | queryId=GCnextIdsNcp | caseId=1
2026-08-18 12:42:32.896 | INFO | [BAMOE-CAMEL-DB2-CONNECTOR] Opening DB2 connection | caseId=1 | Query=SELECT NEXT VALUE FOR CSE1DV01.ARAGHUNA.GUIDELINE_CALCULATION_SEQ AS GC, NEXT VALUE FOR CSE1DV01.ARAGHUNA.GUIDELINE_CALCULATION_MONTHLY_INCOME_SEQ AS INC, NEXT VALUE FOR CSE1DV01.ARAGHUNA.GUIDELINE_CALCULATION_MONTHLY_DEDUCTION_SEQ AS DED, NEXT VALUE FOR CSE1DV01.ARAGHUNA.GUIDELINE_CALCULATION_TAX_INFORMATION_SEQ AS TAX, NEXT VALUE FOR CSE1DV01.ARAGHUNA.GUIDELINE_CALCULATION_MONTHLY_INCOME_RESULT_SEQ AS RES FROM SYSIBM.SYSDUMMY1 WHERE ? IS NOT NULL
2026-08-18 12:42:33.644 | INFO | [BAMOE-CAMEL-DB2-CONNECTOR] DB2 connection acquired | caseId=1 | AutoCommit=true
2026-08-18 12:42:33.647 | INFO | [BAMOE-CAMEL-DB2-CONNECTOR] Executing DB2 query | caseId=1 | SQL=SELECT NEXT VALUE FOR CSE1DV01.ARAGHUNA.GUIDELINE_CALCULATION_SEQ AS GC, NEXT VALUE FOR CSE1DV01.ARAGHUNA.GUIDELINE_CALCULATION_MONTHLY_INCOME_SEQ AS INC, NEXT VALUE FOR CSE1DV01.ARAGHUNA.GUIDELINE_CALCULATION_MONTHLY_DEDUCTION_SEQ AS DED, NEXT VALUE FOR CSE1DV01.ARAGHUNA.GUIDELINE_CALCULATION_TAX_INFORMATION_SEQ AS TAX, NEXT VALUE FOR CSE1DV01.ARAGHUNA.GUIDELINE_CALCULATION_MONTHLY_INCOME_RESULT_SEQ AS RES FROM SYSIBM.SYSDUMMY1 WHERE ? IS NOT NULL
2026-08-18 12:42:33.741 | INFO | [BAMOE-CAMEL-DB2-CONNECTOR] Row mapped | caseId=1 | Row={GC=2000029078, INC=2000056689, DED=2000056689, TAX=2147507913, RES=2000056689}
2026-08-18 12:42:33.836 | INFO | [BAMOE-CAMEL-DB2-CONNECTOR] DB2 query successful | caseId=1 | RowsReturned=1 | DurationMs=939 | Columns=[GC, INC, DED, TAX, RES]
2026-08-18 12:42:33.838 | INFO | [BAMOE-CAMEL-DB2-CONNECTOR] DB2 connection closed | Operation=1
2026-08-18 12:42:33.843 | INFO | [BAMOE-CAMEL-DB2] STEP 3 - DB2 data received | queryId=GCnextIdsNcp | caseId=1 | RowsReturned=1
2026-08-18 12:42:33.852 | ERROR | [BAMOE-CAMEL-DB2] Failed to publish to Kafka | Topic=bamoe-event-publish | Reason=Failed to create Producer for endpoint: kafka://bamoe-event-publish?brokers=host.containers.internal%3A9092&deliveryTimeoutMs=5000&maxBlockMs=3000&requestTimeoutMs=3000&retries=3. Reason: org.apache.kafka.common.KafkaException: Failed to construct kafka producer
2026-08-18 12:42:33.854 | INFO | [BAMOE-CAMEL-DB2] ROUTE COMPLETE | queryId=GCnextIdsNcp | caseId=1 | DurationMs=1116
2026-08-18 12:43:01.181 | INFO | [BAMOE-CAMEL-DB2-INSERT] STEP 1 - HTTP POST Request Received | Body={
  "queryId": "GCinsertMonthlyIncome",
  "params": {
    "GDELN_CALC_MO_INC_ID": 2000056689,
    "SALARY_AMT": 3200.00,
    "ERN_INC_FREQ_CD": "M",
    "MIN_WAGE_CD": "N"
  }
}
2026-08-18 12:43:01.186 | INFO | [BAMOE-CAMEL-DB2-INSERT] STEP 1 - Parsed successfully | queryId=GCinsertMonthlyIncome | ParameterCount=4
2026-08-18 12:43:01.228 | ERROR | [BAMOE-CAMEL-DB2] Failed to publish to Kafka | Topic=bamoe-event-publish | Reason=Failed to create Producer for endpoint: kafka://bamoe-event-publish?brokers=host.containers.internal%3A9092&deliveryTimeoutMs=5000&maxBlockMs=3000&requestTimeoutMs=3000&retries=3. Reason: org.apache.kafka.common.KafkaException: Failed to construct kafka producer
2026-08-18 12:43:01.230 | INFO | [BAMOE-CAMEL-DB2-INSERT] STEP 2 - Kafka REQUEST event published | Topic=bamoe-event-publish | queryId=GCinsertMonthlyIncome
2026-08-18 12:43:01.231 | INFO | [BAMOE-CAMEL-DB2-INSERT] STEP 3 - Calling CamelDb2Connector | queryId=GCinsertMonthlyIncome
2026-08-18 12:43:01.233 | INFO | [BAMOE-CAMEL-DB2-CONNECTOR] Opening DB2 connection for INSERT | SQL=INSERT INTO CSE1DV01.ARAGHUNA.GUIDELINE_CALCULATION_MONTHLY_INCOME (GDELN_CALC_MO_INC_ID, SALARY_AMT, ERN_INC_FREQ_CD, MIN_WAGE_CD) VALUES (?, ?, ?, ?) | ParameterCount=4
2026-08-18 12:43:01.962 | INFO | [BAMOE-CAMEL-DB2-CONNECTOR] DB2 connection acquired | AutoCommit=true
2026-08-18 12:43:01.970 | INFO | [BAMOE-CAMEL-DB2-CONNECTOR] INSERT parameter bound | Position=1 | Column=GDELN_CALC_MO_INC_ID | JavaType=Integer
2026-08-18 12:43:01.973 | INFO | [BAMOE-CAMEL-DB2-CONNECTOR] INSERT parameter bound | Position=2 | Column=SALARY_AMT | JavaType=Double
2026-08-18 12:43:01.976 | INFO | [BAMOE-CAMEL-DB2-CONNECTOR] INSERT parameter bound | Position=3 | Column=ERN_INC_FREQ_CD | JavaType=String
2026-08-18 12:43:01.978 | INFO | [BAMOE-CAMEL-DB2-CONNECTOR] INSERT parameter bound | Position=4 | Column=MIN_WAGE_CD | JavaType=String
2026-08-18 12:43:01.980 | INFO | [BAMOE-CAMEL-DB2-CONNECTOR] Executing DB2 INSERT | SQL=INSERT INTO CSE1DV01.ARAGHUNA.GUIDELINE_CALCULATION_MONTHLY_INCOME (GDELN_CALC_MO_INC_ID, SALARY_AMT, ERN_INC_FREQ_CD, MIN_WAGE_CD) VALUES (?, ?, ?, ?)
2026-08-18 12:43:02.094 | INFO | [BAMOE-CAMEL-DB2-CONNECTOR] DB2 INSERT successful | RowsInserted=1 | DurationMs=859
2026-08-18 12:43:02.097 | INFO | [BAMOE-CAMEL-DB2-CONNECTOR] DB2 connection closed | Operation=INSERT
2026-08-18 12:43:02.099 | INFO | [BAMOE-CAMEL-DB2-INSERT] STEP 3 - DB2 INSERT complete | queryId=GCinsertMonthlyIncome | RowsInserted=1
2026-08-18 12:43:02.101 | INFO | [BAMOE-CAMEL-DB2-INSERT] STEP 4 - JSON Response built | queryId=GCinsertMonthlyIncome | RowsInserted=1
2026-08-18 12:43:02.111 | ERROR | [BAMOE-CAMEL-DB2] Failed to publish to Kafka | Topic=bamoe-event-publish | Reason=Failed to create Producer for endpoint: kafka://bamoe-event-publish?brokers=host.containers.internal%3A9092&deliveryTimeoutMs=5000&maxBlockMs=3000&requestTimeoutMs=3000&retries=3. Reason: org.apache.kafka.common.KafkaException: Failed to construct kafka producer
2026-08-18 12:43:02.125 | INFO | [BAMOE-CAMEL-DB2-INSERT] STEP 5 - Published SUCCESS event to Kafka | Topic=bamoe-event-publish | queryId=GCinsertMonthlyIncome | RowsInserted=1 | DurationMs=920
2026-08-18 12:43:02.128 | INFO | [BAMOE-CAMEL-DB2-INSERT] ROUTE COMPLETE | queryId=GCinsertMonthlyIncome | DurationMs=920
2026-08-19 09:31:09.937 | INFO | [BAMOE-CAMEL-DB2-INSERT] STEP 1 - HTTP POST Request Received | Body={
  "queryId": "GCinsertMonthlyIncome",
  "params": {
    "GDELN_CALC_MO_INC_ID": 2000056689,
    "SALARY_AMT": 3200.00,
    "ERN_INC_FREQ_CD": "M",
    "MIN_WAGE_CD": "N"
  }
}
2026-08-19 09:31:09.946 | INFO | [BAMOE-CAMEL-DB2-INSERT] STEP 1 - Parsed successfully | queryId=GCinsertMonthlyIncome | ParameterCount=4
2026-08-19 09:31:10.010 | ERROR | [BAMOE-CAMEL-DB2] Failed to publish to Kafka | Topic=bamoe-event-publish | Reason=Failed to create Producer for endpoint: kafka://bamoe-event-publish?brokers=host.containers.internal%3A9092&deliveryTimeoutMs=5000&maxBlockMs=3000&requestTimeoutMs=3000&retries=3. Reason: org.apache.kafka.common.KafkaException: Failed to construct kafka producer
2026-08-19 09:31:10.013 | INFO | [BAMOE-CAMEL-DB2-INSERT] STEP 2 - Kafka REQUEST event published | Topic=bamoe-event-publish | queryId=GCinsertMonthlyIncome
2026-08-19 09:31:10.015 | INFO | [BAMOE-CAMEL-DB2-INSERT] STEP 3 - Calling CamelDb2Connector | queryId=GCinsertMonthlyIncome
2026-08-19 09:31:10.017 | INFO | [BAMOE-CAMEL-DB2-CONNECTOR] Opening DB2 connection for INSERT | SQL=INSERT INTO CSE1DV01.ARAGHUNA.GUIDELINE_CALCULATION_MONTHLY_INCOME (GDELN_CALC_MO_INC_ID, SALARY_AMT, ERN_INC_FREQ_CD, MIN_WAGE_CD) VALUES (?, ?, ?, ?) | ParameterCount=4
2026-08-19 09:31:10.778 | INFO | [BAMOE-CAMEL-DB2-CONNECTOR] DB2 connection acquired | AutoCommit=true
2026-08-19 09:31:10.780 | INFO | [BAMOE-CAMEL-DB2-CONNECTOR] INSERT parameter bound | Position=1 | Column=GDELN_CALC_MO_INC_ID | JavaType=Integer
2026-08-19 09:31:10.781 | INFO | [BAMOE-CAMEL-DB2-CONNECTOR] INSERT parameter bound | Position=2 | Column=SALARY_AMT | JavaType=Double
2026-08-19 09:31:10.783 | INFO | [BAMOE-CAMEL-DB2-CONNECTOR] INSERT parameter bound | Position=3 | Column=ERN_INC_FREQ_CD | JavaType=String
2026-08-19 09:31:10.784 | INFO | [BAMOE-CAMEL-DB2-CONNECTOR] INSERT parameter bound | Position=4 | Column=MIN_WAGE_CD | JavaType=String
2026-08-19 09:31:10.786 | INFO | [BAMOE-CAMEL-DB2-CONNECTOR] Executing DB2 INSERT | SQL=INSERT INTO CSE1DV01.ARAGHUNA.GUIDELINE_CALCULATION_MONTHLY_INCOME (GDELN_CALC_MO_INC_ID, SALARY_AMT, ERN_INC_FREQ_CD, MIN_WAGE_CD) VALUES (?, ?, ?, ?)
2026-08-19 09:31:11.085 | ERROR | [BAMOE-CAMEL-DB2-CONNECTOR] DB2 SQL EXCEPTION | Operation=INSERT | SQLState=23505 | ErrorCode=-803 | DurationMs=868 | Message=One or more values in the INSERT statement, UPDATE statement, or foreign key update caused by a DELETE statement are not valid because the primary key, unique constraint or unique index identified by "1" constrains table "ARAGHUNA.GUIDELINE_CALCULATION_MONTHLY_INCOME" from having duplicate values for the index key.. SQLCODE=-803, SQLSTATE=23505, DRIVER=4.33.31
2026-08-19 09:31:11.089 | INFO | [BAMOE-CAMEL-DB2-CONNECTOR] DB2 connection closed | Operation=INSERT
2026-08-19 09:31:11.090 | ERROR | [BAMOE-CAMEL-DB2-INSERT] ROUTE FAILED | queryId=GCinsertMonthlyIncome | Reason=DB2 INSERT failed | SQLState=23505 | ErrorCode=-803 | Message=One or more values in the INSERT statement, UPDATE statement, or foreign key update caused by a DELETE statement are not valid because the primary key, unique constraint or unique index identified by "1" constrains table "ARAGHUNA.GUIDELINE_CALCULATION_MONTHLY_INCOME" from having duplicate values for the index key.. SQLCODE=-803, SQLSTATE=23505, DRIVER=4.33.31 | DurationMs=1153
2026-08-19 09:31:11.096 | ERROR | [BAMOE-CAMEL-DB2] Failed to publish to Kafka | Topic=orch-engine-error-log | Reason=Failed to create Producer for endpoint: kafka://orch-engine-error-log?brokers=host.containers.internal%3A9092&deliveryTimeoutMs=5000&maxBlockMs=3000&requestTimeoutMs=3000&retries=3. Reason: org.apache.kafka.common.KafkaException: Failed to construct kafka producer
2026-08-20 11:44:35.935 | INFO | [BAMOE-CAMEL-DB2-INSERT] STEP 1 - HTTP POST Request Received | Body={
  "queryId": "GCinsertMonthlyIncome",
  "params": {
    "GDELN_CALC_MO_INC_ID": 2000056689,
    "SALARY_AMT": 3200.00,
    "ERN_INC_FREQ_CD": "M",
    "MIN_WAGE_CD": "N"
  }
}
2026-08-20 11:44:35.945 | INFO | [BAMOE-CAMEL-DB2-INSERT] STEP 1 - Parsed successfully | queryId=GCinsertMonthlyIncome | ParameterCount=4
2026-08-20 11:44:36.010 | ERROR | [BAMOE-CAMEL-DB2] Failed to publish to Kafka | Topic=bamoe-event-publish | Reason=Failed to create Producer for endpoint: kafka://bamoe-event-publish?brokers=host.containers.internal%3A9092&deliveryTimeoutMs=5000&maxBlockMs=3000&requestTimeoutMs=3000&retries=3. Reason: org.apache.kafka.common.KafkaException: Failed to construct kafka producer
2026-08-20 11:44:36.011 | INFO | [BAMOE-CAMEL-DB2-INSERT] STEP 2 - Kafka REQUEST event published | Topic=bamoe-event-publish | queryId=GCinsertMonthlyIncome
2026-08-20 11:44:36.013 | INFO | [BAMOE-CAMEL-DB2-INSERT] STEP 3 - Calling CamelDb2Connector | queryId=GCinsertMonthlyIncome
2026-08-20 11:44:36.015 | INFO | [BAMOE-CAMEL-DB2-CONNECTOR] Opening DB2 connection for INSERT | SQL=INSERT INTO CSE1DV01.ARAGHUNA.GUIDELINE_CALCULATION_MONTHLY_INCOME (GDELN_CALC_MO_INC_ID, SALARY_AMT, ERN_INC_FREQ_CD, MIN_WAGE_CD) VALUES (?, ?, ?, ?) | ParameterCount=4
2026-08-20 11:44:36.743 | INFO | [BAMOE-CAMEL-DB2-CONNECTOR] DB2 connection acquired | AutoCommit=true
2026-08-20 11:44:36.746 | INFO | [BAMOE-CAMEL-DB2-CONNECTOR] INSERT parameter bound | Position=1 | Column=GDELN_CALC_MO_INC_ID | JavaType=Integer
2026-08-20 11:44:36.747 | INFO | [BAMOE-CAMEL-DB2-CONNECTOR] INSERT parameter bound | Position=2 | Column=SALARY_AMT | JavaType=Double
2026-08-20 11:44:36.749 | INFO | [BAMOE-CAMEL-DB2-CONNECTOR] INSERT parameter bound | Position=3 | Column=ERN_INC_FREQ_CD | JavaType=String
2026-08-20 11:44:36.750 | INFO | [BAMOE-CAMEL-DB2-CONNECTOR] INSERT parameter bound | Position=4 | Column=MIN_WAGE_CD | JavaType=String
2026-08-20 11:44:36.752 | INFO | [BAMOE-CAMEL-DB2-CONNECTOR] Executing DB2 INSERT | SQL=INSERT INTO CSE1DV01.ARAGHUNA.GUIDELINE_CALCULATION_MONTHLY_INCOME (GDELN_CALC_MO_INC_ID, SALARY_AMT, ERN_INC_FREQ_CD, MIN_WAGE_CD) VALUES (?, ?, ?, ?)
2026-08-20 11:44:37.025 | ERROR | [BAMOE-CAMEL-DB2-CONNECTOR] DB2 SQL EXCEPTION | Operation=INSERT | SQLState=23505 | ErrorCode=-803 | DurationMs=830 | Message=One or more values in the INSERT statement, UPDATE statement, or foreign key update caused by a DELETE statement are not valid because the primary key, unique constraint or unique index identified by "1" constrains table "ARAGHUNA.GUIDELINE_CALCULATION_MONTHLY_INCOME" from having duplicate values for the index key.. SQLCODE=-803, SQLSTATE=23505, DRIVER=4.33.31
2026-08-20 11:44:37.028 | INFO | [BAMOE-CAMEL-DB2-CONNECTOR] DB2 connection closed | Operation=INSERT
2026-08-20 11:44:37.029 | ERROR | [BAMOE-CAMEL-DB2-INSERT] ROUTE FAILED | queryId=GCinsertMonthlyIncome | Reason=DB2 INSERT failed | SQLState=23505 | ErrorCode=-803 | Message=One or more values in the INSERT statement, UPDATE statement, or foreign key update caused by a DELETE statement are not valid because the primary key, unique constraint or unique index identified by "1" constrains table "ARAGHUNA.GUIDELINE_CALCULATION_MONTHLY_INCOME" from having duplicate values for the index key.. SQLCODE=-803, SQLSTATE=23505, DRIVER=4.33.31 | DurationMs=1094
2026-08-20 11:44:37.035 | ERROR | [BAMOE-CAMEL-DB2] Failed to publish to Kafka | Topic=orch-engine-error-log | Reason=Failed to create Producer for endpoint: kafka://orch-engine-error-log?brokers=host.containers.internal%3A9092&deliveryTimeoutMs=5000&maxBlockMs=3000&requestTimeoutMs=3000&retries=3. Reason: org.apache.kafka.common.KafkaException: Failed to construct kafka producer
2026-08-20 12:16:08.698 | INFO | [BAMOE-CAMEL-DB2-INSERT] STEP 1 - HTTP POST Request Received | Body={
  "queryId": "GCinsertMonthlyDeduction",
  "params": {
    "GDELN_CALC_MO_DEDCT_ID": 2000056690,
    "CHLD_SUPT_PAID_OTH_RELSHP_AMT": 500.00,
    "MORTG_INT_AMT": 1000.00
  }
}
2026-08-20 12:16:08.720 | INFO | [BAMOE-CAMEL-DB2-INSERT] STEP 1 - Parsed successfully | queryId=GCinsertMonthlyDeduction | ParameterCount=3
2026-08-20 12:16:08.770 | ERROR | [BAMOE-CAMEL-DB2] Failed to publish to Kafka | Topic=bamoe-event-publish | Reason=Failed to create Producer for endpoint: kafka://bamoe-event-publish?brokers=host.containers.internal%3A9092&deliveryTimeoutMs=5000&maxBlockMs=3000&requestTimeoutMs=3000&retries=3. Reason: org.apache.kafka.common.KafkaException: Failed to construct kafka producer
2026-08-20 12:16:08.771 | INFO | [BAMOE-CAMEL-DB2-INSERT] STEP 2 - Kafka REQUEST event published | Topic=bamoe-event-publish | queryId=GCinsertMonthlyDeduction
2026-08-20 12:16:08.773 | INFO | [BAMOE-CAMEL-DB2-INSERT] STEP 3 - Calling CamelDb2Connector | queryId=GCinsertMonthlyDeduction
2026-08-20 12:16:08.775 | INFO | [BAMOE-CAMEL-DB2-CONNECTOR] Opening DB2 connection for INSERT | SQL=INSERT INTO CSE1DV01.ARAGHUNA.GUIDELINE_CALCULATION_MONTHLY_DEDUCTION (GDELN_CALC_MO_DEDCT_ID, CHLD_SUPT_PAID_OTH_RELSHP_AMT, MORTG_INT_AMT) VALUES (?, ?, ?) | ParameterCount=3
2026-08-20 12:16:09.484 | INFO | [BAMOE-CAMEL-DB2-CONNECTOR] DB2 connection acquired | AutoCommit=true
2026-08-20 12:16:09.486 | INFO | [BAMOE-CAMEL-DB2-CONNECTOR] INSERT parameter bound | Position=1 | Column=GDELN_CALC_MO_DEDCT_ID | JavaType=Integer
2026-08-20 12:16:09.488 | INFO | [BAMOE-CAMEL-DB2-CONNECTOR] INSERT parameter bound | Position=2 | Column=CHLD_SUPT_PAID_OTH_RELSHP_AMT | JavaType=Double
2026-08-20 12:16:09.489 | INFO | [BAMOE-CAMEL-DB2-CONNECTOR] INSERT parameter bound | Position=3 | Column=MORTG_INT_AMT | JavaType=Double
2026-08-20 12:16:09.490 | INFO | [BAMOE-CAMEL-DB2-CONNECTOR] Executing DB2 INSERT | SQL=INSERT INTO CSE1DV01.ARAGHUNA.GUIDELINE_CALCULATION_MONTHLY_DEDUCTION (GDELN_CALC_MO_DEDCT_ID, CHLD_SUPT_PAID_OTH_RELSHP_AMT, MORTG_INT_AMT) VALUES (?, ?, ?)
2026-08-20 12:16:09.761 | ERROR | [BAMOE-CAMEL-DB2-CONNECTOR] DB2 SQL EXCEPTION | Operation=INSERT | SQLState=23505 | ErrorCode=-803 | DurationMs=812 | Message=One or more values in the INSERT statement, UPDATE statement, or foreign key update caused by a DELETE statement are not valid because the primary key, unique constraint or unique index identified by "1" constrains table "ARAGHUNA.GUIDELINE_CALCULATION_MONTHLY_DEDUCTION" from having duplicate values for the index key.. SQLCODE=-803, SQLSTATE=23505, DRIVER=4.33.31
2026-08-20 12:16:09.764 | INFO | [BAMOE-CAMEL-DB2-CONNECTOR] DB2 connection closed | Operation=INSERT
2026-08-20 12:16:09.765 | ERROR | [BAMOE-CAMEL-DB2-INSERT] ROUTE FAILED | queryId=GCinsertMonthlyDeduction | Reason=DB2 INSERT failed | SQLState=23505 | ErrorCode=-803 | Message=One or more values in the INSERT statement, UPDATE statement, or foreign key update caused by a DELETE statement are not valid because the primary key, unique constraint or unique index identified by "1" constrains table "ARAGHUNA.GUIDELINE_CALCULATION_MONTHLY_DEDUCTION" from having duplicate values for the index key.. SQLCODE=-803, SQLSTATE=23505, DRIVER=4.33.31 | DurationMs=1067
2026-08-20 12:16:09.771 | ERROR | [BAMOE-CAMEL-DB2] Failed to publish to Kafka | Topic=orch-engine-error-log | Reason=Failed to create Producer for endpoint: kafka://orch-engine-error-log?brokers=host.containers.internal%3A9092&deliveryTimeoutMs=5000&maxBlockMs=3000&requestTimeoutMs=3000&retries=3. Reason: org.apache.kafka.common.KafkaException: Failed to construct kafka producer
2026-08-20 14:05:22.873 | INFO | [APP STARTUP] Bouncy Castle provider inserted
2026-08-20 14:05:27.359 | INFO | [CREDENTIALS-CONFIG] DB2 credentials loaded from file: C:/bamoe-dev/db2-credentials.properties
2026-08-20 14:05:27.379 | INFO | [BAMOE-CAMEL-DB2-CONNECTOR-CONFIG] Registering caseDb2DataSource bean | Server=vmdevtestdboltp02 | Port=60026 | Database=CSE1DV01 | SSL=true | TrustStore=C:/Users/ARagunathan/dcss-truststore.jks
2026-08-20 14:05:27.578 | INFO | [BAMOE-CAMEL-DB2-CONNECTOR-CONFIG] caseDb2DataSource bean registered successfully
2026-08-20 14:05:27.631 | INFO | [BAMOE-CAMEL-DB2-CONNECTOR] CamelDb2Connector initialized | DataSource=caseDb2DataSource
2026-08-20 14:05:27.639 | INFO | [BAMOE-CAMEL-QUERY-REGISTRY] Query loaded | QueryId=insertTestLog
2026-08-20 14:05:27.641 | INFO | [BAMOE-CAMEL-QUERY-REGISTRY] Query loaded | QueryId=listGuidelineCalcByCase
2026-08-20 14:05:27.643 | INFO | [BAMOE-CAMEL-QUERY-REGISTRY] Query loaded | QueryId=GCnextIdsNcp
2026-08-20 14:05:27.645 | INFO | [BAMOE-CAMEL-QUERY-REGISTRY] Query loaded | QueryId=GCupdateGuidelineCalculation
2026-08-20 14:05:27.647 | INFO | [BAMOE-CAMEL-QUERY-REGISTRY] Query loaded | QueryId=caseTeam
2026-08-20 14:05:27.648 | INFO | [BAMOE-CAMEL-QUERY-REGISTRY] Query loaded | QueryId=GCinsertMonthlyDeduction
2026-08-20 14:05:27.650 | INFO | [BAMOE-CAMEL-QUERY-REGISTRY] Query loaded | QueryId=GCinsertMonthlyIncomeResult
2026-08-20 14:05:27.651 | INFO | [BAMOE-CAMEL-QUERY-REGISTRY] Query loaded | QueryId=GCinsertGuidelineCalculationTaxInformation
2026-08-20 14:05:27.653 | INFO | [BAMOE-CAMEL-QUERY-REGISTRY] Query loaded | QueryId=GCinsertMonthlyIncome
2026-08-20 14:05:27.655 | INFO | [BAMOE-CAMEL-QUERY-REGISTRY] Query loaded | QueryId=insertMonthlyIncome
2026-08-20 14:05:27.656 | INFO | [BAMOE-CAMEL-QUERY-REGISTRY] Query loaded | QueryId=GCupdateMonthlyDeduction
2026-08-20 14:05:27.659 | INFO | [BAMOE-CAMEL-QUERY-REGISTRY] Query loaded | QueryId=GCinsertCaseParticipantGuidelineCalculation
2026-08-20 14:05:27.662 | INFO | [BAMOE-CAMEL-QUERY-REGISTRY] Query loaded | QueryId=caseLookup
2026-08-20 14:05:27.664 | INFO | [BAMOE-CAMEL-QUERY-REGISTRY] Query loaded | QueryId=GCnextIdsOp
2026-08-20 14:05:27.666 | INFO | [BAMOE-CAMEL-QUERY-REGISTRY] Query loaded | QueryId=GCinsertGuidelineCalculation
2026-08-20 14:05:27.672 | INFO | [BAMOE-CAMEL-QUERY-REGISTRY] Query loaded | QueryId=retrieveGuidelineCalc
2026-08-20 14:05:27.675 | INFO | [BAMOE-CAMEL-QUERY-REGISTRY] Query registry initialized | Source=query-registry.properties | AvailableQueryIds=[insertTestLog, listGuidelineCalcByCase, GCnextIdsNcp, GCupdateGuidelineCalculation, caseTeam, GCinsertMonthlyDeduction, GCinsertMonthlyIncomeResult, GCinsertGuidelineCalculationTaxInformation, GCinsertMonthlyIncome, insertMonthlyIncome, GCupdateMonthlyDeduction, GCinsertCaseParticipantGuidelineCalculation, caseLookup, GCnextIdsOp, GCinsertGuidelineCalculation, retrieveGuidelineCalc]
2026-08-20 14:05:29.128 | INFO | [BAMOE-CONNECTION-TESTER] ========================================
2026-08-20 14:05:29.130 | INFO | [BAMOE-CONNECTION-TESTER] Running startup connection tests...
2026-08-20 14:05:29.133 | INFO | [BAMOE-CONNECTION-TESTER] ========================================
2026-08-20 14:05:29.135 | INFO | [BAMOE-CONNECTION-TESTER] [DB2] Testing DB2 connection...
2026-08-20 14:05:31.183 | INFO | [BAMOE-CONNECTION-TESTER] [DB2] Connection opened successfully
2026-08-20 14:05:31.289 | INFO | [BAMOE-CONNECTION-TESTER] [DB2] - DB2 CONNECTION SUCCESS | Ping query returned: 1 | DB2 is reachable and responding
2026-08-20 14:05:31.380 | INFO | [BAMOE-CONNECTION-TESTER] [KAFKA] Testing Kafka connection... | Broker=host.containers.internal:9092
2026-08-20 14:05:31.457 | ERROR | [BAMOE-CONNECTION-TESTER] [KAFKA] - KAFKA BROKER CONNECTION FAILED | Broker=host.containers.internal:9092 | Reason=Failed to create new KafkaAdminClient | Check: broker IP and port in application.properties
2026-08-20 14:05:31.459 | INFO | [BAMOE-CONNECTION-TESTER] ========================================
2026-08-20 14:05:31.461 | INFO | [BAMOE-CONNECTION-TESTER] Connection tests completed.
2026-08-20 14:05:31.463 | INFO | [BAMOE-CONNECTION-TESTER] ========================================
2026-08-20 14:05:31.465 | INFO | [APP READY] Application started - BAMOE Camel route active
2026-08-20 14:05:31.467 | INFO | [APP READY] Listening for BAMOE requests on: POST http://vmdevtestrhelaro01.dcss.gov:8080/bamoe/execute-query
2026-08-20 14:05:57.908 | INFO | [BAMOE-CAMEL-DB2-INSERT] STEP 1 - HTTP POST Request Received | Body={
  "queryId": "GCupdateMonthlyDeduction",
  "params": {
    "CHLD_SUPT_PAID_OTH_RELSHP_AMT": 600.00,
    "MORTG_INT_AMT": 1100.00,
    "GDELN_CALC_MO_DEDCT_ID": 2000056690
  }
}
2026-08-20 14:05:57.933 | ERROR | [BAMOE-CAMEL-DB2-INSERT] Validation error | queryId=GCupdateMonthlyDeduction | Message=The queryId 'GCupdateMonthlyDeduction' does not reference an INSERT statement. /execute-insert can only execute INSERT SQL.
2026-08-20 14:05:58.673 | ERROR | [BAMOE-CAMEL-DB2] Failed to publish to Kafka | Topic=orch-engine-error-log | Reason=Failed to create Producer for endpoint: kafka://orch-engine-error-log?brokers=host.containers.internal%3A9092&deliveryTimeoutMs=5000&maxBlockMs=3000&requestTimeoutMs=3000&retries=3. Reason: org.apache.kafka.common.KafkaException: Failed to construct kafka producer
2026-08-20 14:15:25.263 | INFO | [APP STARTUP] Bouncy Castle provider inserted
2026-08-20 14:15:29.560 | INFO | [CREDENTIALS-CONFIG] DB2 credentials loaded from file: C:/bamoe-dev/db2-credentials.properties
2026-08-20 14:15:29.577 | INFO | [BAMOE-CAMEL-DB2-CONNECTOR-CONFIG] Registering caseDb2DataSource bean | Server=vmdevtestdboltp02 | Port=60026 | Database=CSE1DV01 | SSL=true | TrustStore=C:/Users/ARagunathan/dcss-truststore.jks
2026-08-20 14:15:29.798 | INFO | [BAMOE-CAMEL-DB2-CONNECTOR-CONFIG] caseDb2DataSource bean registered successfully
2026-08-20 14:15:29.855 | INFO | [BAMOE-CAMEL-DB2-CONNECTOR] CamelDb2Connector initialized | DataSource=caseDb2DataSource
2026-08-20 14:15:29.863 | INFO | [BAMOE-CAMEL-QUERY-REGISTRY] Query loaded | QueryId=insertTestLog
2026-08-20 14:15:29.865 | INFO | [BAMOE-CAMEL-QUERY-REGISTRY] Query loaded | QueryId=listGuidelineCalcByCase
2026-08-20 14:15:29.866 | INFO | [BAMOE-CAMEL-QUERY-REGISTRY] Query loaded | QueryId=GCnextIdsNcp
2026-08-20 14:15:29.868 | INFO | [BAMOE-CAMEL-QUERY-REGISTRY] Query loaded | QueryId=GCupdateGuidelineCalculation
2026-08-20 14:15:29.870 | INFO | [BAMOE-CAMEL-QUERY-REGISTRY] Query loaded | QueryId=caseTeam
2026-08-20 14:15:29.871 | INFO | [BAMOE-CAMEL-QUERY-REGISTRY] Query loaded | QueryId=GCinsertMonthlyDeduction
2026-08-20 14:15:29.873 | INFO | [BAMOE-CAMEL-QUERY-REGISTRY] Query loaded | QueryId=GCinsertMonthlyIncomeResult
2026-08-20 14:15:29.875 | INFO | [BAMOE-CAMEL-QUERY-REGISTRY] Query loaded | QueryId=GCinsertGuidelineCalculationTaxInformation
2026-08-20 14:15:29.876 | INFO | [BAMOE-CAMEL-QUERY-REGISTRY] Query loaded | QueryId=GCinsertMonthlyIncome
2026-08-20 14:15:29.878 | INFO | [BAMOE-CAMEL-QUERY-REGISTRY] Query loaded | QueryId=insertMonthlyIncome
2026-08-20 14:15:29.880 | INFO | [BAMOE-CAMEL-QUERY-REGISTRY] Query loaded | QueryId=GCupdateMonthlyDeduction
2026-08-20 14:15:29.883 | INFO | [BAMOE-CAMEL-QUERY-REGISTRY] Query loaded | QueryId=GCinsertCaseParticipantGuidelineCalculation
2026-08-20 14:15:29.885 | INFO | [BAMOE-CAMEL-QUERY-REGISTRY] Query loaded | QueryId=caseLookup
2026-08-20 14:15:29.886 | INFO | [BAMOE-CAMEL-QUERY-REGISTRY] Query loaded | QueryId=GCnextIdsOp
2026-08-20 14:15:29.888 | INFO | [BAMOE-CAMEL-QUERY-REGISTRY] Query loaded | QueryId=GCinsertGuidelineCalculation
2026-08-20 14:15:29.890 | INFO | [BAMOE-CAMEL-QUERY-REGISTRY] Query loaded | QueryId=retrieveGuidelineCalc
2026-08-20 14:15:29.892 | INFO | [BAMOE-CAMEL-QUERY-REGISTRY] Query registry initialized | Source=query-registry.properties | AvailableQueryIds=[insertTestLog, listGuidelineCalcByCase, GCnextIdsNcp, GCupdateGuidelineCalculation, caseTeam, GCinsertMonthlyDeduction, GCinsertMonthlyIncomeResult, GCinsertGuidelineCalculationTaxInformation, GCinsertMonthlyIncome, insertMonthlyIncome, GCupdateMonthlyDeduction, GCinsertCaseParticipantGuidelineCalculation, caseLookup, GCnextIdsOp, GCinsertGuidelineCalculation, retrieveGuidelineCalc]
2026-08-20 14:15:31.553 | INFO | [BAMOE-CONNECTION-TESTER] ========================================
2026-08-20 14:15:31.555 | INFO | [BAMOE-CONNECTION-TESTER] Running startup connection tests...
2026-08-20 14:15:31.559 | INFO | [BAMOE-CONNECTION-TESTER] ========================================
2026-08-20 14:15:31.560 | INFO | [BAMOE-CONNECTION-TESTER] [DB2] Testing DB2 connection...
2026-08-20 14:15:33.750 | INFO | [BAMOE-CONNECTION-TESTER] [DB2] Connection opened successfully
2026-08-20 14:15:33.856 | INFO | [BAMOE-CONNECTION-TESTER] [DB2] - DB2 CONNECTION SUCCESS | Ping query returned: 1 | DB2 is reachable and responding
2026-08-20 14:15:33.946 | INFO | [BAMOE-CONNECTION-TESTER] [KAFKA] Testing Kafka connection... | Broker=host.containers.internal:9092
2026-08-20 14:15:34.063 | ERROR | [BAMOE-CONNECTION-TESTER] [KAFKA] - KAFKA BROKER CONNECTION FAILED | Broker=host.containers.internal:9092 | Reason=Failed to create new KafkaAdminClient | Check: broker IP and port in application.properties
2026-08-20 14:15:34.065 | INFO | [BAMOE-CONNECTION-TESTER] ========================================
2026-08-20 14:15:34.067 | INFO | [BAMOE-CONNECTION-TESTER] Connection tests completed.
2026-08-20 14:15:34.068 | INFO | [BAMOE-CONNECTION-TESTER] ========================================
2026-08-20 14:15:34.072 | INFO | [APP READY] Application started - BAMOE Camel route active
2026-08-20 14:15:34.073 | INFO | [APP READY] Listening for BAMOE requests on: POST http://vmdevtestrhelaro01.dcss.gov:8080/bamoe/execute-query
2026-08-20 14:16:40.781 | INFO | [BAMOE-CAMEL-DB2-UPDATE] STEP 1 - HTTP POST Request Received | Body={
  "queryId": "GCupdateMonthlyDeduction",
  "params": {
    "CHLD_SUPT_PAID_OTH_RELSHP_AMT": 600.00,
    "MORTG_INT_AMT": 1100.00,
    "GDELN_CALC_MO_DEDCT_ID": 2000056690
  }
}
2026-08-20 14:16:40.906 | INFO | [BAMOE-CAMEL-DB2-UPDATE] STEP 1 - Parsed successfully | queryId=GCupdateMonthlyDeduction | ParameterCount=3
2026-08-20 14:16:41.499 | ERROR | [BAMOE-CAMEL-DB2] Failed to publish to Kafka | Topic=bamoe-event-publish | Reason=Failed to create Producer for endpoint: kafka://bamoe-event-publish?brokers=host.containers.internal%3A9092&deliveryTimeoutMs=5000&maxBlockMs=3000&requestTimeoutMs=3000&retries=3. Reason: org.apache.kafka.common.KafkaException: Failed to construct kafka producer
2026-08-20 14:16:41.516 | INFO | [BAMOE-CAMEL-DB2-UPDATE] STEP 2 - Kafka REQUEST event published | Topic=bamoe-event-publish | queryId=GCupdateMonthlyDeduction
2026-08-20 14:16:41.526 | INFO | [BAMOE-CAMEL-DB2-UPDATE] STEP 3 - Calling CamelDb2Connector | queryId=GCupdateMonthlyDeduction
2026-08-20 14:16:41.555 | INFO | [BAMOE-CAMEL-DB2-CONNECTOR] Opening DB2 connection for UPDATE | SQL=UPDATE CSE1DV01.ARAGHUNA.GUIDELINE_CALCULATION_MONTHLY_DEDUCTION SET CHLD_SUPT_PAID_OTH_RELSHP_AMT = ?, MORTG_INT_AMT = ? WHERE GDELN_CALC_MO_DEDCT_ID = ? | ParameterCount=3
2026-08-20 14:16:42.284 | INFO | [BAMOE-CAMEL-DB2-CONNECTOR] DB2 connection acquired | AutoCommit=true
2026-08-20 14:16:42.294 | INFO | [BAMOE-CAMEL-DB2-CONNECTOR] UPDATE parameter bound | Position=1 | Column=CHLD_SUPT_PAID_OTH_RELSHP_AMT | JavaType=Double
2026-08-20 14:16:42.295 | INFO | [BAMOE-CAMEL-DB2-CONNECTOR] UPDATE parameter bound | Position=2 | Column=MORTG_INT_AMT | JavaType=Double
2026-08-20 14:16:42.297 | INFO | [BAMOE-CAMEL-DB2-CONNECTOR] UPDATE parameter bound | Position=3 | Column=GDELN_CALC_MO_DEDCT_ID | JavaType=Integer
2026-08-20 14:16:42.299 | INFO | [BAMOE-CAMEL-DB2-CONNECTOR] Executing DB2 UPDATE | SQL=UPDATE CSE1DV01.ARAGHUNA.GUIDELINE_CALCULATION_MONTHLY_DEDUCTION SET CHLD_SUPT_PAID_OTH_RELSHP_AMT = ?, MORTG_INT_AMT = ? WHERE GDELN_CALC_MO_DEDCT_ID = ?
2026-08-20 14:16:42.399 | INFO | [BAMOE-CAMEL-DB2-CONNECTOR] DB2 UPDATE successful | RowsUpdated=1 | DurationMs=842
2026-08-20 14:16:42.401 | INFO | [BAMOE-CAMEL-DB2-CONNECTOR] DB2 connection closed | Operation=UPDATE
2026-08-20 14:16:42.403 | INFO | [BAMOE-CAMEL-DB2-UPDATE] STEP 3 - DB2 UPDATE complete | queryId=GCupdateMonthlyDeduction | RowsUpdated=1
2026-08-20 14:16:42.405 | INFO | [BAMOE-CAMEL-DB2-UPDATE] STEP 4 - JSON Response built | queryId=GCupdateMonthlyDeduction | RowsUpdated=1
2026-08-20 14:16:42.419 | ERROR | [BAMOE-CAMEL-DB2] Failed to publish to Kafka | Topic=bamoe-event-publish | Reason=Failed to create Producer for endpoint: kafka://bamoe-event-publish?brokers=host.containers.internal%3A9092&deliveryTimeoutMs=5000&maxBlockMs=3000&requestTimeoutMs=3000&retries=3. Reason: org.apache.kafka.common.KafkaException: Failed to construct kafka producer
2026-08-20 14:16:42.427 | INFO | [BAMOE-CAMEL-DB2-UPDATE] STEP 5 - Published SUCCESS event to Kafka | Topic=bamoe-event-publish | queryId=GCupdateMonthlyDeduction | RowsUpdated=1 | DurationMs=1624
2026-08-20 14:16:42.431 | INFO | [BAMOE-CAMEL-DB2-UPDATE] ROUTE COMPLETE | queryId=GCupdateMonthlyDeduction | DurationMs=1624
2026-08-20 15:02:29.706 | INFO | [BAMOE-CAMEL-DB2-UPDATE] STEP 1 - HTTP POST Request Received | Body={
  "queryId": "GCupdateGuidelineCalculation",
  "params": {
    "STAT_CD": "INA",
    "RSN_TXT": "Updated via execute-update test",
    "GDELN_CALC_ID": 2000029078
  }
}
2026-08-20 15:02:29.726 | INFO | [BAMOE-CAMEL-DB2-UPDATE] STEP 1 - Parsed successfully | queryId=GCupdateGuidelineCalculation | ParameterCount=3
2026-08-20 15:02:29.758 | ERROR | [BAMOE-CAMEL-DB2] Failed to publish to Kafka | Topic=bamoe-event-publish | Reason=Failed to create Producer for endpoint: kafka://bamoe-event-publish?brokers=host.containers.internal%3A9092&deliveryTimeoutMs=5000&maxBlockMs=3000&requestTimeoutMs=3000&retries=3. Reason: org.apache.kafka.common.KafkaException: Failed to construct kafka producer
2026-08-20 15:02:29.759 | INFO | [BAMOE-CAMEL-DB2-UPDATE] STEP 2 - Kafka REQUEST event published | Topic=bamoe-event-publish | queryId=GCupdateGuidelineCalculation
2026-08-20 15:02:29.761 | INFO | [BAMOE-CAMEL-DB2-UPDATE] STEP 3 - Calling CamelDb2Connector | queryId=GCupdateGuidelineCalculation
2026-08-20 15:02:29.763 | INFO | [BAMOE-CAMEL-DB2-CONNECTOR] Opening DB2 connection for UPDATE | SQL=UPDATE CSE1DV01.ARAGHUNA.GUIDELINE_CALCULATION SET STAT_CD = ?, RSN_TXT = ? WHERE GDELN_CALC_ID = ? | ParameterCount=3
2026-08-20 15:02:30.488 | INFO | [BAMOE-CAMEL-DB2-CONNECTOR] DB2 connection acquired | AutoCommit=true
2026-08-20 15:02:30.490 | INFO | [BAMOE-CAMEL-DB2-CONNECTOR] UPDATE parameter bound | Position=1 | Column=STAT_CD | JavaType=String
2026-08-20 15:02:30.492 | INFO | [BAMOE-CAMEL-DB2-CONNECTOR] UPDATE parameter bound | Position=2 | Column=RSN_TXT | JavaType=String
2026-08-20 15:02:30.494 | INFO | [BAMOE-CAMEL-DB2-CONNECTOR] UPDATE parameter bound | Position=3 | Column=GDELN_CALC_ID | JavaType=Integer
2026-08-20 15:02:30.495 | INFO | [BAMOE-CAMEL-DB2-CONNECTOR] Executing DB2 UPDATE | SQL=UPDATE CSE1DV01.ARAGHUNA.GUIDELINE_CALCULATION SET STAT_CD = ?, RSN_TXT = ? WHERE GDELN_CALC_ID = ?
2026-08-20 15:02:30.608 | INFO | [BAMOE-CAMEL-DB2-CONNECTOR] DB2 UPDATE successful | RowsUpdated=0 | DurationMs=845
2026-08-20 15:02:30.611 | INFO | [BAMOE-CAMEL-DB2-CONNECTOR] DB2 connection closed | Operation=UPDATE
2026-08-20 15:02:30.612 | INFO | [BAMOE-CAMEL-DB2-UPDATE] STEP 3 - DB2 UPDATE complete | queryId=GCupdateGuidelineCalculation | RowsUpdated=0
2026-08-20 15:02:30.614 | INFO | [BAMOE-CAMEL-DB2-UPDATE] STEP 4 - JSON Response built | queryId=GCupdateGuidelineCalculation | RowsUpdated=0
2026-08-20 15:02:30.620 | ERROR | [BAMOE-CAMEL-DB2] Failed to publish to Kafka | Topic=bamoe-event-publish | Reason=Failed to create Producer for endpoint: kafka://bamoe-event-publish?brokers=host.containers.internal%3A9092&deliveryTimeoutMs=5000&maxBlockMs=3000&requestTimeoutMs=3000&retries=3. Reason: org.apache.kafka.common.KafkaException: Failed to construct kafka producer
2026-08-20 15:02:30.623 | INFO | [BAMOE-CAMEL-DB2-UPDATE] STEP 5 - Published SUCCESS event to Kafka | Topic=bamoe-event-publish | queryId=GCupdateGuidelineCalculation | RowsUpdated=0 | DurationMs=908
2026-08-20 15:02:30.626 | INFO | [BAMOE-CAMEL-DB2-UPDATE] ROUTE COMPLETE | queryId=GCupdateGuidelineCalculation | DurationMs=908
2026-08-21 11:10:46.510 | INFO | [APP STARTUP] Bouncy Castle provider inserted
2026-08-21 11:10:50.927 | INFO | [BAMOE-CAMEL-DB2-CONNECTOR-CONFIG] caseDb2DataSource bean registered successfully
2026-08-21 11:10:50.984 | INFO | [BAMOE-CAMEL-DB2-CONNECTOR] CamelDb2Connector initialized | DataSource=caseDb2DataSource
2026-08-21 11:10:56.771 | INFO | [BAMOE-CONNECTION-TESTER] [DB2] Connection opened successfully
2026-08-21 11:10:57.024 | ERROR | [BAMOE-CONNECTION-TESTER] [KAFKA] - KAFKA BROKER CONNECTION FAILED | Broker=host.containers.internal:9092 | Reason=Failed to create new KafkaAdminClient | Check: broker IP and port in application.properties
2026-08-21 11:10:57.029 | INFO | [APP READY] Application started - BAMOE Camel route active
2026-08-21 11:10:57.031 | INFO | [APP READY] Listening for BAMOE requests on: POST http://vmdevtestrhelaro01.dcss.gov:8080/bamoe/execute-query
2026-08-21 11:14:37.340 | INFO | [BAMOE-CAMEL-DB2-UPDATE] STEP 1 - Parsed successfully | queryId=GCupdateGuidelineCalculation | ParameterCount=3
2026-08-21 11:14:37.957 | ERROR | [BAMOE-CAMEL-DB2] Failed to publish to Kafka | Topic=bamoe-event-publish | Reason=Failed to create Producer for endpoint: kafka://bamoe-event-publish?brokers=host.containers.internal%3A9092&deliveryTimeoutMs=5000&maxBlockMs=3000&requestTimeoutMs=3000&retries=3. Reason: org.apache.kafka.common.KafkaException: Failed to construct kafka producer
2026-08-21 11:14:38.863 | INFO | [BAMOE-CAMEL-DB2-CONNECTOR] DB2 UPDATE successful | RowsUpdated=0 | DurationMs=890
2026-08-21 11:14:38.879 | ERROR | [BAMOE-CAMEL-DB2] Failed to publish to Kafka | Topic=bamoe-event-publish | Reason=Failed to create Producer for endpoint: kafka://bamoe-event-publish?brokers=host.containers.internal%3A9092&deliveryTimeoutMs=5000&maxBlockMs=3000&requestTimeoutMs=3000&retries=3. Reason: org.apache.kafka.common.KafkaException: Failed to construct kafka producer
2026-08-21 11:14:38.885 | INFO | [BAMOE-CAMEL-DB2-UPDATE] ROUTE COMPLETE | queryId=GCupdateGuidelineCalculation | DurationMs=1619
